{
  "n_simulations": 10,
  "costs_routed": [
    0.4764694307085188,
    0.5114093051130265,
    0.4551097122787526,
    0.44553690212014374,
    0.4986163425399584,
    0.44187149309506474,
    0.5212278178867045,
    0.45763219143010786,
    0.4695980565711345,
    0.4820805610425027
  ],
  "costs_unrouted": [
    2.1509826824527063,
    2.012053005667771,
    1.8373671815931534,
    2.1176218953502874,
    2.0552304329401867,
    2.1585577054995744,
    1.8596021092123038,
    1.8481838212964012,
    1.98288948207644,
    1.8907340082215118
  ],
  "quality_scores": [
    0.8546713542214176,
    0.8147467489556187,
    0.8276490584493787,
    0.8339220245428477,
    0.8415043122883168,
    0.8693209205918416,
    0.819833260354295,
    0.8464204728924414,
    0.8530283931874886,
    0.8068825552738639
  ],
  "reduction_percentages": [
    77.84875561316868,
    74.58271210189629,
    75.23033409772053,
    78.96050739282497,
    75.73915145725805,
    79.52931756379436,
    71.97100308154157,
    75.23881628240294,
    76.31748714106944,
    74.5029941310484
  ],
  "statistics": {
    "cost_routed_mean": 0.47595518127859143,
    "cost_routed_std": 0.02599147467588146,
    "cost_unrouted_mean": 1.9913222324310336,
    "cost_unrouted_std": 0.12068754951028567,
    "quality_mean": 0.8367979100757511,
    "quality_std": 0.01875188641488172,
    "reduction_mean": 75.99210788627252,
    "reduction_std": 2.1554845157993228,
    "t_statistic": 35.03733745417672,
    "p_value": 6.210300511786066e-11
  }
}