[01:31:46] === RouteSmith Experiment Runner ===
[01:31:46] Phase: ablations
[01:31:46] Log: benchmark/logs/run_ablations_20260410_013146.log
[01:31:46] Recovery: experiments resume from last saved query automatically
[01:31:46] 
[01:31:46] Starting ablation experiments...
Loading MMLU dataset...

=== Ablation: Feature Dimensionality ===

--- LinTS 11d features ---

=== lints_11d_seed42 (tag=dim11_ablation, 600 queries) ===
  [   1/600] lints_11d_seed42                    | ✗ | acc=0.0% | cost=$0.0005
  [   2/600] lints_11d_seed42                    | ✗ | acc=0.0% | cost=$0.0007
  [   3/600] lints_11d_seed42                    | ✗ | acc=0.0% | cost=$0.0011
  [   4/600] lints_11d_seed42                    | ✓ | acc=25.0% | cost=$0.0011
  [   5/600] lints_11d_seed42                    | ✓ | acc=40.0% | cost=$0.0011
  [   6/600] lints_11d_seed42                    | ✗ | acc=33.3% | cost=$0.0011
  [   7/600] lints_11d_seed42                    | ✗ | acc=28.6% | cost=$0.0017
  [   8/600] lints_11d_seed42                    | ✗ | acc=25.0% | cost=$0.0017
  [   9/600] lints_11d_seed42                    | ✗ | acc=22.2% | cost=$0.0017
  [  10/600] lints_11d_seed42                    | ✓ | acc=30.0% | cost=$0.0017
  [  11/600] lints_11d_seed42                    | ✗ | acc=27.3% | cost=$0.0018
  [  12/600] lints_11d_seed42                    | ✗ | acc=25.0% | cost=$0.0018
  [  13/600] lints_11d_seed42                    | ✓ | acc=30.8% | cost=$0.0018
  [  14/600] lints_11d_seed42                    | ✗ | acc=28.6% | cost=$0.0020
  [  15/600] lints_11d_seed42                    | ✓ | acc=33.3% | cost=$0.0021
  [  16/600] lints_11d_seed42                    | ✗ | acc=31.2% | cost=$0.0021
  [  17/600] lints_11d_seed42                    | ✗ | acc=29.4% | cost=$0.0021
  [  18/600] lints_11d_seed42                    | ✗ | acc=27.8% | cost=$0.0025
  [  19/600] lints_11d_seed42                    | ✓ | acc=31.6% | cost=$0.0025
  [  20/600] lints_11d_seed42                    | ✓ | acc=35.0% | cost=$0.0025
  [  21/600] lints_11d_seed42                    | ✓ | acc=38.1% | cost=$0.0025
  [  22/600] lints_11d_seed42                    | ✓ | acc=40.9% | cost=$0.0025
  [  23/600] lints_11d_seed42                    | ✗ | acc=39.1% | cost=$0.0026
  [  24/600] lints_11d_seed42                    | ✓ | acc=41.7% | cost=$0.0026
  [  25/600] lints_11d_seed42                    | ✗ | acc=40.0% | cost=$0.0026
  [  26/600] lints_11d_seed42                    | ✓ | acc=42.3% | cost=$0.0026
  [  27/600] lints_11d_seed42                    | ✗ | acc=40.7% | cost=$0.0026
  [  28/600] lints_11d_seed42                    | ✓ | acc=42.9% | cost=$0.0026
  [  29/600] lints_11d_seed42                    | ✓ | acc=44.8% | cost=$0.0026
  [  30/600] lints_11d_seed42                    | ✗ | acc=43.3% | cost=$0.0027
  [  31/600] lints_11d_seed42                    | ✗ | acc=41.9% | cost=$0.0027
  [  32/600] lints_11d_seed42                    | ✗ | acc=40.6% | cost=$0.0027
  [  33/600] lints_11d_seed42                    | ✗ | acc=39.4% | cost=$0.0029
  [  34/600] lints_11d_seed42                    | ✓ | acc=41.2% | cost=$0.0030
  [  35/600] lints_11d_seed42                    | ✗ | acc=40.0% | cost=$0.0030
  [  36/600] lints_11d_seed42                    | ✗ | acc=38.9% | cost=$0.0030
  [  37/600] lints_11d_seed42                    | ✗ | acc=37.8% | cost=$0.0030
  [  38/600] lints_11d_seed42                    | ✓ | acc=39.5% | cost=$0.0030
  [  39/600] lints_11d_seed42                    | ✗ | acc=38.5% | cost=$0.0031
  [  40/600] lints_11d_seed42                    | ✗ | acc=37.5% | cost=$0.0031
  [  41/600] lints_11d_seed42                    | ✗ | acc=36.6% | cost=$0.0035
  [  42/600] lints_11d_seed42                    | ✗ | acc=35.7% | cost=$0.0035
  [  43/600] lints_11d_seed42                    | ✗ | acc=34.9% | cost=$0.0035
  [  44/600] lints_11d_seed42                    | ✗ | acc=34.1% | cost=$0.0036
  [  45/600] lints_11d_seed42                    | ✓ | acc=35.6% | cost=$0.0036
  [  46/600] lints_11d_seed42                    | ✗ | acc=34.8% | cost=$0.0036
  [  47/600] lints_11d_seed42                    | ✗ | acc=34.0% | cost=$0.0036
  [  48/600] lints_11d_seed42                    | ✗ | acc=33.3% | cost=$0.0036
  [  49/600] lints_11d_seed42                    | ✗ | acc=32.7% | cost=$0.0039
  [  50/600] lints_11d_seed42                    | ✗ | acc=32.0% | cost=$0.0039
  [  51/600] lints_11d_seed42                    | ✓ | acc=33.3% | cost=$0.0039
  [  52/600] lints_11d_seed42                    | ✗ | acc=32.7% | cost=$0.0042
  [  53/600] lints_11d_seed42                    | ✓ | acc=34.0% | cost=$0.0042
  [  54/600] lints_11d_seed42                    | ✓ | acc=35.2% | cost=$0.0042
  [  55/600] lints_11d_seed42                    | ✗ | acc=34.5% | cost=$0.0042
  [  56/600] lints_11d_seed42                    | ✗ | acc=33.9% | cost=$0.0043
  [  57/600] lints_11d_seed42                    | ✓ | acc=35.1% | cost=$0.0048
  [  58/600] lints_11d_seed42                    | ✓ | acc=36.2% | cost=$0.0048
  [  59/600] lints_11d_seed42                    | ✗ | acc=35.6% | cost=$0.0051
  [  60/600] lints_11d_seed42                    | ✗ | acc=35.0% | cost=$0.0052
  [  61/600] lints_11d_seed42                    | ✗ | acc=34.4% | cost=$0.0052
  [  62/600] lints_11d_seed42                    | ✗ | acc=33.9% | cost=$0.0052
  [  63/600] lints_11d_seed42                    | ✗ | acc=33.3% | cost=$0.0052
  [  64/600] lints_11d_seed42                    | ✗ | acc=32.8% | cost=$0.0052
  [  65/600] lints_11d_seed42                    | ✗ | acc=32.3% | cost=$0.0052
  [  66/600] lints_11d_seed42                    | ✗ | acc=31.8% | cost=$0.0052
  [  67/600] lints_11d_seed42                    | ✗ | acc=31.3% | cost=$0.0053
  [  68/600] lints_11d_seed42                    | ✗ | acc=30.9% | cost=$0.0053
  [  69/600] lints_11d_seed42                    | ✓ | acc=31.9% | cost=$0.0053
  [  70/600] lints_11d_seed42                    | ✗ | acc=31.4% | cost=$0.0057
  [  71/600] lints_11d_seed42                    | ✗ | acc=31.0% | cost=$0.0058
  [  72/600] lints_11d_seed42                    | ✗ | acc=30.6% | cost=$0.0058
  [  73/600] lints_11d_seed42                    | ✗ | acc=30.1% | cost=$0.0058
  [  74/600] lints_11d_seed42                    | ✗ | acc=29.7% | cost=$0.0058
  [  75/600] lints_11d_seed42                    | ✗ | acc=29.3% | cost=$0.0058
  [  76/600] lints_11d_seed42                    | ✗ | acc=28.9% | cost=$0.0059
  [  77/600] lints_11d_seed42                    | ✗ | acc=28.6% | cost=$0.0059
  [  78/600] lints_11d_seed42                    | ✓ | acc=29.5% | cost=$0.0059
  [  79/600] lints_11d_seed42                    | ✗ | acc=29.1% | cost=$0.0059
  [  80/600] lints_11d_seed42                    | ✓ | acc=30.0% | cost=$0.0059
  [  81/600] lints_11d_seed42                    | ✗ | acc=29.6% | cost=$0.0059
  [  82/600] lints_11d_seed42                    | ✗ | acc=29.3% | cost=$0.0064
  [  83/600] lints_11d_seed42                    | ✗ | acc=28.9% | cost=$0.0064
  [  84/600] lints_11d_seed42                    | ✓ | acc=29.8% | cost=$0.0064
  [  85/600] lints_11d_seed42                    | ✓ | acc=30.6% | cost=$0.0064
  [  86/600] lints_11d_seed42                    | ✓ | acc=31.4% | cost=$0.0067
  [  87/600] lints_11d_seed42                    | ✗ | acc=31.0% | cost=$0.0070
  [  88/600] lints_11d_seed42                    | ✗ | acc=30.7% | cost=$0.0070
  [  89/600] lints_11d_seed42                    | ✗ | acc=30.3% | cost=$0.0073
  [  90/600] lints_11d_seed42                    | ✗ | acc=30.0% | cost=$0.0076
  [  91/600] lints_11d_seed42                    | ✗ | acc=29.7% | cost=$0.0076
  [  92/600] lints_11d_seed42                    | ✓ | acc=30.4% | cost=$0.0076
  [  93/600] lints_11d_seed42                    | ✓ | acc=31.2% | cost=$0.0077
  [  94/600] lints_11d_seed42                    | ✗ | acc=30.9% | cost=$0.0080
  [  95/600] lints_11d_seed42                    | ✗ | acc=30.5% | cost=$0.0080
  [  96/600] lints_11d_seed42                    | ✓ | acc=31.2% | cost=$0.0080
  [  97/600] lints_11d_seed42                    | ✗ | acc=30.9% | cost=$0.0085
  [  98/600] lints_11d_seed42                    | ✗ | acc=30.6% | cost=$0.0088
  [  99/600] lints_11d_seed42                    | ✗ | acc=30.3% | cost=$0.0092
  [ 100/600] lints_11d_seed42                    | ✓ | acc=31.0% | cost=$0.0092
  [ 101/600] lints_11d_seed42                    | ✓ | acc=31.7% | cost=$0.0095
  [ 102/600] lints_11d_seed42                    | ✓ | acc=32.4% | cost=$0.0095
  [ 103/600] lints_11d_seed42                    | ✓ | acc=33.0% | cost=$0.0098
  [ 104/600] lints_11d_seed42                    | ✗ | acc=32.7% | cost=$0.0099
  [ 105/600] lints_11d_seed42                    | ✗ | acc=32.4% | cost=$0.0099
  [ 106/600] lints_11d_seed42                    | ✗ | acc=32.1% | cost=$0.0103
  [ 107/600] lints_11d_seed42                    | ✗ | acc=31.8% | cost=$0.0103
  [ 108/600] lints_11d_seed42                    | ✓ | acc=32.4% | cost=$0.0103
  [ 109/600] lints_11d_seed42                    | ✗ | acc=32.1% | cost=$0.0107
  [ 110/600] lints_11d_seed42                    | ✓ | acc=32.7% | cost=$0.0109
  [ 111/600] lints_11d_seed42                    | ✓ | acc=33.3% | cost=$0.0110
  [ 112/600] lints_11d_seed42                    | ✗ | acc=33.0% | cost=$0.0110
  [ 113/600] lints_11d_seed42                    | ✓ | acc=33.6% | cost=$0.0110
  [ 114/600] lints_11d_seed42                    | ✓ | acc=34.2% | cost=$0.0114
  [ 115/600] lints_11d_seed42                    | ✗ | acc=33.9% | cost=$0.0114
  [ 116/600] lints_11d_seed42                    | ✗ | acc=33.6% | cost=$0.0114
  [ 117/600] lints_11d_seed42                    | ✗ | acc=33.3% | cost=$0.0114
  [ 118/600] lints_11d_seed42                    | ✓ | acc=33.9% | cost=$0.0120
  [ 119/600] lints_11d_seed42                    | ✗ | acc=33.6% | cost=$0.0123
  [ 120/600] lints_11d_seed42                    | ✗ | acc=33.3% | cost=$0.0126
  [ 121/600] lints_11d_seed42                    | ✓ | acc=33.9% | cost=$0.0126
  [ 122/600] lints_11d_seed42                    | ✓ | acc=34.4% | cost=$0.0127
  [ 123/600] lints_11d_seed42                    | ✓ | acc=35.0% | cost=$0.0127
  [ 124/600] lints_11d_seed42                    | ✓ | acc=35.5% | cost=$0.0127
  [ 125/600] lints_11d_seed42                    | ✓ | acc=36.0% | cost=$0.0127
  [ 126/600] lints_11d_seed42                    | ✓ | acc=36.5% | cost=$0.0129
  [ 127/600] lints_11d_seed42                    | ✓ | acc=37.0% | cost=$0.0132
  [ 128/600] lints_11d_seed42                    | ✓ | acc=37.5% | cost=$0.0132
  [ 129/600] lints_11d_seed42                    | ✗ | acc=37.2% | cost=$0.0132
  [ 130/600] lints_11d_seed42                    | ✓ | acc=37.7% | cost=$0.0135
  [ 131/600] lints_11d_seed42                    | ✗ | acc=37.4% | cost=$0.0135
  [ 132/600] lints_11d_seed42                    | ✓ | acc=37.9% | cost=$0.0138
  [ 133/600] lints_11d_seed42                    | ✓ | acc=38.3% | cost=$0.0142
  [ 134/600] lints_11d_seed42                    | ✗ | acc=38.1% | cost=$0.0143
  [ 135/600] lints_11d_seed42                    | ✓ | acc=38.5% | cost=$0.0143
  [ 136/600] lints_11d_seed42                    | ✓ | acc=39.0% | cost=$0.0143
  [ 137/600] lints_11d_seed42                    | ✗ | acc=38.7% | cost=$0.0144
  [ 138/600] lints_11d_seed42                    | ✓ | acc=39.1% | cost=$0.0144
  [ 139/600] lints_11d_seed42                    | ✓ | acc=39.6% | cost=$0.0144
  [ 140/600] lints_11d_seed42                    | ✗ | acc=39.3% | cost=$0.0144
  [ 141/600] lints_11d_seed42                    | ✗ | acc=39.0% | cost=$0.0147
  [ 142/600] lints_11d_seed42                    | ✓ | acc=39.4% | cost=$0.0147
  [ 143/600] lints_11d_seed42                    | ✓ | acc=39.9% | cost=$0.0150
  [ 144/600] lints_11d_seed42                    | ✓ | acc=40.3% | cost=$0.0150
  [ 145/600] lints_11d_seed42                    | ✓ | acc=40.7% | cost=$0.0152
  [ 146/600] lints_11d_seed42                    | ✓ | acc=41.1% | cost=$0.0152
  [ 147/600] lints_11d_seed42                    | ✗ | acc=40.8% | cost=$0.0152
  [ 148/600] lints_11d_seed42                    | ✓ | acc=41.2% | cost=$0.0153
  [ 149/600] lints_11d_seed42                    | ✓ | acc=41.6% | cost=$0.0155
  [ 150/600] lints_11d_seed42                    | ✗ | acc=41.3% | cost=$0.0155
  [ 151/600] lints_11d_seed42                    | ✓ | acc=41.7% | cost=$0.0155
  [ 152/600] lints_11d_seed42                    | ✓ | acc=42.1% | cost=$0.0158
  [ 153/600] lints_11d_seed42                    | ✓ | acc=42.5% | cost=$0.0160
  [ 154/600] lints_11d_seed42                    | ✗ | acc=42.2% | cost=$0.0161
  [ 155/600] lints_11d_seed42                    | ✗ | acc=41.9% | cost=$0.0163
  [ 156/600] lints_11d_seed42                    | ✓ | acc=42.3% | cost=$0.0163
  [ 157/600] lints_11d_seed42                    | ✗ | acc=42.0% | cost=$0.0164
  [ 158/600] lints_11d_seed42                    | ✓ | acc=42.4% | cost=$0.0164
  [ 159/600] lints_11d_seed42                    | ✗ | acc=42.1% | cost=$0.0164
  [ 160/600] lints_11d_seed42                    | ✓ | acc=42.5% | cost=$0.0164
  [ 161/600] lints_11d_seed42                    | ✗ | acc=42.2% | cost=$0.0164
  [ 162/600] lints_11d_seed42                    | ✓ | acc=42.6% | cost=$0.0165
  [ 163/600] lints_11d_seed42                    | ✗ | acc=42.3% | cost=$0.0165
  [ 164/600] lints_11d_seed42                    | ✓ | acc=42.7% | cost=$0.0165
  [ 165/600] lints_11d_seed42                    | ✓ | acc=43.0% | cost=$0.0167
  [ 166/600] lints_11d_seed42                    | ✓ | acc=43.4% | cost=$0.0167
  [ 167/600] lints_11d_seed42                    | ✓ | acc=43.7% | cost=$0.0170
  [ 168/600] lints_11d_seed42                    | ✓ | acc=44.0% | cost=$0.0173
  [ 169/600] lints_11d_seed42                    | ✓ | acc=44.4% | cost=$0.0177
  [ 170/600] lints_11d_seed42                    | ✓ | acc=44.7% | cost=$0.0180
  [ 171/600] lints_11d_seed42                    | ✓ | acc=45.0% | cost=$0.0180
  [ 172/600] lints_11d_seed42                    | ✗ | acc=44.8% | cost=$0.0180
  [ 173/600] lints_11d_seed42                    | ✓ | acc=45.1% | cost=$0.0180
  [ 174/600] lints_11d_seed42                    | ✓ | acc=45.4% | cost=$0.0180
  [ 175/600] lints_11d_seed42                    | ✗ | acc=45.1% | cost=$0.0180
  [ 176/600] lints_11d_seed42                    | ✓ | acc=45.5% | cost=$0.0180
  [ 177/600] lints_11d_seed42                    | ✓ | acc=45.8% | cost=$0.0181
  [ 178/600] lints_11d_seed42                    | ✓ | acc=46.1% | cost=$0.0183
  [ 179/600] lints_11d_seed42                    | ✗ | acc=45.8% | cost=$0.0184
  [ 180/600] lints_11d_seed42                    | ✓ | acc=46.1% | cost=$0.0186
  [ 181/600] lints_11d_seed42                    | ✓ | acc=46.4% | cost=$0.0188
  [ 182/600] lints_11d_seed42                    | ✓ | acc=46.7% | cost=$0.0188
  [ 183/600] lints_11d_seed42                    | ✓ | acc=47.0% | cost=$0.0191
  [ 184/600] lints_11d_seed42                    | ✓ | acc=47.3% | cost=$0.0198
  [ 185/600] lints_11d_seed42                    | ✓ | acc=47.6% | cost=$0.0200
  [ 186/600] lints_11d_seed42                    | ✓ | acc=47.8% | cost=$0.0202
  [ 187/600] lints_11d_seed42                    | ✓ | acc=48.1% | cost=$0.0206
  [ 188/600] lints_11d_seed42                    | ✓ | acc=48.4% | cost=$0.0210
  [ 189/600] lints_11d_seed42                    | ✓ | acc=48.7% | cost=$0.0213
  [ 190/600] lints_11d_seed42                    | ✓ | acc=48.9% | cost=$0.0218
  [ 191/600] lints_11d_seed42                    | ✓ | acc=49.2% | cost=$0.0221
  [ 192/600] lints_11d_seed42                    | ✓ | acc=49.5% | cost=$0.0223
  [ 193/600] lints_11d_seed42                    | ✓ | acc=49.7% | cost=$0.0228
  [ 194/600] lints_11d_seed42                    | ✓ | acc=50.0% | cost=$0.0231
  [ 195/600] lints_11d_seed42                    | ✗ | acc=49.7% | cost=$0.0231
  [ 196/600] lints_11d_seed42                    | ✓ | acc=50.0% | cost=$0.0234
  [ 197/600] lints_11d_seed42                    | ✓ | acc=50.3% | cost=$0.0237
  [ 198/600] lints_11d_seed42                    | ✓ | acc=50.5% | cost=$0.0237
  [ 199/600] lints_11d_seed42                    | ✓ | acc=50.8% | cost=$0.0237
  [ 200/600] lints_11d_seed42                    | ✓ | acc=51.0% | cost=$0.0240
  [ 201/600] lints_11d_seed42                    | ✓ | acc=51.2% | cost=$0.0240
  [ 202/600] lints_11d_seed42                    | ✓ | acc=51.5% | cost=$0.0240
  [ 203/600] lints_11d_seed42                    | ✓ | acc=51.7% | cost=$0.0241
  [ 204/600] lints_11d_seed42                    | ✓ | acc=52.0% | cost=$0.0244
  [ 205/600] lints_11d_seed42                    | ✓ | acc=52.2% | cost=$0.0246
  [ 206/600] lints_11d_seed42                    | ✓ | acc=52.4% | cost=$0.0249
  [ 207/600] lints_11d_seed42                    | ✓ | acc=52.7% | cost=$0.0249
  [ 208/600] lints_11d_seed42                    | ✓ | acc=52.9% | cost=$0.0252
  [ 209/600] lints_11d_seed42                    | ✓ | acc=53.1% | cost=$0.0254
  [ 210/600] lints_11d_seed42                    | ✓ | acc=53.3% | cost=$0.0257
  [ 211/600] lints_11d_seed42                    | ✗ | acc=53.1% | cost=$0.0263
  [ 212/600] lints_11d_seed42                    | ✗ | acc=52.8% | cost=$0.0263
  [ 213/600] lints_11d_seed42                    | ✓ | acc=53.1% | cost=$0.0266
  [ 214/600] lints_11d_seed42                    | ✗ | acc=52.8% | cost=$0.0268
  [ 215/600] lints_11d_seed42                    | ✓ | acc=53.0% | cost=$0.0271
  [ 216/600] lints_11d_seed42                    | ✓ | acc=53.2% | cost=$0.0273
  [ 217/600] lints_11d_seed42                    | ✓ | acc=53.5% | cost=$0.0277
  [ 218/600] lints_11d_seed42                    | ✓ | acc=53.7% | cost=$0.0277
  [ 219/600] lints_11d_seed42                    | ✓ | acc=53.9% | cost=$0.0279
  [ 220/600] lints_11d_seed42                    | ✓ | acc=54.1% | cost=$0.0281
  [ 221/600] lints_11d_seed42                    | ✓ | acc=54.3% | cost=$0.0286
  [ 222/600] lints_11d_seed42                    | ✓ | acc=54.5% | cost=$0.0289
  [ 223/600] lints_11d_seed42                    | ✓ | acc=54.7% | cost=$0.0289
  [ 224/600] lints_11d_seed42                    | ✓ | acc=54.9% | cost=$0.0291
  [ 225/600] lints_11d_seed42                    | ✓ | acc=55.1% | cost=$0.0292
  [ 226/600] lints_11d_seed42                    | ✓ | acc=55.3% | cost=$0.0294
  [ 227/600] lints_11d_seed42                    | ✗ | acc=55.1% | cost=$0.0297
  [ 228/600] lints_11d_seed42                    | ✓ | acc=55.3% | cost=$0.0299
  [ 229/600] lints_11d_seed42                    | ✓ | acc=55.5% | cost=$0.0301
  [ 230/600] lints_11d_seed42                    | ✓ | acc=55.7% | cost=$0.0305
  [ 231/600] lints_11d_seed42                    | ✓ | acc=55.8% | cost=$0.0308
  [ 232/600] lints_11d_seed42                    | ✓ | acc=56.0% | cost=$0.0312
  [ 233/600] lints_11d_seed42                    | ✓ | acc=56.2% | cost=$0.0312
  [ 234/600] lints_11d_seed42                    | ✓ | acc=56.4% | cost=$0.0315
  [ 235/600] lints_11d_seed42                    | ✓ | acc=56.6% | cost=$0.0318
  [ 236/600] lints_11d_seed42                    | ✓ | acc=56.8% | cost=$0.0322
  [ 237/600] lints_11d_seed42                    | ✓ | acc=57.0% | cost=$0.0325
  [ 238/600] lints_11d_seed42                    | ✓ | acc=57.1% | cost=$0.0326
  [ 239/600] lints_11d_seed42                    | ✓ | acc=57.3% | cost=$0.0328
  [ 240/600] lints_11d_seed42                    | ✓ | acc=57.5% | cost=$0.0328
  [ 241/600] lints_11d_seed42                    | ✓ | acc=57.7% | cost=$0.0330
  [ 242/600] lints_11d_seed42                    | ✓ | acc=57.9% | cost=$0.0341
  [ 243/600] lints_11d_seed42                    | ✓ | acc=58.0% | cost=$0.0345
  [ 244/600] lints_11d_seed42                    | ✓ | acc=58.2% | cost=$0.0355
  [ 245/600] lints_11d_seed42                    | ✓ | acc=58.4% | cost=$0.0366
  [ 246/600] lints_11d_seed42                    | ✓ | acc=58.5% | cost=$0.0366
  [ 247/600] lints_11d_seed42                    | ✓ | acc=58.7% | cost=$0.0367
  [ 248/600] lints_11d_seed42                    | ✓ | acc=58.9% | cost=$0.0377
  [ 249/600] lints_11d_seed42                    | ✓ | acc=59.0% | cost=$0.0379
  [ 250/600] lints_11d_seed42                    | ✓ | acc=59.2% | cost=$0.0385
  [ 251/600] lints_11d_seed42                    | ✗ | acc=59.0% | cost=$0.0388
  [ 252/600] lints_11d_seed42                    | ✓ | acc=59.1% | cost=$0.0388
  [ 253/600] lints_11d_seed42                    | ✓ | acc=59.3% | cost=$0.0395
  [ 254/600] lints_11d_seed42                    | ✓ | acc=59.4% | cost=$0.0398
  [ 255/600] lints_11d_seed42                    | ✓ | acc=59.6% | cost=$0.0401
  [ 256/600] lints_11d_seed42                    | ✓ | acc=59.8% | cost=$0.0401
  [ 257/600] lints_11d_seed42                    | ✓ | acc=59.9% | cost=$0.0411
  [ 258/600] lints_11d_seed42                    | ✓ | acc=60.1% | cost=$0.0413
  [ 259/600] lints_11d_seed42                    | ✗ | acc=59.8% | cost=$0.0420
  [ 260/600] lints_11d_seed42                    | ✓ | acc=60.0% | cost=$0.0429
  [ 261/600] lints_11d_seed42                    | ✓ | acc=60.2% | cost=$0.0437
  [ 262/600] lints_11d_seed42                    | ✓ | acc=60.3% | cost=$0.0440
  [ 263/600] lints_11d_seed42                    | ✓ | acc=60.5% | cost=$0.0443
  [ 264/600] lints_11d_seed42                    | ✓ | acc=60.6% | cost=$0.0443
  [ 265/600] lints_11d_seed42                    | ✓ | acc=60.8% | cost=$0.0450
  [ 266/600] lints_11d_seed42                    | ✓ | acc=60.9% | cost=$0.0459
  [ 267/600] lints_11d_seed42                    | ✗ | acc=60.7% | cost=$0.0459
  [ 268/600] lints_11d_seed42                    | ✓ | acc=60.8% | cost=$0.0464
  [ 269/600] lints_11d_seed42                    | ✓ | acc=61.0% | cost=$0.0469
  [ 270/600] lints_11d_seed42                    | ✓ | acc=61.1% | cost=$0.0479
  [ 271/600] lints_11d_seed42                    | ✓ | acc=61.3% | cost=$0.0488
  [ 272/600] lints_11d_seed42                    | ✓ | acc=61.4% | cost=$0.0491
  [ 273/600] lints_11d_seed42                    | ✓ | acc=61.5% | cost=$0.0494
  [ 274/600] lints_11d_seed42                    | ✓ | acc=61.7% | cost=$0.0497
  [ 275/600] lints_11d_seed42                    | ✓ | acc=61.8% | cost=$0.0505
  [ 276/600] lints_11d_seed42                    | ✓ | acc=62.0% | cost=$0.0516
  [ 277/600] lints_11d_seed42                    | ✓ | acc=62.1% | cost=$0.0518
  [ 278/600] lints_11d_seed42                    | ✗ | acc=61.9% | cost=$0.0523
  [ 279/600] lints_11d_seed42                    | ✓ | acc=62.0% | cost=$0.0525
  [ 280/600] lints_11d_seed42                    | ✓ | acc=62.1% | cost=$0.0527
  [ 281/600] lints_11d_seed42                    | ✓ | acc=62.3% | cost=$0.0530
  [ 282/600] lints_11d_seed42                    | ✓ | acc=62.4% | cost=$0.0532
  [ 283/600] lints_11d_seed42                    | ✓ | acc=62.5% | cost=$0.0536
  [ 284/600] lints_11d_seed42                    | ✓ | acc=62.7% | cost=$0.0548
  [ 285/600] lints_11d_seed42                    | ✓ | acc=62.8% | cost=$0.0557
  [ 286/600] lints_11d_seed42                    | ✓ | acc=62.9% | cost=$0.0570
  [ 287/600] lints_11d_seed42                    | ✗ | acc=62.7% | cost=$0.0570
  [ 288/600] lints_11d_seed42                    | ✗ | acc=62.5% | cost=$0.0571
  [ 289/600] lints_11d_seed42                    | ✓ | acc=62.6% | cost=$0.0574
  [ 290/600] lints_11d_seed42                    | ✗ | acc=62.4% | cost=$0.0574
  [ 291/600] lints_11d_seed42                    | ✓ | acc=62.5% | cost=$0.0576
  [ 292/600] lints_11d_seed42                    | ✓ | acc=62.7% | cost=$0.0588
  [ 293/600] lints_11d_seed42                    | ✓ | acc=62.8% | cost=$0.0592
  [ 294/600] lints_11d_seed42                    | ✓ | acc=62.9% | cost=$0.0602
  [ 295/600] lints_11d_seed42                    | ✓ | acc=63.1% | cost=$0.0611
  [ 296/600] lints_11d_seed42                    | ✓ | acc=63.2% | cost=$0.0611
  [ 297/600] lints_11d_seed42                    | ✓ | acc=63.3% | cost=$0.0614
  [ 298/600] lints_11d_seed42                    | ✓ | acc=63.4% | cost=$0.0617
  [ 299/600] lints_11d_seed42                    | ✓ | acc=63.5% | cost=$0.0620
  [ 300/600] lints_11d_seed42                    | ✓ | acc=63.7% | cost=$0.0622
  [ 301/600] lints_11d_seed42                    | ✓ | acc=63.8% | cost=$0.0623
  [ 302/600] lints_11d_seed42                    | ✓ | acc=63.9% | cost=$0.0626
  [ 303/600] lints_11d_seed42                    | ✓ | acc=64.0% | cost=$0.0630
  [ 304/600] lints_11d_seed42                    | ✓ | acc=64.1% | cost=$0.0638
  [ 305/600] lints_11d_seed42                    | ✓ | acc=64.3% | cost=$0.0648
  [ 306/600] lints_11d_seed42                    | ✓ | acc=64.4% | cost=$0.0648
  [ 307/600] lints_11d_seed42                    | ✓ | acc=64.5% | cost=$0.0651
  [ 308/600] lints_11d_seed42                    | ✓ | acc=64.6% | cost=$0.0659
  [ 309/600] lints_11d_seed42                    | ✓ | acc=64.7% | cost=$0.0662
  [ 310/600] lints_11d_seed42                    | ✗ | acc=64.5% | cost=$0.0662
  [ 311/600] lints_11d_seed42                    | ✓ | acc=64.6% | cost=$0.0669
  [ 312/600] lints_11d_seed42                    | ✓ | acc=64.7% | cost=$0.0676
  [ 313/600] lints_11d_seed42                    | ✓ | acc=64.9% | cost=$0.0678
  [ 314/600] lints_11d_seed42                    | ✓ | acc=65.0% | cost=$0.0686
  [ 315/600] lints_11d_seed42                    | ✗ | acc=64.8% | cost=$0.0689
  [ 316/600] lints_11d_seed42                    | ✓ | acc=64.9% | cost=$0.0691
  [ 317/600] lints_11d_seed42                    | ✓ | acc=65.0% | cost=$0.0703
  [ 318/600] lints_11d_seed42                    | ✓ | acc=65.1% | cost=$0.0706
  [ 319/600] lints_11d_seed42                    | ✓ | acc=65.2% | cost=$0.0711
  [ 320/600] lints_11d_seed42                    | ✓ | acc=65.3% | cost=$0.0722
  [ 321/600] lints_11d_seed42                    | ✓ | acc=65.4% | cost=$0.0724
  [ 322/600] lints_11d_seed42                    | ✓ | acc=65.5% | cost=$0.0726
  [ 323/600] lints_11d_seed42                    | ✓ | acc=65.6% | cost=$0.0728
  [ 324/600] lints_11d_seed42                    | ✗ | acc=65.4% | cost=$0.0728
  [ 325/600] lints_11d_seed42                    | ✓ | acc=65.5% | cost=$0.0739
  [ 326/600] lints_11d_seed42                    | ✓ | acc=65.6% | cost=$0.0752
  [ 327/600] lints_11d_seed42                    | ✓ | acc=65.7% | cost=$0.0761
  [ 328/600] lints_11d_seed42                    | ✗ | acc=65.5% | cost=$0.0764
  [ 329/600] lints_11d_seed42                    | ✓ | acc=65.7% | cost=$0.0767
  [ 330/600] lints_11d_seed42                    | ✓ | acc=65.8% | cost=$0.0770
  [ 331/600] lints_11d_seed42                    | ✓ | acc=65.9% | cost=$0.0780
  [ 332/600] lints_11d_seed42                    | ✓ | acc=66.0% | cost=$0.0783
  [ 333/600] lints_11d_seed42                    | ✓ | acc=66.1% | cost=$0.0788
  [ 334/600] lints_11d_seed42                    | ✓ | acc=66.2% | cost=$0.0798
  [ 335/600] lints_11d_seed42                    | ✓ | acc=66.3% | cost=$0.0801
  [ 336/600] lints_11d_seed42                    | ✓ | acc=66.4% | cost=$0.0801
  [ 337/600] lints_11d_seed42                    | ✓ | acc=66.5% | cost=$0.0813
  [ 338/600] lints_11d_seed42                    | ✓ | acc=66.6% | cost=$0.0818
  [ 339/600] lints_11d_seed42                    | ✓ | acc=66.7% | cost=$0.0821
  [ 340/600] lints_11d_seed42                    | ✓ | acc=66.8% | cost=$0.0831
  [ 341/600] lints_11d_seed42                    | ✓ | acc=66.9% | cost=$0.0841
  [ 342/600] lints_11d_seed42                    | ✓ | acc=67.0% | cost=$0.0845
  [ 343/600] lints_11d_seed42                    | ✓ | acc=67.1% | cost=$0.0848
  [ 344/600] lints_11d_seed42                    | ✓ | acc=67.2% | cost=$0.0854
  [ 345/600] lints_11d_seed42                    | ✓ | acc=67.2% | cost=$0.0862
  [ 346/600] lints_11d_seed42                    | ✓ | acc=67.3% | cost=$0.0869
  [ 347/600] lints_11d_seed42                    | ✓ | acc=67.4% | cost=$0.0871
  [ 348/600] lints_11d_seed42                    | ✓ | acc=67.5% | cost=$0.0875
  [ 349/600] lints_11d_seed42                    | ✓ | acc=67.6% | cost=$0.0877
  [ 350/600] lints_11d_seed42                    | ✓ | acc=67.7% | cost=$0.0881
  [ 351/600] lints_11d_seed42                    | ✗ | acc=67.5% | cost=$0.0888
  [ 352/600] lints_11d_seed42                    | ✗ | acc=67.3% | cost=$0.0888
  [ 353/600] lints_11d_seed42                    | ✓ | acc=67.4% | cost=$0.0890
  [ 354/600] lints_11d_seed42                    | ✓ | acc=67.5% | cost=$0.0903
  [ 355/600] lints_11d_seed42                    | ✓ | acc=67.6% | cost=$0.0917
  [ 356/600] lints_11d_seed42                    | ✓ | acc=67.7% | cost=$0.0928
  [ 357/600] lints_11d_seed42                    | ✓ | acc=67.8% | cost=$0.0928
  [ 358/600] lints_11d_seed42                    | ✓ | acc=67.9% | cost=$0.0931
  [ 359/600] lints_11d_seed42                    | ✓ | acc=68.0% | cost=$0.0934
  [ 360/600] lints_11d_seed42                    | ✓ | acc=68.1% | cost=$0.0936
  [ 361/600] lints_11d_seed42                    | ✓ | acc=68.1% | cost=$0.0939
  [ 362/600] lints_11d_seed42                    | ✓ | acc=68.2% | cost=$0.0939
  [ 363/600] lints_11d_seed42                    | ✓ | acc=68.3% | cost=$0.0942
  [ 364/600] lints_11d_seed42                    | ✓ | acc=68.4% | cost=$0.0946
  [ 365/600] lints_11d_seed42                    | ✓ | acc=68.5% | cost=$0.0949
  [ 366/600] lints_11d_seed42                    | ✓ | acc=68.6% | cost=$0.0952
  [ 367/600] lints_11d_seed42                    | ✓ | acc=68.7% | cost=$0.0955
  [ 368/600] lints_11d_seed42                    | ✓ | acc=68.8% | cost=$0.0955
  [ 369/600] lints_11d_seed42                    | ✓ | acc=68.8% | cost=$0.0958
  [ 370/600] lints_11d_seed42                    | ✗ | acc=68.6% | cost=$0.0961
  [ 371/600] lints_11d_seed42                    | ✓ | acc=68.7% | cost=$0.0961
  [ 372/600] lints_11d_seed42                    | ✓ | acc=68.8% | cost=$0.0965
  [ 373/600] lints_11d_seed42                    | ✓ | acc=68.9% | cost=$0.0967
  [ 374/600] lints_11d_seed42                    | ✓ | acc=69.0% | cost=$0.0969
  [ 375/600] lints_11d_seed42                    | ✓ | acc=69.1% | cost=$0.0972
  [ 376/600] lints_11d_seed42                    | ✓ | acc=69.1% | cost=$0.0975
  [ 377/600] lints_11d_seed42                    | ✓ | acc=69.2% | cost=$0.0979
  [ 378/600] lints_11d_seed42                    | ✓ | acc=69.3% | cost=$0.0983
  [ 379/600] lints_11d_seed42                    | ✗ | acc=69.1% | cost=$0.0986
  [ 380/600] lints_11d_seed42                    | ✓ | acc=69.2% | cost=$0.0989
  [ 381/600] lints_11d_seed42                    | ✓ | acc=69.3% | cost=$0.0991
  [ 382/600] lints_11d_seed42                    | ✓ | acc=69.4% | cost=$0.0995
  [ 383/600] lints_11d_seed42                    | ✓ | acc=69.5% | cost=$0.0999
  [ 384/600] lints_11d_seed42                    | ✓ | acc=69.5% | cost=$0.1001
  [ 385/600] lints_11d_seed42                    | ✗ | acc=69.4% | cost=$0.1005
  [ 386/600] lints_11d_seed42                    | ✓ | acc=69.4% | cost=$0.1007
  [ 387/600] lints_11d_seed42                    | ✓ | acc=69.5% | cost=$0.1012
  [ 388/600] lints_11d_seed42                    | ✓ | acc=69.6% | cost=$0.1019
  [ 389/600] lints_11d_seed42                    | ✗ | acc=69.4% | cost=$0.1022
  [ 390/600] lints_11d_seed42                    | ✓ | acc=69.5% | cost=$0.1025
  [ 391/600] lints_11d_seed42                    | ✓ | acc=69.6% | cost=$0.1028
  [ 392/600] lints_11d_seed42                    | ✓ | acc=69.6% | cost=$0.1028
  [ 393/600] lints_11d_seed42                    | ✓ | acc=69.7% | cost=$0.1030
  [ 394/600] lints_11d_seed42                    | ✓ | acc=69.8% | cost=$0.1033
  [ 395/600] lints_11d_seed42                    | ✓ | acc=69.9% | cost=$0.1036
  [ 396/600] lints_11d_seed42                    | ✓ | acc=69.9% | cost=$0.1036
  [ 397/600] lints_11d_seed42                    | ✓ | acc=70.0% | cost=$0.1039
  [ 398/600] lints_11d_seed42                    | ✓ | acc=70.1% | cost=$0.1041
  [ 399/600] lints_11d_seed42                    | ✓ | acc=70.2% | cost=$0.1041
  [ 400/600] lints_11d_seed42                    | ✓ | acc=70.2% | cost=$0.1045
  [ 401/600] lints_11d_seed42                    | ✓ | acc=70.3% | cost=$0.1048
  [ 402/600] lints_11d_seed42                    | ✓ | acc=70.4% | cost=$0.1048
  [ 403/600] lints_11d_seed42                    | ✓ | acc=70.5% | cost=$0.1051
  [ 404/600] lints_11d_seed42                    | ✓ | acc=70.5% | cost=$0.1054
  [ 405/600] lints_11d_seed42                    | ✓ | acc=70.6% | cost=$0.1057
  [ 406/600] lints_11d_seed42                    | ✓ | acc=70.7% | cost=$0.1057
  [ 407/600] lints_11d_seed42                    | ✓ | acc=70.8% | cost=$0.1061
  [ 408/600] lints_11d_seed42                    | ✓ | acc=70.8% | cost=$0.1064
  [ 409/600] lints_11d_seed42                    | ✓ | acc=70.9% | cost=$0.1066
  [ 410/600] lints_11d_seed42                    | ✓ | acc=71.0% | cost=$0.1070
  [ 411/600] lints_11d_seed42                    | ✓ | acc=71.0% | cost=$0.1072
  [ 412/600] lints_11d_seed42                    | ✓ | acc=71.1% | cost=$0.1075
  [ 413/600] lints_11d_seed42                    | ✓ | acc=71.2% | cost=$0.1080
  [ 414/600] lints_11d_seed42                    | ✗ | acc=71.0% | cost=$0.1082
  [ 415/600] lints_11d_seed42                    | ✓ | acc=71.1% | cost=$0.1085
  [ 416/600] lints_11d_seed42                    | ✓ | acc=71.2% | cost=$0.1085
  [ 417/600] lints_11d_seed42                    | ✓ | acc=71.2% | cost=$0.1087
  [ 418/600] lints_11d_seed42                    | ✓ | acc=71.3% | cost=$0.1090
  [ 419/600] lints_11d_seed42                    | ✓ | acc=71.4% | cost=$0.1092
  [ 420/600] lints_11d_seed42                    | ✓ | acc=71.4% | cost=$0.1095
  [ 421/600] lints_11d_seed42                    | ✓ | acc=71.5% | cost=$0.1097
  [ 422/600] lints_11d_seed42                    | ✓ | acc=71.6% | cost=$0.1099
  [ 423/600] lints_11d_seed42                    | ✓ | acc=71.6% | cost=$0.1102
  [ 424/600] lints_11d_seed42                    | ✓ | acc=71.7% | cost=$0.1105
  [ 425/600] lints_11d_seed42                    | ✓ | acc=71.8% | cost=$0.1107
  [ 426/600] lints_11d_seed42                    | ✓ | acc=71.8% | cost=$0.1110
  [ 427/600] lints_11d_seed42                    | ✓ | acc=71.9% | cost=$0.1113
  [ 428/600] lints_11d_seed42                    | ✓ | acc=72.0% | cost=$0.1116
  [ 429/600] lints_11d_seed42                    | ✓ | acc=72.0% | cost=$0.1116
  [ 430/600] lints_11d_seed42                    | ✓ | acc=72.1% | cost=$0.1119
  [ 431/600] lints_11d_seed42                    | ✓ | acc=72.2% | cost=$0.1122
  [ 432/600] lints_11d_seed42                    | ✓ | acc=72.2% | cost=$0.1125
  [ 433/600] lints_11d_seed42                    | ✓ | acc=72.3% | cost=$0.1126
  [ 434/600] lints_11d_seed42                    | ✓ | acc=72.4% | cost=$0.1128
  [ 435/600] lints_11d_seed42                    | ✓ | acc=72.4% | cost=$0.1131
  [ 436/600] lints_11d_seed42                    | ✗ | acc=72.2% | cost=$0.1133
  [ 437/600] lints_11d_seed42                    | ✓ | acc=72.3% | cost=$0.1135
  [ 438/600] lints_11d_seed42                    | ✓ | acc=72.4% | cost=$0.1138
  [ 439/600] lints_11d_seed42                    | ✓ | acc=72.4% | cost=$0.1138
  [ 440/600] lints_11d_seed42                    | ✓ | acc=72.5% | cost=$0.1140
  [ 441/600] lints_11d_seed42                    | ✗ | acc=72.3% | cost=$0.1140
  [ 442/600] lints_11d_seed42                    | ✓ | acc=72.4% | cost=$0.1143
  [ 443/600] lints_11d_seed42                    | ✓ | acc=72.5% | cost=$0.1145
  [ 444/600] lints_11d_seed42                    | ✓ | acc=72.5% | cost=$0.1148
  [ 445/600] lints_11d_seed42                    | ✗ | acc=72.4% | cost=$0.1148
  [ 446/600] lints_11d_seed42                    | ✓ | acc=72.4% | cost=$0.1151
  [ 447/600] lints_11d_seed42                    | ✓ | acc=72.5% | cost=$0.1153
  [ 448/600] lints_11d_seed42                    | ✓ | acc=72.5% | cost=$0.1157
  [ 449/600] lints_11d_seed42                    | ✓ | acc=72.6% | cost=$0.1159
  [ 450/600] lints_11d_seed42                    | ✓ | acc=72.7% | cost=$0.1164
  [ 451/600] lints_11d_seed42                    | ✓ | acc=72.7% | cost=$0.1166
  [ 452/600] lints_11d_seed42                    | ✓ | acc=72.8% | cost=$0.1166
  [ 453/600] lints_11d_seed42                    | ✓ | acc=72.8% | cost=$0.1169
  [ 454/600] lints_11d_seed42                    | ✓ | acc=72.9% | cost=$0.1172
  [ 455/600] lints_11d_seed42                    | ✓ | acc=73.0% | cost=$0.1174
  [ 456/600] lints_11d_seed42                    | ✓ | acc=73.0% | cost=$0.1177
  [ 457/600] lints_11d_seed42                    | ✓ | acc=73.1% | cost=$0.1177
  [ 458/600] lints_11d_seed42                    | ✓ | acc=73.1% | cost=$0.1181
  [ 459/600] lints_11d_seed42                    | ✓ | acc=73.2% | cost=$0.1185
  [ 460/600] lints_11d_seed42                    | ✓ | acc=73.3% | cost=$0.1185
  [ 461/600] lints_11d_seed42                    | ✓ | acc=73.3% | cost=$0.1187
  [ 462/600] lints_11d_seed42                    | ✓ | acc=73.4% | cost=$0.1190
  [ 463/600] lints_11d_seed42                    | ✓ | acc=73.4% | cost=$0.1192
  [ 464/600] lints_11d_seed42                    | ✓ | acc=73.5% | cost=$0.1195
  [ 465/600] lints_11d_seed42                    | ✓ | acc=73.5% | cost=$0.1197
  [ 466/600] lints_11d_seed42                    | ✓ | acc=73.6% | cost=$0.1200
  [ 467/600] lints_11d_seed42                    | ✓ | acc=73.7% | cost=$0.1202
  [ 468/600] lints_11d_seed42                    | ✓ | acc=73.7% | cost=$0.1205
  [ 469/600] lints_11d_seed42                    | ✓ | acc=73.8% | cost=$0.1208
  [ 470/600] lints_11d_seed42                    | ✓ | acc=73.8% | cost=$0.1210
  [ 471/600] lints_11d_seed42                    | ✓ | acc=73.9% | cost=$0.1215
  [ 472/600] lints_11d_seed42                    | ✓ | acc=73.9% | cost=$0.1218
  [ 473/600] lints_11d_seed42                    | ✓ | acc=74.0% | cost=$0.1220
  [ 474/600] lints_11d_seed42                    | ✓ | acc=74.1% | cost=$0.1222
  [ 475/600] lints_11d_seed42                    | ✓ | acc=74.1% | cost=$0.1222
  [ 476/600] lints_11d_seed42                    | ✓ | acc=74.2% | cost=$0.1225
  [ 477/600] lints_11d_seed42                    | ✓ | acc=74.2% | cost=$0.1228
  [ 478/600] lints_11d_seed42                    | ✓ | acc=74.3% | cost=$0.1234
  [ 479/600] lints_11d_seed42                    | ✓ | acc=74.3% | cost=$0.1235
  [ 480/600] lints_11d_seed42                    | ✓ | acc=74.4% | cost=$0.1238
  [ 481/600] lints_11d_seed42                    | ✓ | acc=74.4% | cost=$0.1244
  [ 482/600] lints_11d_seed42                    | ✓ | acc=74.5% | cost=$0.1247
  [ 483/600] lints_11d_seed42                    | ✓ | acc=74.5% | cost=$0.1249
  [ 484/600] lints_11d_seed42                    | ✓ | acc=74.6% | cost=$0.1252
  [ 485/600] lints_11d_seed42                    | ✓ | acc=74.6% | cost=$0.1257
  [ 486/600] lints_11d_seed42                    | ✓ | acc=74.7% | cost=$0.1259
  [ 487/600] lints_11d_seed42                    | ✓ | acc=74.7% | cost=$0.1262
  [ 488/600] lints_11d_seed42                    | ✓ | acc=74.8% | cost=$0.1266
  [ 489/600] lints_11d_seed42                    | ✓ | acc=74.8% | cost=$0.1268
  [ 490/600] lints_11d_seed42                    | ✓ | acc=74.9% | cost=$0.1271
  [ 491/600] lints_11d_seed42                    | ✓ | acc=74.9% | cost=$0.1274
  [ 492/600] lints_11d_seed42                    | ✓ | acc=75.0% | cost=$0.1274
  [ 493/600] lints_11d_seed42                    | ✓ | acc=75.1% | cost=$0.1276
  [ 494/600] lints_11d_seed42                    | ✗ | acc=74.9% | cost=$0.1279
  [ 495/600] lints_11d_seed42                    | ✓ | acc=74.9% | cost=$0.1283
  [ 496/600] lints_11d_seed42                    | ✓ | acc=75.0% | cost=$0.1288
  [ 497/600] lints_11d_seed42                    | ✓ | acc=75.1% | cost=$0.1291
  [ 498/600] lints_11d_seed42                    | ✓ | acc=75.1% | cost=$0.1291
  [ 499/600] lints_11d_seed42                    | ✓ | acc=75.2% | cost=$0.1293
  [ 500/600] lints_11d_seed42                    | ✓ | acc=75.2% | cost=$0.1298
  [ 501/600] lints_11d_seed42                    | ✗ | acc=75.0% | cost=$0.1298
  [ 502/600] lints_11d_seed42                    | ✓ | acc=75.1% | cost=$0.1301
  [ 503/600] lints_11d_seed42                    | ✓ | acc=75.1% | cost=$0.1301
  [ 504/600] lints_11d_seed42                    | ✓ | acc=75.2% | cost=$0.1304
  [ 505/600] lints_11d_seed42                    | ✓ | acc=75.2% | cost=$0.1307
  [ 506/600] lints_11d_seed42                    | ✓ | acc=75.3% | cost=$0.1311
  [ 507/600] lints_11d_seed42                    | ✓ | acc=75.3% | cost=$0.1313
  [ 508/600] lints_11d_seed42                    | ✓ | acc=75.4% | cost=$0.1318
  [ 509/600] lints_11d_seed42                    | ✓ | acc=75.4% | cost=$0.1322
  [ 510/600] lints_11d_seed42                    | ✓ | acc=75.5% | cost=$0.1326
  [ 511/600] lints_11d_seed42                    | ✓ | acc=75.5% | cost=$0.1329
  [ 512/600] lints_11d_seed42                    | ✓ | acc=75.6% | cost=$0.1329
  [ 513/600] lints_11d_seed42                    | ✓ | acc=75.6% | cost=$0.1333
  [ 514/600] lints_11d_seed42                    | ✗ | acc=75.5% | cost=$0.1337
  [ 515/600] lints_11d_seed42                    | ✓ | acc=75.5% | cost=$0.1341
  [ 516/600] lints_11d_seed42                    | ✓ | acc=75.6% | cost=$0.1343
  [ 517/600] lints_11d_seed42                    | ✓ | acc=75.6% | cost=$0.1343
  [ 518/600] lints_11d_seed42                    | ✓ | acc=75.7% | cost=$0.1346
  [ 519/600] lints_11d_seed42                    | ✗ | acc=75.5% | cost=$0.1346
  [ 520/600] lints_11d_seed42                    | ✓ | acc=75.6% | cost=$0.1349
  [ 521/600] lints_11d_seed42                    | ✓ | acc=75.6% | cost=$0.1351
  [ 522/600] lints_11d_seed42                    | ✓ | acc=75.7% | cost=$0.1354
  [ 523/600] lints_11d_seed42                    | ✗ | acc=75.5% | cost=$0.1359
  [ 524/600] lints_11d_seed42                    | ✓ | acc=75.6% | cost=$0.1362
  [ 525/600] lints_11d_seed42                    | ✓ | acc=75.6% | cost=$0.1365
  [ 526/600] lints_11d_seed42                    | ✓ | acc=75.7% | cost=$0.1368
  [ 527/600] lints_11d_seed42                    | ✓ | acc=75.7% | cost=$0.1372
  [ 528/600] lints_11d_seed42                    | ✓ | acc=75.8% | cost=$0.1374
  [ 529/600] lints_11d_seed42                    | ✓ | acc=75.8% | cost=$0.1377
  [ 530/600] lints_11d_seed42                    | ✓ | acc=75.8% | cost=$0.1380
  [ 531/600] lints_11d_seed42                    | ✓ | acc=75.9% | cost=$0.1383
  [ 532/600] lints_11d_seed42                    | ✓ | acc=75.9% | cost=$0.1385
  [ 533/600] lints_11d_seed42                    | ✓ | acc=76.0% | cost=$0.1389
  [ 534/600] lints_11d_seed42                    | ✓ | acc=76.0% | cost=$0.1392
  [ 535/600] lints_11d_seed42                    | ✓ | acc=76.1% | cost=$0.1395
  [ 536/600] lints_11d_seed42                    | ✓ | acc=76.1% | cost=$0.1398
  [ 537/600] lints_11d_seed42                    | ✗ | acc=76.0% | cost=$0.1402
  [ 538/600] lints_11d_seed42                    | ✓ | acc=76.0% | cost=$0.1405
  [ 539/600] lints_11d_seed42                    | ✓ | acc=76.1% | cost=$0.1410
  [ 540/600] lints_11d_seed42                    | ✓ | acc=76.1% | cost=$0.1412
  [ 541/600] lints_11d_seed42                    | ✓ | acc=76.2% | cost=$0.1412
  [ 542/600] lints_11d_seed42                    | ✓ | acc=76.2% | cost=$0.1414
  [ 543/600] lints_11d_seed42                    | ✓ | acc=76.2% | cost=$0.1417
  [ 544/600] lints_11d_seed42                    | ✗ | acc=76.1% | cost=$0.1417
  [ 545/600] lints_11d_seed42                    | ✓ | acc=76.1% | cost=$0.1418
  [ 546/600] lints_11d_seed42                    | ✓ | acc=76.2% | cost=$0.1420
  [ 547/600] lints_11d_seed42                    | ✓ | acc=76.2% | cost=$0.1423
  [ 548/600] lints_11d_seed42                    | ✓ | acc=76.3% | cost=$0.1427
  [ 549/600] lints_11d_seed42                    | ✗ | acc=76.1% | cost=$0.1429
  [ 550/600] lints_11d_seed42                    | ✗ | acc=76.0% | cost=$0.1434
  [ 551/600] lints_11d_seed42                    | ✓ | acc=76.0% | cost=$0.1436
  [ 552/600] lints_11d_seed42                    | ✗ | acc=75.9% | cost=$0.1440
  [ 553/600] lints_11d_seed42                    | ✓ | acc=75.9% | cost=$0.1443
  [ 554/600] lints_11d_seed42                    | ✓ | acc=76.0% | cost=$0.1445
  [ 555/600] lints_11d_seed42                    | ✓ | acc=76.0% | cost=$0.1446
  [ 556/600] lints_11d_seed42                    | ✓ | acc=76.1% | cost=$0.1448
  [ 557/600] lints_11d_seed42                    | ✓ | acc=76.1% | cost=$0.1451
  [ 558/600] lints_11d_seed42                    | ✓ | acc=76.2% | cost=$0.1455
  [ 559/600] lints_11d_seed42                    | ✓ | acc=76.2% | cost=$0.1457
  [ 560/600] lints_11d_seed42                    | ✓ | acc=76.2% | cost=$0.1460
  [ 561/600] lints_11d_seed42                    | ✓ | acc=76.3% | cost=$0.1463
  [ 562/600] lints_11d_seed42                    | ✓ | acc=76.3% | cost=$0.1467
  [ 563/600] lints_11d_seed42                    | ✗ | acc=76.2% | cost=$0.1470
  [ 564/600] lints_11d_seed42                    | ✓ | acc=76.2% | cost=$0.1473
  [ 565/600] lints_11d_seed42                    | ✗ | acc=76.1% | cost=$0.1474
  [ 566/600] lints_11d_seed42                    | ✓ | acc=76.1% | cost=$0.1476
  [ 567/600] lints_11d_seed42                    | ✓ | acc=76.2% | cost=$0.1479
  [ 568/600] lints_11d_seed42                    | ✓ | acc=76.2% | cost=$0.1481
  [ 569/600] lints_11d_seed42                    | ✓ | acc=76.3% | cost=$0.1484
  [ 570/600] lints_11d_seed42                    | ✓ | acc=76.3% | cost=$0.1486
  [ 571/600] lints_11d_seed42                    | ✓ | acc=76.4% | cost=$0.1490
  [ 572/600] lints_11d_seed42                    | ✓ | acc=76.4% | cost=$0.1492
  [ 573/600] lints_11d_seed42                    | ✓ | acc=76.4% | cost=$0.1492
  [ 574/600] lints_11d_seed42                    | ✓ | acc=76.5% | cost=$0.1496
  [ 575/600] lints_11d_seed42                    | ✓ | acc=76.5% | cost=$0.1499
  [ 576/600] lints_11d_seed42                    | ✓ | acc=76.6% | cost=$0.1502
  [ 577/600] lints_11d_seed42                    | ✓ | acc=76.6% | cost=$0.1505
  [ 578/600] lints_11d_seed42                    | ✓ | acc=76.6% | cost=$0.1508
  [ 579/600] lints_11d_seed42                    | ✓ | acc=76.7% | cost=$0.1510
  [ 580/600] lints_11d_seed42                    | ✓ | acc=76.7% | cost=$0.1513
  [ 581/600] lints_11d_seed42                    | ✗ | acc=76.6% | cost=$0.1517
  [ 582/600] lints_11d_seed42                    | ✓ | acc=76.6% | cost=$0.1519
  [ 583/600] lints_11d_seed42                    | ✓ | acc=76.7% | cost=$0.1522
  [ 584/600] lints_11d_seed42                    | ✓ | acc=76.7% | cost=$0.1525
  [ 585/600] lints_11d_seed42                    | ✓ | acc=76.8% | cost=$0.1525
  [ 586/600] lints_11d_seed42                    | ✗ | acc=76.6% | cost=$0.1528
  [ 587/600] lints_11d_seed42                    | ✓ | acc=76.7% | cost=$0.1531
  [ 588/600] lints_11d_seed42                    | ✓ | acc=76.7% | cost=$0.1531
  [ 589/600] lints_11d_seed42                    | ✓ | acc=76.7% | cost=$0.1533
  [ 590/600] lints_11d_seed42                    | ✓ | acc=76.8% | cost=$0.1536
  [ 591/600] lints_11d_seed42                    | ✓ | acc=76.8% | cost=$0.1540
  [ 592/600] lints_11d_seed42                    | ✓ | acc=76.9% | cost=$0.1542
  [ 593/600] lints_11d_seed42                    | ✗ | acc=76.7% | cost=$0.1545
  [ 594/600] lints_11d_seed42                    | ✓ | acc=76.8% | cost=$0.1549
  [ 595/600] lints_11d_seed42                    | ✓ | acc=76.8% | cost=$0.1552
  [ 596/600] lints_11d_seed42                    | ✓ | acc=76.8% | cost=$0.1556
  [ 597/600] lints_11d_seed42                    | ✗ | acc=76.7% | cost=$0.1558
  [ 598/600] lints_11d_seed42                    | ✓ | acc=76.8% | cost=$0.1561
  [ 599/600] lints_11d_seed42                    | ✗ | acc=76.6% | cost=$0.1565
  [ 600/600] lints_11d_seed42                    | ✓ | acc=76.7% | cost=$0.1568
  DONE: n=600, acc=76.7%, cost=$0.1568

--- LinTS 17d features ---

=== lints_17d_seed42 (tag=dim17_ablation, 600 queries) ===
  [   1/600] lints_17d_seed42                    | ✗ | acc=0.0% | cost=$0.0005
  [   2/600] lints_17d_seed42                    | ✗ | acc=0.0% | cost=$0.0007
  [   3/600] lints_17d_seed42                    | ✗ | acc=0.0% | cost=$0.0011
  [   4/600] lints_17d_seed42                    | ✓ | acc=25.0% | cost=$0.0011
  [   5/600] lints_17d_seed42                    | ✓ | acc=40.0% | cost=$0.0011
  [   6/600] lints_17d_seed42                    | ✗ | acc=33.3% | cost=$0.0011
  [   7/600] lints_17d_seed42                    | ✗ | acc=28.6% | cost=$0.0017
  [   8/600] lints_17d_seed42                    | ✗ | acc=25.0% | cost=$0.0017
  [   9/600] lints_17d_seed42                    | ✗ | acc=22.2% | cost=$0.0017
  [  10/600] lints_17d_seed42                    | ✓ | acc=30.0% | cost=$0.0017
  [  11/600] lints_17d_seed42                    | ✗ | acc=27.3% | cost=$0.0018
  [  12/600] lints_17d_seed42                    | ✗ | acc=25.0% | cost=$0.0018
  [  13/600] lints_17d_seed42                    | ✓ | acc=30.8% | cost=$0.0018
  [  14/600] lints_17d_seed42                    | ✗ | acc=28.6% | cost=$0.0020
  [  15/600] lints_17d_seed42                    | ✓ | acc=33.3% | cost=$0.0021
  [  16/600] lints_17d_seed42                    | ✗ | acc=31.2% | cost=$0.0021
  [  17/600] lints_17d_seed42                    | ✗ | acc=29.4% | cost=$0.0021
  [  18/600] lints_17d_seed42                    | ✗ | acc=27.8% | cost=$0.0025
  [  19/600] lints_17d_seed42                    | ✓ | acc=31.6% | cost=$0.0025
  [  20/600] lints_17d_seed42                    | ✓ | acc=35.0% | cost=$0.0025
  [  21/600] lints_17d_seed42                    | ✓ | acc=38.1% | cost=$0.0025
  [  22/600] lints_17d_seed42                    | ✓ | acc=40.9% | cost=$0.0025
  [  23/600] lints_17d_seed42                    | ✗ | acc=39.1% | cost=$0.0026
  [  24/600] lints_17d_seed42                    | ✓ | acc=41.7% | cost=$0.0028
  [  25/600] lints_17d_seed42                    | ✗ | acc=40.0% | cost=$0.0028
  [  26/600] lints_17d_seed42                    | ✓ | acc=42.3% | cost=$0.0028
  [  27/600] lints_17d_seed42                    | ✗ | acc=40.7% | cost=$0.0029
  [  28/600] lints_17d_seed42                    | ✓ | acc=42.9% | cost=$0.0029
  [  29/600] lints_17d_seed42                    | ✓ | acc=44.8% | cost=$0.0029
  [  30/600] lints_17d_seed42                    | ✗ | acc=43.3% | cost=$0.0029
  [  31/600] lints_17d_seed42                    | ✗ | acc=41.9% | cost=$0.0029
  [  32/600] lints_17d_seed42                    | ✗ | acc=40.6% | cost=$0.0029
  [  33/600] lints_17d_seed42                    | ✗ | acc=39.4% | cost=$0.0032
  [  34/600] lints_17d_seed42                    | ✓ | acc=41.2% | cost=$0.0036
  [  35/600] lints_17d_seed42                    | ✗ | acc=40.0% | cost=$0.0036
  [  36/600] lints_17d_seed42                    | ✗ | acc=38.9% | cost=$0.0039
  [  37/600] lints_17d_seed42                    | ✗ | acc=37.8% | cost=$0.0039
  [  38/600] lints_17d_seed42                    | ✓ | acc=39.5% | cost=$0.0042
  [  39/600] lints_17d_seed42                    | ✗ | acc=38.5% | cost=$0.0042
  [  40/600] lints_17d_seed42                    | ✗ | acc=37.5% | cost=$0.0047
  [  41/600] lints_17d_seed42                    | ✗ | acc=36.6% | cost=$0.0047
  [  42/600] lints_17d_seed42                    | ✗ | acc=35.7% | cost=$0.0050
  [  43/600] lints_17d_seed42                    | ✗ | acc=34.9% | cost=$0.0050
  [  44/600] lints_17d_seed42                    | ✗ | acc=34.1% | cost=$0.0055
  [  45/600] lints_17d_seed42                    | ✓ | acc=35.6% | cost=$0.0055
  [  46/600] lints_17d_seed42                    | ✗ | acc=34.8% | cost=$0.0055
  [  47/600] lints_17d_seed42                    | ✗ | acc=34.0% | cost=$0.0059
  [  48/600] lints_17d_seed42                    | ✗ | acc=33.3% | cost=$0.0059
  [  49/600] lints_17d_seed42                    | ✗ | acc=32.7% | cost=$0.0062
  [  50/600] lints_17d_seed42                    | ✗ | acc=32.0% | cost=$0.0062
  [  51/600] lints_17d_seed42                    | ✓ | acc=33.3% | cost=$0.0065
  [  52/600] lints_17d_seed42                    | ✗ | acc=32.7% | cost=$0.0068
  [  53/600] lints_17d_seed42                    | ✓ | acc=34.0% | cost=$0.0068
  [  54/600] lints_17d_seed42                    | ✓ | acc=35.2% | cost=$0.0068
  [  55/600] lints_17d_seed42                    | ✗ | acc=34.5% | cost=$0.0068
  [  56/600] lints_17d_seed42                    | ✗ | acc=33.9% | cost=$0.0069
  [  57/600] lints_17d_seed42                    | ✓ | acc=35.1% | cost=$0.0074
  [  58/600] lints_17d_seed42                    | ✗ | acc=34.5% | cost=$0.0074
  [  59/600] lints_17d_seed42                    | ✗ | acc=33.9% | cost=$0.0074
  [  60/600] lints_17d_seed42                    | ✗ | acc=33.3% | cost=$0.0077
  [  61/600] lints_17d_seed42                    | ✗ | acc=32.8% | cost=$0.0079
  [  62/600] lints_17d_seed42                    | ✗ | acc=32.3% | cost=$0.0082
  [  63/600] lints_17d_seed42                    | ✗ | acc=31.7% | cost=$0.0082
  [  64/600] lints_17d_seed42                    | ✗ | acc=31.2% | cost=$0.0083
  [  65/600] lints_17d_seed42                    | ✗ | acc=30.8% | cost=$0.0083
  [  66/600] lints_17d_seed42                    | ✗ | acc=30.3% | cost=$0.0083
  [  67/600] lints_17d_seed42                    | ✗ | acc=29.9% | cost=$0.0083
  [  68/600] lints_17d_seed42                    | ✗ | acc=29.4% | cost=$0.0083
  [  69/600] lints_17d_seed42                    | ✓ | acc=30.4% | cost=$0.0086
  [  70/600] lints_17d_seed42                    | ✗ | acc=30.0% | cost=$0.0086
  [  71/600] lints_17d_seed42                    | ✗ | acc=29.6% | cost=$0.0086
  [  72/600] lints_17d_seed42                    | ✗ | acc=29.2% | cost=$0.0086
  [  73/600] lints_17d_seed42                    | ✗ | acc=28.8% | cost=$0.0090
  [  74/600] lints_17d_seed42                    | ✗ | acc=28.4% | cost=$0.0091
  [  75/600] lints_17d_seed42                    | ✓ | acc=29.3% | cost=$0.0093
  [  76/600] lints_17d_seed42                    | ✓ | acc=30.3% | cost=$0.0098
  [  77/600] lints_17d_seed42                    | ✗ | acc=29.9% | cost=$0.0099
  [  78/600] lints_17d_seed42                    | ✓ | acc=30.8% | cost=$0.0103
  [  79/600] lints_17d_seed42                    | ✗ | acc=30.4% | cost=$0.0103
  [  80/600] lints_17d_seed42                    | ✓ | acc=31.2% | cost=$0.0103
  [  81/600] lints_17d_seed42                    | ✓ | acc=32.1% | cost=$0.0106
  [  82/600] lints_17d_seed42                    | ✗ | acc=31.7% | cost=$0.0106
  [  83/600] lints_17d_seed42                    | ✗ | acc=31.3% | cost=$0.0108
  [  84/600] lints_17d_seed42                    | ✓ | acc=32.1% | cost=$0.0109
  [  85/600] lints_17d_seed42                    | ✓ | acc=32.9% | cost=$0.0109
  [  86/600] lints_17d_seed42                    | ✓ | acc=33.7% | cost=$0.0112
  [  87/600] lints_17d_seed42                    | ✗ | acc=33.3% | cost=$0.0112
  [  88/600] lints_17d_seed42                    | ✗ | acc=33.0% | cost=$0.0112
  [  89/600] lints_17d_seed42                    | ✗ | acc=32.6% | cost=$0.0115
  [  90/600] lints_17d_seed42                    | ✗ | acc=32.2% | cost=$0.0115
  [  91/600] lints_17d_seed42                    | ✗ | acc=31.9% | cost=$0.0120
  [  92/600] lints_17d_seed42                    | ✓ | acc=32.6% | cost=$0.0120
  [  93/600] lints_17d_seed42                    | ✓ | acc=33.3% | cost=$0.0120
  [  94/600] lints_17d_seed42                    | ✗ | acc=33.0% | cost=$0.0120
  [  95/600] lints_17d_seed42                    | ✗ | acc=32.6% | cost=$0.0124
  [  96/600] lints_17d_seed42                    | ✗ | acc=32.3% | cost=$0.0127
  [  97/600] lints_17d_seed42                    | ✗ | acc=32.0% | cost=$0.0132
  [  98/600] lints_17d_seed42                    | ✓ | acc=32.7% | cost=$0.0132
  [  99/600] lints_17d_seed42                    | ✗ | acc=32.3% | cost=$0.0132
  [ 100/600] lints_17d_seed42                    | ✓ | acc=33.0% | cost=$0.0132
  [ 101/600] lints_17d_seed42                    | ✓ | acc=33.7% | cost=$0.0132
  [ 102/600] lints_17d_seed42                    | ✓ | acc=34.3% | cost=$0.0132
  [ 103/600] lints_17d_seed42                    | ✓ | acc=35.0% | cost=$0.0136
  [ 104/600] lints_17d_seed42                    | ✗ | acc=34.6% | cost=$0.0136
  [ 105/600] lints_17d_seed42                    | ✗ | acc=34.3% | cost=$0.0136
  [ 106/600] lints_17d_seed42                    | ✗ | acc=34.0% | cost=$0.0140
  [ 107/600] lints_17d_seed42                    | ✗ | acc=33.6% | cost=$0.0143
  [ 108/600] lints_17d_seed42                    | ✓ | acc=34.3% | cost=$0.0146
  [ 109/600] lints_17d_seed42                    | ✗ | acc=33.9% | cost=$0.0146
  [ 110/600] lints_17d_seed42                    | ✓ | acc=34.5% | cost=$0.0149
  [ 111/600] lints_17d_seed42                    | ✓ | acc=35.1% | cost=$0.0149
  [ 112/600] lints_17d_seed42                    | ✗ | acc=34.8% | cost=$0.0152
  [ 113/600] lints_17d_seed42                    | ✓ | acc=35.4% | cost=$0.0152
  [ 114/600] lints_17d_seed42                    | ✓ | acc=36.0% | cost=$0.0152
  [ 115/600] lints_17d_seed42                    | ✗ | acc=35.7% | cost=$0.0152
  [ 116/600] lints_17d_seed42                    | ✗ | acc=35.3% | cost=$0.0152
  [ 117/600] lints_17d_seed42                    | ✗ | acc=35.0% | cost=$0.0153
  [ 118/600] lints_17d_seed42                    | ✓ | acc=35.6% | cost=$0.0158
  [ 119/600] lints_17d_seed42                    | ✗ | acc=35.3% | cost=$0.0158
  [ 120/600] lints_17d_seed42                    | ✗ | acc=35.0% | cost=$0.0158
  [ 121/600] lints_17d_seed42                    | ✓ | acc=35.5% | cost=$0.0159
  [ 122/600] lints_17d_seed42                    | ✓ | acc=36.1% | cost=$0.0162
  [ 123/600] lints_17d_seed42                    | ✓ | acc=36.6% | cost=$0.0166
  [ 124/600] lints_17d_seed42                    | ✓ | acc=37.1% | cost=$0.0168
  [ 125/600] lints_17d_seed42                    | ✓ | acc=37.6% | cost=$0.0168
  [ 126/600] lints_17d_seed42                    | ✓ | acc=38.1% | cost=$0.0168
  [ 127/600] lints_17d_seed42                    | ✓ | acc=38.6% | cost=$0.0171
  [ 128/600] lints_17d_seed42                    | ✓ | acc=39.1% | cost=$0.0171
  [ 129/600] lints_17d_seed42                    | ✗ | acc=38.8% | cost=$0.0171
  [ 130/600] lints_17d_seed42                    | ✓ | acc=39.2% | cost=$0.0174
  [ 131/600] lints_17d_seed42                    | ✗ | acc=38.9% | cost=$0.0174
  [ 132/600] lints_17d_seed42                    | ✓ | acc=39.4% | cost=$0.0174
  [ 133/600] lints_17d_seed42                    | ✗ | acc=39.1% | cost=$0.0175
  [ 134/600] lints_17d_seed42                    | ✗ | acc=38.8% | cost=$0.0176
  [ 135/600] lints_17d_seed42                    | ✓ | acc=39.3% | cost=$0.0179
  [ 136/600] lints_17d_seed42                    | ✓ | acc=39.7% | cost=$0.0181
  [ 137/600] lints_17d_seed42                    | ✗ | acc=39.4% | cost=$0.0181
  [ 138/600] lints_17d_seed42                    | ✓ | acc=39.9% | cost=$0.0184
  [ 139/600] lints_17d_seed42                    | ✓ | acc=40.3% | cost=$0.0187
  [ 140/600] lints_17d_seed42                    | ✗ | acc=40.0% | cost=$0.0191
  [ 141/600] lints_17d_seed42                    | ✗ | acc=39.7% | cost=$0.0191
  [ 142/600] lints_17d_seed42                    | ✓ | acc=40.1% | cost=$0.0194
  [ 143/600] lints_17d_seed42                    | ✓ | acc=40.6% | cost=$0.0197
  [ 144/600] lints_17d_seed42                    | ✓ | acc=41.0% | cost=$0.0199
  [ 145/600] lints_17d_seed42                    | ✓ | acc=41.4% | cost=$0.0201
  [ 146/600] lints_17d_seed42                    | ✓ | acc=41.8% | cost=$0.0204
  [ 147/600] lints_17d_seed42                    | ✗ | acc=41.5% | cost=$0.0204
  [ 148/600] lints_17d_seed42                    | ✓ | acc=41.9% | cost=$0.0204
  [ 149/600] lints_17d_seed42                    | ✓ | acc=42.3% | cost=$0.0204
  [ 150/600] lints_17d_seed42                    | ✗ | acc=42.0% | cost=$0.0207
  [ 151/600] lints_17d_seed42                    | ✓ | acc=42.4% | cost=$0.0207
  [ 152/600] lints_17d_seed42                    | ✓ | acc=42.8% | cost=$0.0209
  [ 153/600] lints_17d_seed42                    | ✓ | acc=43.1% | cost=$0.0209
  [ 154/600] lints_17d_seed42                    | ✓ | acc=43.5% | cost=$0.0212
  [ 155/600] lints_17d_seed42                    | ✗ | acc=43.2% | cost=$0.0215
  [ 156/600] lints_17d_seed42                    | ✓ | acc=43.6% | cost=$0.0218
  [ 157/600] lints_17d_seed42                    | ✗ | acc=43.3% | cost=$0.0222
  [ 158/600] lints_17d_seed42                    | ✓ | acc=43.7% | cost=$0.0222
  [ 159/600] lints_17d_seed42                    | ✗ | acc=43.4% | cost=$0.0225
  [ 160/600] lints_17d_seed42                    | ✓ | acc=43.8% | cost=$0.0225
  [ 161/600] lints_17d_seed42                    | ✗ | acc=43.5% | cost=$0.0225
  [ 162/600] lints_17d_seed42                    | ✓ | acc=43.8% | cost=$0.0229
  [ 163/600] lints_17d_seed42                    | ✗ | acc=43.6% | cost=$0.0232
  [ 164/600] lints_17d_seed42                    | ✓ | acc=43.9% | cost=$0.0237
  [ 165/600] lints_17d_seed42                    | ✓ | acc=44.2% | cost=$0.0239
  [ 166/600] lints_17d_seed42                    | ✓ | acc=44.6% | cost=$0.0243
  [ 167/600] lints_17d_seed42                    | ✓ | acc=44.9% | cost=$0.0243
  [ 168/600] lints_17d_seed42                    | ✗ | acc=44.6% | cost=$0.0243
  [ 169/600] lints_17d_seed42                    | ✓ | acc=45.0% | cost=$0.0248
  [ 170/600] lints_17d_seed42                    | ✓ | acc=45.3% | cost=$0.0250
  [ 171/600] lints_17d_seed42                    | ✓ | acc=45.6% | cost=$0.0253
  [ 172/600] lints_17d_seed42                    | ✗ | acc=45.3% | cost=$0.0253
  [ 173/600] lints_17d_seed42                    | ✓ | acc=45.7% | cost=$0.0253
  [ 174/600] lints_17d_seed42                    | ✓ | acc=46.0% | cost=$0.0256
  [ 175/600] lints_17d_seed42                    | ✗ | acc=45.7% | cost=$0.0256
  [ 176/600] lints_17d_seed42                    | ✓ | acc=46.0% | cost=$0.0256
  [ 177/600] lints_17d_seed42                    | ✓ | acc=46.3% | cost=$0.0260
  [ 178/600] lints_17d_seed42                    | ✓ | acc=46.6% | cost=$0.0262
  [ 179/600] lints_17d_seed42                    | ✓ | acc=46.9% | cost=$0.0265
  [ 180/600] lints_17d_seed42                    | ✓ | acc=47.2% | cost=$0.0268
  [ 181/600] lints_17d_seed42                    | ✓ | acc=47.5% | cost=$0.0270
  [ 182/600] lints_17d_seed42                    | ✓ | acc=47.8% | cost=$0.0270
  [ 183/600] lints_17d_seed42                    | ✓ | acc=48.1% | cost=$0.0273
  [ 184/600] lints_17d_seed42                    | ✓ | acc=48.4% | cost=$0.0279
  [ 185/600] lints_17d_seed42                    | ✓ | acc=48.6% | cost=$0.0282
  [ 186/600] lints_17d_seed42                    | ✓ | acc=48.9% | cost=$0.0284
  [ 187/600] lints_17d_seed42                    | ✓ | acc=49.2% | cost=$0.0288
  [ 188/600] lints_17d_seed42                    | ✓ | acc=49.5% | cost=$0.0292
  [ 189/600] lints_17d_seed42                    | ✓ | acc=49.7% | cost=$0.0295
  [ 190/600] lints_17d_seed42                    | ✓ | acc=50.0% | cost=$0.0295
  [ 191/600] lints_17d_seed42                    | ✓ | acc=50.3% | cost=$0.0298
  [ 192/600] lints_17d_seed42                    | ✓ | acc=50.5% | cost=$0.0301
  [ 193/600] lints_17d_seed42                    | ✓ | acc=50.8% | cost=$0.0306
  [ 194/600] lints_17d_seed42                    | ✓ | acc=51.0% | cost=$0.0306
  [ 195/600] lints_17d_seed42                    | ✗ | acc=50.8% | cost=$0.0309
  [ 196/600] lints_17d_seed42                    | ✓ | acc=51.0% | cost=$0.0309
  [ 197/600] lints_17d_seed42                    | ✓ | acc=51.3% | cost=$0.0309
  [ 198/600] lints_17d_seed42                    | ✓ | acc=51.5% | cost=$0.0309
  [ 199/600] lints_17d_seed42                    | ✗ | acc=51.3% | cost=$0.0311
  [ 200/600] lints_17d_seed42                    | ✓ | acc=51.5% | cost=$0.0311
  [ 201/600] lints_17d_seed42                    | ✓ | acc=51.7% | cost=$0.0312
  [ 202/600] lints_17d_seed42                    | ✓ | acc=52.0% | cost=$0.0314
  [ 203/600] lints_17d_seed42                    | ✗ | acc=51.7% | cost=$0.0315
  [ 204/600] lints_17d_seed42                    | ✓ | acc=52.0% | cost=$0.0315
  [ 205/600] lints_17d_seed42                    | ✓ | acc=52.2% | cost=$0.0317
  [ 206/600] lints_17d_seed42                    | ✓ | acc=52.4% | cost=$0.0320
  [ 207/600] lints_17d_seed42                    | ✓ | acc=52.7% | cost=$0.0323
  [ 208/600] lints_17d_seed42                    | ✓ | acc=52.9% | cost=$0.0326
  [ 209/600] lints_17d_seed42                    | ✓ | acc=53.1% | cost=$0.0326
  [ 210/600] lints_17d_seed42                    | ✓ | acc=53.3% | cost=$0.0329
  [ 211/600] lints_17d_seed42                    | ✗ | acc=53.1% | cost=$0.0334
  [ 212/600] lints_17d_seed42                    | ✗ | acc=52.8% | cost=$0.0335
  [ 213/600] lints_17d_seed42                    | ✓ | acc=53.1% | cost=$0.0335
  [ 214/600] lints_17d_seed42                    | ✗ | acc=52.8% | cost=$0.0335
  [ 215/600] lints_17d_seed42                    | ✓ | acc=53.0% | cost=$0.0338
  [ 216/600] lints_17d_seed42                    | ✓ | acc=53.2% | cost=$0.0340
  [ 217/600] lints_17d_seed42                    | ✓ | acc=53.5% | cost=$0.0340
  [ 218/600] lints_17d_seed42                    | ✓ | acc=53.7% | cost=$0.0343
  [ 219/600] lints_17d_seed42                    | ✓ | acc=53.9% | cost=$0.0345
  [ 220/600] lints_17d_seed42                    | ✓ | acc=54.1% | cost=$0.0347
  [ 221/600] lints_17d_seed42                    | ✗ | acc=53.8% | cost=$0.0348
  [ 222/600] lints_17d_seed42                    | ✓ | acc=54.1% | cost=$0.0348
  [ 223/600] lints_17d_seed42                    | ✓ | acc=54.3% | cost=$0.0351
  [ 224/600] lints_17d_seed42                    | ✓ | acc=54.5% | cost=$0.0353
  [ 225/600] lints_17d_seed42                    | ✓ | acc=54.7% | cost=$0.0356
  [ 226/600] lints_17d_seed42                    | ✓ | acc=54.9% | cost=$0.0359
  [ 227/600] lints_17d_seed42                    | ✗ | acc=54.6% | cost=$0.0361
  [ 228/600] lints_17d_seed42                    | ✓ | acc=54.8% | cost=$0.0364
  [ 229/600] lints_17d_seed42                    | ✓ | acc=55.0% | cost=$0.0364
  [ 230/600] lints_17d_seed42                    | ✓ | acc=55.2% | cost=$0.0367
  [ 231/600] lints_17d_seed42                    | ✓ | acc=55.4% | cost=$0.0371
  [ 232/600] lints_17d_seed42                    | ✗ | acc=55.2% | cost=$0.0371
  [ 233/600] lints_17d_seed42                    | ✗ | acc=54.9% | cost=$0.0374
  [ 234/600] lints_17d_seed42                    | ✓ | acc=55.1% | cost=$0.0378
  [ 235/600] lints_17d_seed42                    | ✓ | acc=55.3% | cost=$0.0378
  [ 236/600] lints_17d_seed42                    | ✓ | acc=55.5% | cost=$0.0382
  [ 237/600] lints_17d_seed42                    | ✓ | acc=55.7% | cost=$0.0382
  [ 238/600] lints_17d_seed42                    | ✓ | acc=55.9% | cost=$0.0384
  [ 239/600] lints_17d_seed42                    | ✓ | acc=56.1% | cost=$0.0386
  [ 240/600] lints_17d_seed42                    | ✓ | acc=56.2% | cost=$0.0389
  [ 241/600] lints_17d_seed42                    | ✗ | acc=56.0% | cost=$0.0389
  [ 242/600] lints_17d_seed42                    | ✓ | acc=56.2% | cost=$0.0389
  [ 243/600] lints_17d_seed42                    | ✓ | acc=56.4% | cost=$0.0394
  [ 244/600] lints_17d_seed42                    | ✓ | acc=56.6% | cost=$0.0404
  [ 245/600] lints_17d_seed42                    | ✓ | acc=56.7% | cost=$0.0404
  [ 246/600] lints_17d_seed42                    | ✓ | acc=56.9% | cost=$0.0404
  [ 247/600] lints_17d_seed42                    | ✓ | acc=57.1% | cost=$0.0418
  [ 248/600] lints_17d_seed42                    | ✓ | acc=57.3% | cost=$0.0419
  [ 249/600] lints_17d_seed42                    | ✓ | acc=57.4% | cost=$0.0421
  [ 250/600] lints_17d_seed42                    | ✓ | acc=57.6% | cost=$0.0426
  [ 251/600] lints_17d_seed42                    | ✗ | acc=57.4% | cost=$0.0429
  [ 252/600] lints_17d_seed42                    | ✓ | acc=57.5% | cost=$0.0430
  [ 253/600] lints_17d_seed42                    | ✓ | acc=57.7% | cost=$0.0437
  [ 254/600] lints_17d_seed42                    | ✓ | acc=57.9% | cost=$0.0440
  [ 255/600] lints_17d_seed42                    | ✓ | acc=58.0% | cost=$0.0442
  [ 256/600] lints_17d_seed42                    | ✓ | acc=58.2% | cost=$0.0443
  [ 257/600] lints_17d_seed42                    | ✓ | acc=58.4% | cost=$0.0452
  [ 258/600] lints_17d_seed42                    | ✓ | acc=58.5% | cost=$0.0452
  [ 259/600] lints_17d_seed42                    | ✗ | acc=58.3% | cost=$0.0459
  [ 260/600] lints_17d_seed42                    | ✓ | acc=58.5% | cost=$0.0468
  [ 261/600] lints_17d_seed42                    | ✓ | acc=58.6% | cost=$0.0477
  [ 262/600] lints_17d_seed42                    | ✓ | acc=58.8% | cost=$0.0479
  [ 263/600] lints_17d_seed42                    | ✓ | acc=58.9% | cost=$0.0482
  [ 264/600] lints_17d_seed42                    | ✓ | acc=59.1% | cost=$0.0494
  [ 265/600] lints_17d_seed42                    | ✓ | acc=59.2% | cost=$0.0501
  [ 266/600] lints_17d_seed42                    | ✓ | acc=59.4% | cost=$0.0509
  [ 267/600] lints_17d_seed42                    | ✗ | acc=59.2% | cost=$0.0510
  [ 268/600] lints_17d_seed42                    | ✓ | acc=59.3% | cost=$0.0515
  [ 269/600] lints_17d_seed42                    | ✓ | acc=59.5% | cost=$0.0520
  [ 270/600] lints_17d_seed42                    | ✓ | acc=59.6% | cost=$0.0530
  [ 271/600] lints_17d_seed42                    | ✓ | acc=59.8% | cost=$0.0539
  [ 272/600] lints_17d_seed42                    | ✓ | acc=59.9% | cost=$0.0542
  [ 273/600] lints_17d_seed42                    | ✓ | acc=60.1% | cost=$0.0545
  [ 274/600] lints_17d_seed42                    | ✓ | acc=60.2% | cost=$0.0548
  [ 275/600] lints_17d_seed42                    | ✓ | acc=60.4% | cost=$0.0549
  [ 276/600] lints_17d_seed42                    | ✓ | acc=60.5% | cost=$0.0560
  [ 277/600] lints_17d_seed42                    | ✓ | acc=60.6% | cost=$0.0562
  [ 278/600] lints_17d_seed42                    | ✗ | acc=60.4% | cost=$0.0567
  [ 279/600] lints_17d_seed42                    | ✓ | acc=60.6% | cost=$0.0569
  [ 280/600] lints_17d_seed42                    | ✓ | acc=60.7% | cost=$0.0571
  [ 281/600] lints_17d_seed42                    | ✓ | acc=60.9% | cost=$0.0574
  [ 282/600] lints_17d_seed42                    | ✓ | acc=61.0% | cost=$0.0576
  [ 283/600] lints_17d_seed42                    | ✓ | acc=61.1% | cost=$0.0580
  [ 284/600] lints_17d_seed42                    | ✓ | acc=61.3% | cost=$0.0580
  [ 285/600] lints_17d_seed42                    | ✓ | acc=61.4% | cost=$0.0589
  [ 286/600] lints_17d_seed42                    | ✓ | acc=61.5% | cost=$0.0590
  [ 287/600] lints_17d_seed42                    | ✗ | acc=61.3% | cost=$0.0591
  [ 288/600] lints_17d_seed42                    | ✓ | acc=61.5% | cost=$0.0602
  [ 289/600] lints_17d_seed42                    | ✓ | acc=61.6% | cost=$0.0605
  [ 290/600] lints_17d_seed42                    | ✗ | acc=61.4% | cost=$0.0605
  [ 291/600] lints_17d_seed42                    | ✓ | acc=61.5% | cost=$0.0605
  [ 292/600] lints_17d_seed42                    | ✓ | acc=61.6% | cost=$0.0617
  [ 293/600] lints_17d_seed42                    | ✓ | acc=61.8% | cost=$0.0617
  [ 294/600] lints_17d_seed42                    | ✓ | acc=61.9% | cost=$0.0618
  [ 295/600] lints_17d_seed42                    | ✓ | acc=62.0% | cost=$0.0628
  [ 296/600] lints_17d_seed42                    | ✓ | acc=62.2% | cost=$0.0631
  [ 297/600] lints_17d_seed42                    | ✓ | acc=62.3% | cost=$0.0633
  [ 298/600] lints_17d_seed42                    | ✓ | acc=62.4% | cost=$0.0636
  [ 299/600] lints_17d_seed42                    | ✓ | acc=62.5% | cost=$0.0639
  [ 300/600] lints_17d_seed42                    | ✓ | acc=62.7% | cost=$0.0641
  [ 301/600] lints_17d_seed42                    | ✓ | acc=62.8% | cost=$0.0651
  [ 302/600] lints_17d_seed42                    | ✓ | acc=62.9% | cost=$0.0651
  [ 303/600] lints_17d_seed42                    | ✓ | acc=63.0% | cost=$0.0655
  [ 304/600] lints_17d_seed42                    | ✓ | acc=63.2% | cost=$0.0663
  [ 305/600] lints_17d_seed42                    | ✓ | acc=63.3% | cost=$0.0673
  [ 306/600] lints_17d_seed42                    | ✓ | acc=63.4% | cost=$0.0679
  [ 307/600] lints_17d_seed42                    | ✓ | acc=63.5% | cost=$0.0682
  [ 308/600] lints_17d_seed42                    | ✓ | acc=63.6% | cost=$0.0690
  [ 309/600] lints_17d_seed42                    | ✓ | acc=63.8% | cost=$0.0693
  [ 310/600] lints_17d_seed42                    | ✗ | acc=63.5% | cost=$0.0699
  [ 311/600] lints_17d_seed42                    | ✓ | acc=63.7% | cost=$0.0706
  [ 312/600] lints_17d_seed42                    | ✓ | acc=63.8% | cost=$0.0713
  [ 313/600] lints_17d_seed42                    | ✓ | acc=63.9% | cost=$0.0715
  [ 314/600] lints_17d_seed42                    | ✓ | acc=64.0% | cost=$0.0723
  [ 315/600] lints_17d_seed42                    | ✗ | acc=63.8% | cost=$0.0726
  [ 316/600] lints_17d_seed42                    | ✓ | acc=63.9% | cost=$0.0728
  [ 317/600] lints_17d_seed42                    | ✓ | acc=64.0% | cost=$0.0729
  [ 318/600] lints_17d_seed42                    | ✓ | acc=64.2% | cost=$0.0732
  [ 319/600] lints_17d_seed42                    | ✓ | acc=64.3% | cost=$0.0737
  [ 320/600] lints_17d_seed42                    | ✓ | acc=64.4% | cost=$0.0748
  [ 321/600] lints_17d_seed42                    | ✓ | acc=64.5% | cost=$0.0748
  [ 322/600] lints_17d_seed42                    | ✓ | acc=64.6% | cost=$0.0750
  [ 323/600] lints_17d_seed42                    | ✓ | acc=64.7% | cost=$0.0752
  [ 324/600] lints_17d_seed42                    | ✗ | acc=64.5% | cost=$0.0752
  [ 325/600] lints_17d_seed42                    | ✓ | acc=64.6% | cost=$0.0763
  [ 326/600] lints_17d_seed42                    | ✓ | acc=64.7% | cost=$0.0775
  [ 327/600] lints_17d_seed42                    | ✓ | acc=64.8% | cost=$0.0776
  [ 328/600] lints_17d_seed42                    | ✗ | acc=64.6% | cost=$0.0776
  [ 329/600] lints_17d_seed42                    | ✓ | acc=64.7% | cost=$0.0778
  [ 330/600] lints_17d_seed42                    | ✓ | acc=64.8% | cost=$0.0782
  [ 331/600] lints_17d_seed42                    | ✓ | acc=65.0% | cost=$0.0792
  [ 332/600] lints_17d_seed42                    | ✓ | acc=65.1% | cost=$0.0795
  [ 333/600] lints_17d_seed42                    | ✓ | acc=65.2% | cost=$0.0800
  [ 334/600] lints_17d_seed42                    | ✓ | acc=65.3% | cost=$0.0810
  [ 335/600] lints_17d_seed42                    | ✓ | acc=65.4% | cost=$0.0813
  [ 336/600] lints_17d_seed42                    | ✓ | acc=65.5% | cost=$0.0813
  [ 337/600] lints_17d_seed42                    | ✓ | acc=65.6% | cost=$0.0825
  [ 338/600] lints_17d_seed42                    | ✓ | acc=65.7% | cost=$0.0831
  [ 339/600] lints_17d_seed42                    | ✓ | acc=65.8% | cost=$0.0834
  [ 340/600] lints_17d_seed42                    | ✓ | acc=65.9% | cost=$0.0843
  [ 341/600] lints_17d_seed42                    | ✓ | acc=66.0% | cost=$0.0853
  [ 342/600] lints_17d_seed42                    | ✓ | acc=66.1% | cost=$0.0858
  [ 343/600] lints_17d_seed42                    | ✓ | acc=66.2% | cost=$0.0861
  [ 344/600] lints_17d_seed42                    | ✓ | acc=66.3% | cost=$0.0861
  [ 345/600] lints_17d_seed42                    | ✓ | acc=66.4% | cost=$0.0861
  [ 346/600] lints_17d_seed42                    | ✓ | acc=66.5% | cost=$0.0868
  [ 347/600] lints_17d_seed42                    | ✓ | acc=66.6% | cost=$0.0870
  [ 348/600] lints_17d_seed42                    | ✓ | acc=66.7% | cost=$0.0874
  [ 349/600] lints_17d_seed42                    | ✗ | acc=66.5% | cost=$0.0876
  [ 350/600] lints_17d_seed42                    | ✓ | acc=66.6% | cost=$0.0880
  [ 351/600] lints_17d_seed42                    | ✗ | acc=66.4% | cost=$0.0886
  [ 352/600] lints_17d_seed42                    | ✗ | acc=66.2% | cost=$0.0887
  [ 353/600] lints_17d_seed42                    | ✓ | acc=66.3% | cost=$0.0889
  [ 354/600] lints_17d_seed42                    | ✓ | acc=66.4% | cost=$0.0902
  [ 355/600] lints_17d_seed42                    | ✓ | acc=66.5% | cost=$0.0916
  [ 356/600] lints_17d_seed42                    | ✓ | acc=66.6% | cost=$0.0927
  [ 357/600] lints_17d_seed42                    | ✓ | acc=66.7% | cost=$0.0930
  [ 358/600] lints_17d_seed42                    | ✓ | acc=66.8% | cost=$0.0933
  [ 359/600] lints_17d_seed42                    | ✓ | acc=66.9% | cost=$0.0935
  [ 360/600] lints_17d_seed42                    | ✓ | acc=66.9% | cost=$0.0938
  [ 361/600] lints_17d_seed42                    | ✓ | acc=67.0% | cost=$0.0940
  [ 362/600] lints_17d_seed42                    | ✓ | acc=67.1% | cost=$0.0941
  [ 363/600] lints_17d_seed42                    | ✓ | acc=67.2% | cost=$0.0944
  [ 364/600] lints_17d_seed42                    | ✓ | acc=67.3% | cost=$0.0947
  [ 365/600] lints_17d_seed42                    | ✓ | acc=67.4% | cost=$0.0950
  [ 366/600] lints_17d_seed42                    | ✓ | acc=67.5% | cost=$0.0953
  [ 367/600] lints_17d_seed42                    | ✓ | acc=67.6% | cost=$0.0956
  [ 368/600] lints_17d_seed42                    | ✓ | acc=67.7% | cost=$0.0959
  [ 369/600] lints_17d_seed42                    | ✓ | acc=67.8% | cost=$0.0962
  [ 370/600] lints_17d_seed42                    | ✓ | acc=67.8% | cost=$0.0962
  [ 371/600] lints_17d_seed42                    | ✓ | acc=67.9% | cost=$0.0965
  [ 372/600] lints_17d_seed42                    | ✓ | acc=68.0% | cost=$0.0969
  [ 373/600] lints_17d_seed42                    | ✓ | acc=68.1% | cost=$0.0971
  [ 374/600] lints_17d_seed42                    | ✓ | acc=68.2% | cost=$0.0974
  [ 375/600] lints_17d_seed42                    | ✓ | acc=68.3% | cost=$0.0974
  [ 376/600] lints_17d_seed42                    | ✓ | acc=68.4% | cost=$0.0977
  [ 377/600] lints_17d_seed42                    | ✓ | acc=68.4% | cost=$0.0978
  [ 378/600] lints_17d_seed42                    | ✓ | acc=68.5% | cost=$0.0981
  [ 379/600] lints_17d_seed42                    | ✓ | acc=68.6% | cost=$0.0981
  [ 380/600] lints_17d_seed42                    | ✓ | acc=68.7% | cost=$0.0984
  [ 381/600] lints_17d_seed42                    | ✓ | acc=68.8% | cost=$0.0986
  [ 382/600] lints_17d_seed42                    | ✓ | acc=68.8% | cost=$0.0991
  [ 383/600] lints_17d_seed42                    | ✓ | acc=68.9% | cost=$0.0991
  [ 384/600] lints_17d_seed42                    | ✓ | acc=69.0% | cost=$0.0994
  [ 385/600] lints_17d_seed42                    | ✗ | acc=68.8% | cost=$0.0997
  [ 386/600] lints_17d_seed42                    | ✓ | acc=68.9% | cost=$0.1000
  [ 387/600] lints_17d_seed42                    | ✓ | acc=69.0% | cost=$0.1004
  [ 388/600] lints_17d_seed42                    | ✓ | acc=69.1% | cost=$0.1004
  [ 389/600] lints_17d_seed42                    | ✗ | acc=68.9% | cost=$0.1007
  [ 390/600] lints_17d_seed42                    | ✓ | acc=69.0% | cost=$0.1010
  [ 391/600] lints_17d_seed42                    | ✓ | acc=69.1% | cost=$0.1013
  [ 392/600] lints_17d_seed42                    | ✓ | acc=69.1% | cost=$0.1016
  [ 393/600] lints_17d_seed42                    | ✓ | acc=69.2% | cost=$0.1018
  [ 394/600] lints_17d_seed42                    | ✓ | acc=69.3% | cost=$0.1021
  [ 395/600] lints_17d_seed42                    | ✓ | acc=69.4% | cost=$0.1023
  [ 396/600] lints_17d_seed42                    | ✓ | acc=69.4% | cost=$0.1026
  [ 397/600] lints_17d_seed42                    | ✓ | acc=69.5% | cost=$0.1029
  [ 398/600] lints_17d_seed42                    | ✓ | acc=69.6% | cost=$0.1031
  [ 399/600] lints_17d_seed42                    | ✓ | acc=69.7% | cost=$0.1034
  [ 400/600] lints_17d_seed42                    | ✓ | acc=69.8% | cost=$0.1034
  [ 401/600] lints_17d_seed42                    | ✓ | acc=69.8% | cost=$0.1037
  [ 402/600] lints_17d_seed42                    | ✓ | acc=69.9% | cost=$0.1037
  [ 403/600] lints_17d_seed42                    | ✓ | acc=70.0% | cost=$0.1040
  [ 404/600] lints_17d_seed42                    | ✓ | acc=70.0% | cost=$0.1043
  [ 405/600] lints_17d_seed42                    | ✓ | acc=70.1% | cost=$0.1046
  [ 406/600] lints_17d_seed42                    | ✓ | acc=70.2% | cost=$0.1049
  [ 407/600] lints_17d_seed42                    | ✓ | acc=70.3% | cost=$0.1053
  [ 408/600] lints_17d_seed42                    | ✓ | acc=70.3% | cost=$0.1055
  [ 409/600] lints_17d_seed42                    | ✓ | acc=70.4% | cost=$0.1058
  [ 410/600] lints_17d_seed42                    | ✓ | acc=70.5% | cost=$0.1062
  [ 411/600] lints_17d_seed42                    | ✓ | acc=70.6% | cost=$0.1064
  [ 412/600] lints_17d_seed42                    | ✓ | acc=70.6% | cost=$0.1067
  [ 413/600] lints_17d_seed42                    | ✓ | acc=70.7% | cost=$0.1072
  [ 414/600] lints_17d_seed42                    | ✗ | acc=70.5% | cost=$0.1074
  [ 415/600] lints_17d_seed42                    | ✓ | acc=70.6% | cost=$0.1076
  [ 416/600] lints_17d_seed42                    | ✓ | acc=70.7% | cost=$0.1079
  [ 417/600] lints_17d_seed42                    | ✓ | acc=70.7% | cost=$0.1079
  [ 418/600] lints_17d_seed42                    | ✓ | acc=70.8% | cost=$0.1082
  [ 419/600] lints_17d_seed42                    | ✓ | acc=70.9% | cost=$0.1084
  [ 420/600] lints_17d_seed42                    | ✓ | acc=71.0% | cost=$0.1087
  [ 421/600] lints_17d_seed42                    | ✓ | acc=71.0% | cost=$0.1089
  [ 422/600] lints_17d_seed42                    | ✓ | acc=71.1% | cost=$0.1089
  [ 423/600] lints_17d_seed42                    | ✓ | acc=71.2% | cost=$0.1092
  [ 424/600] lints_17d_seed42                    | ✓ | acc=71.2% | cost=$0.1095
  [ 425/600] lints_17d_seed42                    | ✓ | acc=71.3% | cost=$0.1097
  [ 426/600] lints_17d_seed42                    | ✓ | acc=71.4% | cost=$0.1100
  [ 427/600] lints_17d_seed42                    | ✓ | acc=71.4% | cost=$0.1103
  [ 428/600] lints_17d_seed42                    | ✓ | acc=71.5% | cost=$0.1106
  [ 429/600] lints_17d_seed42                    | ✓ | acc=71.6% | cost=$0.1108
  [ 430/600] lints_17d_seed42                    | ✓ | acc=71.6% | cost=$0.1112
  [ 431/600] lints_17d_seed42                    | ✓ | acc=71.7% | cost=$0.1115
  [ 432/600] lints_17d_seed42                    | ✓ | acc=71.8% | cost=$0.1118
  [ 433/600] lints_17d_seed42                    | ✓ | acc=71.8% | cost=$0.1121
  [ 434/600] lints_17d_seed42                    | ✓ | acc=71.9% | cost=$0.1124
  [ 435/600] lints_17d_seed42                    | ✓ | acc=72.0% | cost=$0.1126
  [ 436/600] lints_17d_seed42                    | ✗ | acc=71.8% | cost=$0.1126
  [ 437/600] lints_17d_seed42                    | ✓ | acc=71.9% | cost=$0.1129
  [ 438/600] lints_17d_seed42                    | ✓ | acc=71.9% | cost=$0.1131
  [ 439/600] lints_17d_seed42                    | ✓ | acc=72.0% | cost=$0.1133
  [ 440/600] lints_17d_seed42                    | ✓ | acc=72.0% | cost=$0.1136
  [ 441/600] lints_17d_seed42                    | ✗ | acc=71.9% | cost=$0.1138
  [ 442/600] lints_17d_seed42                    | ✓ | acc=71.9% | cost=$0.1141
  [ 443/600] lints_17d_seed42                    | ✓ | acc=72.0% | cost=$0.1143
  [ 444/600] lints_17d_seed42                    | ✓ | acc=72.1% | cost=$0.1143
  [ 445/600] lints_17d_seed42                    | ✗ | acc=71.9% | cost=$0.1143
  [ 446/600] lints_17d_seed42                    | ✓ | acc=72.0% | cost=$0.1146
  [ 447/600] lints_17d_seed42                    | ✓ | acc=72.0% | cost=$0.1146
  [ 448/600] lints_17d_seed42                    | ✓ | acc=72.1% | cost=$0.1150
  [ 449/600] lints_17d_seed42                    | ✓ | acc=72.2% | cost=$0.1152
  [ 450/600] lints_17d_seed42                    | ✓ | acc=72.2% | cost=$0.1157
  [ 451/600] lints_17d_seed42                    | ✓ | acc=72.3% | cost=$0.1159
  [ 452/600] lints_17d_seed42                    | ✓ | acc=72.3% | cost=$0.1159
  [ 453/600] lints_17d_seed42                    | ✓ | acc=72.4% | cost=$0.1162
  [ 454/600] lints_17d_seed42                    | ✓ | acc=72.5% | cost=$0.1165
  [ 455/600] lints_17d_seed42                    | ✓ | acc=72.5% | cost=$0.1165
  [ 456/600] lints_17d_seed42                    | ✓ | acc=72.6% | cost=$0.1167
  [ 457/600] lints_17d_seed42                    | ✓ | acc=72.6% | cost=$0.1170
  [ 458/600] lints_17d_seed42                    | ✓ | acc=72.7% | cost=$0.1174
  [ 459/600] lints_17d_seed42                    | ✓ | acc=72.8% | cost=$0.1177
  [ 460/600] lints_17d_seed42                    | ✓ | acc=72.8% | cost=$0.1178
  [ 461/600] lints_17d_seed42                    | ✓ | acc=72.9% | cost=$0.1180
  [ 462/600] lints_17d_seed42                    | ✓ | acc=72.9% | cost=$0.1182
  [ 463/600] lints_17d_seed42                    | ✓ | acc=73.0% | cost=$0.1183
  [ 464/600] lints_17d_seed42                    | ✓ | acc=73.1% | cost=$0.1185
  [ 465/600] lints_17d_seed42                    | ✓ | acc=73.1% | cost=$0.1188
  [ 466/600] lints_17d_seed42                    | ✓ | acc=73.2% | cost=$0.1188
  [ 467/600] lints_17d_seed42                    | ✓ | acc=73.2% | cost=$0.1191
  [ 468/600] lints_17d_seed42                    | ✓ | acc=73.3% | cost=$0.1193
  [ 469/600] lints_17d_seed42                    | ✓ | acc=73.3% | cost=$0.1194
  [ 470/600] lints_17d_seed42                    | ✓ | acc=73.4% | cost=$0.1196
  [ 471/600] lints_17d_seed42                    | ✓ | acc=73.5% | cost=$0.1200
  [ 472/600] lints_17d_seed42                    | ✓ | acc=73.5% | cost=$0.1203
  [ 473/600] lints_17d_seed42                    | ✓ | acc=73.6% | cost=$0.1206
  [ 474/600] lints_17d_seed42                    | ✓ | acc=73.6% | cost=$0.1206
  [ 475/600] lints_17d_seed42                    | ✓ | acc=73.7% | cost=$0.1206
  [ 476/600] lints_17d_seed42                    | ✓ | acc=73.7% | cost=$0.1209
  [ 477/600] lints_17d_seed42                    | ✓ | acc=73.8% | cost=$0.1212
  [ 478/600] lints_17d_seed42                    | ✓ | acc=73.8% | cost=$0.1212
  [ 479/600] lints_17d_seed42                    | ✓ | acc=73.9% | cost=$0.1215
  [ 480/600] lints_17d_seed42                    | ✓ | acc=74.0% | cost=$0.1215
  [ 481/600] lints_17d_seed42                    | ✓ | acc=74.0% | cost=$0.1220
  [ 482/600] lints_17d_seed42                    | ✓ | acc=74.1% | cost=$0.1223
  [ 483/600] lints_17d_seed42                    | ✓ | acc=74.1% | cost=$0.1226
  [ 484/600] lints_17d_seed42                    | ✓ | acc=74.2% | cost=$0.1229
  [ 485/600] lints_17d_seed42                    | ✓ | acc=74.2% | cost=$0.1233
  [ 486/600] lints_17d_seed42                    | ✓ | acc=74.3% | cost=$0.1236
  [ 487/600] lints_17d_seed42                    | ✓ | acc=74.3% | cost=$0.1236
  [ 488/600] lints_17d_seed42                    | ✓ | acc=74.4% | cost=$0.1239
  [ 489/600] lints_17d_seed42                    | ✓ | acc=74.4% | cost=$0.1239
  [ 490/600] lints_17d_seed42                    | ✓ | acc=74.5% | cost=$0.1240
  [ 491/600] lints_17d_seed42                    | ✓ | acc=74.5% | cost=$0.1242
  [ 492/600] lints_17d_seed42                    | ✓ | acc=74.6% | cost=$0.1242
  [ 493/600] lints_17d_seed42                    | ✓ | acc=74.6% | cost=$0.1244
  [ 494/600] lints_17d_seed42                    | ✗ | acc=74.5% | cost=$0.1248
  [ 495/600] lints_17d_seed42                    | ✓ | acc=74.5% | cost=$0.1248
  [ 496/600] lints_17d_seed42                    | ✗ | acc=74.4% | cost=$0.1253
  [ 497/600] lints_17d_seed42                    | ✓ | acc=74.4% | cost=$0.1253
  [ 498/600] lints_17d_seed42                    | ✓ | acc=74.5% | cost=$0.1256
  [ 499/600] lints_17d_seed42                    | ✓ | acc=74.5% | cost=$0.1256
  [ 500/600] lints_17d_seed42                    | ✓ | acc=74.6% | cost=$0.1260
  [ 501/600] lints_17d_seed42                    | ✗ | acc=74.5% | cost=$0.1260
  [ 502/600] lints_17d_seed42                    | ✓ | acc=74.5% | cost=$0.1263
  [ 503/600] lints_17d_seed42                    | ✗ | acc=74.4% | cost=$0.1263
  [ 504/600] lints_17d_seed42                    | ✓ | acc=74.4% | cost=$0.1263
  [ 505/600] lints_17d_seed42                    | ✓ | acc=74.5% | cost=$0.1266
  [ 506/600] lints_17d_seed42                    | ✓ | acc=74.5% | cost=$0.1270
  [ 507/600] lints_17d_seed42                    | ✓ | acc=74.6% | cost=$0.1270
  [ 508/600] lints_17d_seed42                    | ✗ | acc=74.4% | cost=$0.1270
  [ 509/600] lints_17d_seed42                    | ✗ | acc=74.3% | cost=$0.1271
  [ 510/600] lints_17d_seed42                    | ✓ | acc=74.3% | cost=$0.1271
  [ 511/600] lints_17d_seed42                    | ✓ | acc=74.4% | cost=$0.1274
  [ 512/600] lints_17d_seed42                    | ✓ | acc=74.4% | cost=$0.1274
  [ 513/600] lints_17d_seed42                    | ✓ | acc=74.5% | cost=$0.1278
  [ 514/600] lints_17d_seed42                    | ✗ | acc=74.3% | cost=$0.1278
  [ 515/600] lints_17d_seed42                    | ✓ | acc=74.4% | cost=$0.1282
  [ 516/600] lints_17d_seed42                    | ✓ | acc=74.4% | cost=$0.1282
  [ 517/600] lints_17d_seed42                    | ✓ | acc=74.5% | cost=$0.1282
  [ 518/600] lints_17d_seed42                    | ✓ | acc=74.5% | cost=$0.1285
  [ 519/600] lints_17d_seed42                    | ✗ | acc=74.4% | cost=$0.1288
  [ 520/600] lints_17d_seed42                    | ✓ | acc=74.4% | cost=$0.1290
  [ 521/600] lints_17d_seed42                    | ✓ | acc=74.5% | cost=$0.1290
  [ 522/600] lints_17d_seed42                    | ✓ | acc=74.5% | cost=$0.1290
  [ 523/600] lints_17d_seed42                    | ✗ | acc=74.4% | cost=$0.1295
  [ 524/600] lints_17d_seed42                    | ✓ | acc=74.4% | cost=$0.1298
  [ 525/600] lints_17d_seed42                    | ✓ | acc=74.5% | cost=$0.1298
  [ 526/600] lints_17d_seed42                    | ✓ | acc=74.5% | cost=$0.1302
  [ 527/600] lints_17d_seed42                    | ✓ | acc=74.6% | cost=$0.1305
  [ 528/600] lints_17d_seed42                    | ✓ | acc=74.6% | cost=$0.1307
  [ 529/600] lints_17d_seed42                    | ✓ | acc=74.7% | cost=$0.1310
  [ 530/600] lints_17d_seed42                    | ✓ | acc=74.7% | cost=$0.1313
  [ 531/600] lints_17d_seed42                    | ✓ | acc=74.8% | cost=$0.1316
  [ 532/600] lints_17d_seed42                    | ✓ | acc=74.8% | cost=$0.1318
  [ 533/600] lints_17d_seed42                    | ✓ | acc=74.9% | cost=$0.1322
  [ 534/600] lints_17d_seed42                    | ✓ | acc=74.9% | cost=$0.1324
  [ 535/600] lints_17d_seed42                    | ✓ | acc=75.0% | cost=$0.1325
  [ 536/600] lints_17d_seed42                    | ✓ | acc=75.0% | cost=$0.1325
  [ 537/600] lints_17d_seed42                    | ✗ | acc=74.9% | cost=$0.1329
  [ 538/600] lints_17d_seed42                    | ✓ | acc=74.9% | cost=$0.1332
  [ 539/600] lints_17d_seed42                    | ✓ | acc=75.0% | cost=$0.1337
  [ 540/600] lints_17d_seed42                    | ✓ | acc=75.0% | cost=$0.1339
  [ 541/600] lints_17d_seed42                    | ✓ | acc=75.0% | cost=$0.1339
  [ 542/600] lints_17d_seed42                    | ✓ | acc=75.1% | cost=$0.1341
  [ 543/600] lints_17d_seed42                    | ✓ | acc=75.1% | cost=$0.1344
  [ 544/600] lints_17d_seed42                    | ✗ | acc=75.0% | cost=$0.1348
  [ 545/600] lints_17d_seed42                    | ✓ | acc=75.0% | cost=$0.1348
  [ 546/600] lints_17d_seed42                    | ✓ | acc=75.1% | cost=$0.1350
  [ 547/600] lints_17d_seed42                    | ✓ | acc=75.1% | cost=$0.1354
  [ 548/600] lints_17d_seed42                    | ✓ | acc=75.2% | cost=$0.1357
  [ 549/600] lints_17d_seed42                    | ✗ | acc=75.0% | cost=$0.1360
  [ 550/600] lints_17d_seed42                    | ✗ | acc=74.9% | cost=$0.1364
  [ 551/600] lints_17d_seed42                    | ✓ | acc=75.0% | cost=$0.1367
  [ 552/600] lints_17d_seed42                    | ✗ | acc=74.8% | cost=$0.1371
  [ 553/600] lints_17d_seed42                    | ✓ | acc=74.9% | cost=$0.1373
  [ 554/600] lints_17d_seed42                    | ✓ | acc=74.9% | cost=$0.1376
  [ 555/600] lints_17d_seed42                    | ✓ | acc=75.0% | cost=$0.1376
  [ 556/600] lints_17d_seed42                    | ✓ | acc=75.0% | cost=$0.1376
  [ 557/600] lints_17d_seed42                    | ✓ | acc=75.0% | cost=$0.1379
  [ 558/600] lints_17d_seed42                    | ✓ | acc=75.1% | cost=$0.1383
  [ 559/600] lints_17d_seed42                    | ✓ | acc=75.1% | cost=$0.1386
  [ 560/600] lints_17d_seed42                    | ✓ | acc=75.2% | cost=$0.1388
  [ 561/600] lints_17d_seed42                    | ✓ | acc=75.2% | cost=$0.1391
  [ 562/600] lints_17d_seed42                    | ✓ | acc=75.3% | cost=$0.1395
  [ 563/600] lints_17d_seed42                    | ✗ | acc=75.1% | cost=$0.1398
  [ 564/600] lints_17d_seed42                    | ✓ | acc=75.2% | cost=$0.1398
  [ 565/600] lints_17d_seed42                    | ✓ | acc=75.2% | cost=$0.1401
  [ 566/600] lints_17d_seed42                    | ✓ | acc=75.3% | cost=$0.1404
  [ 567/600] lints_17d_seed42                    | ✓ | acc=75.3% | cost=$0.1406
  [ 568/600] lints_17d_seed42                    | ✓ | acc=75.4% | cost=$0.1409
  [ 569/600] lints_17d_seed42                    | ✓ | acc=75.4% | cost=$0.1411
  [ 570/600] lints_17d_seed42                    | ✓ | acc=75.4% | cost=$0.1414
  [ 571/600] lints_17d_seed42                    | ✓ | acc=75.5% | cost=$0.1414
  [ 572/600] lints_17d_seed42                    | ✓ | acc=75.5% | cost=$0.1417
  [ 573/600] lints_17d_seed42                    | ✓ | acc=75.6% | cost=$0.1417
  [ 574/600] lints_17d_seed42                    | ✓ | acc=75.6% | cost=$0.1421
  [ 575/600] lints_17d_seed42                    | ✓ | acc=75.7% | cost=$0.1423
  [ 576/600] lints_17d_seed42                    | ✓ | acc=75.7% | cost=$0.1427
  [ 577/600] lints_17d_seed42                    | ✓ | acc=75.7% | cost=$0.1427
  [ 578/600] lints_17d_seed42                    | ✓ | acc=75.8% | cost=$0.1427
  [ 579/600] lints_17d_seed42                    | ✓ | acc=75.8% | cost=$0.1430
  [ 580/600] lints_17d_seed42                    | ✓ | acc=75.9% | cost=$0.1432
  [ 581/600] lints_17d_seed42                    | ✗ | acc=75.7% | cost=$0.1436
  [ 582/600] lints_17d_seed42                    | ✓ | acc=75.8% | cost=$0.1438
  [ 583/600] lints_17d_seed42                    | ✓ | acc=75.8% | cost=$0.1441
  [ 584/600] lints_17d_seed42                    | ✓ | acc=75.9% | cost=$0.1444
  [ 585/600] lints_17d_seed42                    | ✓ | acc=75.9% | cost=$0.1447
  [ 586/600] lints_17d_seed42                    | ✗ | acc=75.8% | cost=$0.1450
  [ 587/600] lints_17d_seed42                    | ✓ | acc=75.8% | cost=$0.1453
  [ 588/600] lints_17d_seed42                    | ✓ | acc=75.9% | cost=$0.1455
  [ 589/600] lints_17d_seed42                    | ✓ | acc=75.9% | cost=$0.1455
  [ 590/600] lints_17d_seed42                    | ✓ | acc=75.9% | cost=$0.1458
  [ 591/600] lints_17d_seed42                    | ✓ | acc=76.0% | cost=$0.1462
  [ 592/600] lints_17d_seed42                    | ✓ | acc=76.0% | cost=$0.1464
  [ 593/600] lints_17d_seed42                    | ✓ | acc=76.1% | cost=$0.1467
  [ 594/600] lints_17d_seed42                    | ✓ | acc=76.1% | cost=$0.1471
  [ 595/600] lints_17d_seed42                    | ✓ | acc=76.1% | cost=$0.1474
  [ 596/600] lints_17d_seed42                    | ✓ | acc=76.2% | cost=$0.1478
  [ 597/600] lints_17d_seed42                    | ✗ | acc=76.0% | cost=$0.1480
  [ 598/600] lints_17d_seed42                    | ✓ | acc=76.1% | cost=$0.1484
  [ 599/600] lints_17d_seed42                    | ✗ | acc=76.0% | cost=$0.1487
  [ 600/600] lints_17d_seed42                    | ✓ | acc=76.0% | cost=$0.1490
  DONE: n=600, acc=76.0%, cost=$0.1490

--- LinTS 27d features ---

=== lints_27d_seed42 (tag=dim27_ablation, 600 queries) ===
  [   1/600] lints_27d_seed42                    | ✗ | acc=0.0% | cost=$0.0005
  [   2/600] lints_27d_seed42                    | ✗ | acc=0.0% | cost=$0.0007
  [   3/600] lints_27d_seed42                    | ✗ | acc=0.0% | cost=$0.0011
  [   4/600] lints_27d_seed42                    | ✓ | acc=25.0% | cost=$0.0011
  [   5/600] lints_27d_seed42                    | ✓ | acc=40.0% | cost=$0.0011
  [   6/600] lints_27d_seed42                    | ✗ | acc=33.3% | cost=$0.0011
  [   7/600] lints_27d_seed42                    | ✗ | acc=28.6% | cost=$0.0017
  [   8/600] lints_27d_seed42                    | ✗ | acc=25.0% | cost=$0.0017
  [   9/600] lints_27d_seed42                    | ✗ | acc=22.2% | cost=$0.0017
  [  10/600] lints_27d_seed42                    | ✓ | acc=30.0% | cost=$0.0017
  [  11/600] lints_27d_seed42                    | ✗ | acc=27.3% | cost=$0.0018
  [  12/600] lints_27d_seed42                    | ✗ | acc=25.0% | cost=$0.0018
  [  13/600] lints_27d_seed42                    | ✓ | acc=30.8% | cost=$0.0018
  [  14/600] lints_27d_seed42                    | ✗ | acc=28.6% | cost=$0.0020
  [  15/600] lints_27d_seed42                    | ✓ | acc=33.3% | cost=$0.0021
  [  16/600] lints_27d_seed42                    | ✗ | acc=31.2% | cost=$0.0021
  [  17/600] lints_27d_seed42                    | ✗ | acc=29.4% | cost=$0.0021
  [  18/600] lints_27d_seed42                    | ✗ | acc=27.8% | cost=$0.0025
  [  19/600] lints_27d_seed42                    | ✓ | acc=31.6% | cost=$0.0025
  [  20/600] lints_27d_seed42                    | ✓ | acc=35.0% | cost=$0.0025
  [  21/600] lints_27d_seed42                    | ✓ | acc=38.1% | cost=$0.0025
  [  22/600] lints_27d_seed42                    | ✓ | acc=40.9% | cost=$0.0025
  [  23/600] lints_27d_seed42                    | ✗ | acc=39.1% | cost=$0.0026
  [  24/600] lints_27d_seed42                    | ✓ | acc=41.7% | cost=$0.0028
  [  25/600] lints_27d_seed42                    | ✗ | acc=40.0% | cost=$0.0028
  [  26/600] lints_27d_seed42                    | ✓ | acc=42.3% | cost=$0.0028
  [  27/600] lints_27d_seed42                    | ✗ | acc=40.7% | cost=$0.0029
  [  28/600] lints_27d_seed42                    | ✓ | acc=42.9% | cost=$0.0029
  [  29/600] lints_27d_seed42                    | ✓ | acc=44.8% | cost=$0.0029
  [  30/600] lints_27d_seed42                    | ✗ | acc=43.3% | cost=$0.0029
  [  31/600] lints_27d_seed42                    | ✗ | acc=41.9% | cost=$0.0029
  [  32/600] lints_27d_seed42                    | ✗ | acc=40.6% | cost=$0.0029
  [  33/600] lints_27d_seed42                    | ✗ | acc=39.4% | cost=$0.0032
  [  34/600] lints_27d_seed42                    | ✓ | acc=41.2% | cost=$0.0036
  [  35/600] lints_27d_seed42                    | ✗ | acc=40.0% | cost=$0.0036
  [  36/600] lints_27d_seed42                    | ✗ | acc=38.9% | cost=$0.0039
  [  37/600] lints_27d_seed42                    | ✗ | acc=37.8% | cost=$0.0039
  [  38/600] lints_27d_seed42                    | ✓ | acc=39.5% | cost=$0.0042
  [  39/600] lints_27d_seed42                    | ✗ | acc=38.5% | cost=$0.0042
  [  40/600] lints_27d_seed42                    | ✗ | acc=37.5% | cost=$0.0047
  [  41/600] lints_27d_seed42                    | ✗ | acc=36.6% | cost=$0.0047
  [  42/600] lints_27d_seed42                    | ✗ | acc=35.7% | cost=$0.0050
  [  43/600] lints_27d_seed42                    | ✗ | acc=34.9% | cost=$0.0050
  [  44/600] lints_27d_seed42                    | ✗ | acc=34.1% | cost=$0.0055
  [  45/600] lints_27d_seed42                    | ✓ | acc=35.6% | cost=$0.0055
  [  46/600] lints_27d_seed42                    | ✗ | acc=34.8% | cost=$0.0055
  [  47/600] lints_27d_seed42                    | ✗ | acc=34.0% | cost=$0.0059
  [  48/600] lints_27d_seed42                    | ✗ | acc=33.3% | cost=$0.0059
  [  49/600] lints_27d_seed42                    | ✗ | acc=32.7% | cost=$0.0062
  [  50/600] lints_27d_seed42                    | ✗ | acc=32.0% | cost=$0.0062
  [  51/600] lints_27d_seed42                    | ✓ | acc=33.3% | cost=$0.0065
  [  52/600] lints_27d_seed42                    | ✗ | acc=32.7% | cost=$0.0067
  [  53/600] lints_27d_seed42                    | ✓ | acc=34.0% | cost=$0.0068
  [  54/600] lints_27d_seed42                    | ✓ | acc=35.2% | cost=$0.0068
  [  55/600] lints_27d_seed42                    | ✗ | acc=34.5% | cost=$0.0068
  [  56/600] lints_27d_seed42                    | ✗ | acc=33.9% | cost=$0.0068
  [  57/600] lints_27d_seed42                    | ✓ | acc=35.1% | cost=$0.0073
  [  58/600] lints_27d_seed42                    | ✓ | acc=36.2% | cost=$0.0073
  [  59/600] lints_27d_seed42                    | ✗ | acc=35.6% | cost=$0.0074
  [  60/600] lints_27d_seed42                    | ✗ | acc=35.0% | cost=$0.0077
  [  61/600] lints_27d_seed42                    | ✗ | acc=34.4% | cost=$0.0079
  [  62/600] lints_27d_seed42                    | ✗ | acc=33.9% | cost=$0.0082
  [  63/600] lints_27d_seed42                    | ✗ | acc=33.3% | cost=$0.0082
  [  64/600] lints_27d_seed42                    | ✗ | acc=32.8% | cost=$0.0082
  [  65/600] lints_27d_seed42                    | ✗ | acc=32.3% | cost=$0.0082
  [  66/600] lints_27d_seed42                    | ✗ | acc=31.8% | cost=$0.0082
  [  67/600] lints_27d_seed42                    | ✗ | acc=31.3% | cost=$0.0083
  [  68/600] lints_27d_seed42                    | ✗ | acc=30.9% | cost=$0.0083
  [  69/600] lints_27d_seed42                    | ✓ | acc=31.9% | cost=$0.0085
  [  70/600] lints_27d_seed42                    | ✗ | acc=31.4% | cost=$0.0086
  [  71/600] lints_27d_seed42                    | ✗ | acc=31.0% | cost=$0.0086
  [  72/600] lints_27d_seed42                    | ✗ | acc=30.6% | cost=$0.0086
  [  73/600] lints_27d_seed42                    | ✗ | acc=30.1% | cost=$0.0090
  [  74/600] lints_27d_seed42                    | ✗ | acc=29.7% | cost=$0.0090
  [  75/600] lints_27d_seed42                    | ✓ | acc=30.7% | cost=$0.0093
  [  76/600] lints_27d_seed42                    | ✓ | acc=31.6% | cost=$0.0098
  [  77/600] lints_27d_seed42                    | ✗ | acc=31.2% | cost=$0.0098
  [  78/600] lints_27d_seed42                    | ✓ | acc=32.1% | cost=$0.0102
  [  79/600] lints_27d_seed42                    | ✗ | acc=31.6% | cost=$0.0103
  [  80/600] lints_27d_seed42                    | ✓ | acc=32.5% | cost=$0.0105
  [  81/600] lints_27d_seed42                    | ✗ | acc=32.1% | cost=$0.0105
  [  82/600] lints_27d_seed42                    | ✗ | acc=31.7% | cost=$0.0109
  [  83/600] lints_27d_seed42                    | ✗ | acc=31.3% | cost=$0.0111
  [  84/600] lints_27d_seed42                    | ✓ | acc=32.1% | cost=$0.0117
  [  85/600] lints_27d_seed42                    | ✓ | acc=32.9% | cost=$0.0117
  [  86/600] lints_27d_seed42                    | ✓ | acc=33.7% | cost=$0.0120
  [  87/600] lints_27d_seed42                    | ✗ | acc=33.3% | cost=$0.0123
  [  88/600] lints_27d_seed42                    | ✗ | acc=33.0% | cost=$0.0123
  [  89/600] lints_27d_seed42                    | ✗ | acc=32.6% | cost=$0.0126
  [  90/600] lints_27d_seed42                    | ✗ | acc=32.2% | cost=$0.0129
  [  91/600] lints_27d_seed42                    | ✗ | acc=31.9% | cost=$0.0133
  [  92/600] lints_27d_seed42                    | ✓ | acc=32.6% | cost=$0.0134
  [  93/600] lints_27d_seed42                    | ✓ | acc=33.3% | cost=$0.0134
  [  94/600] lints_27d_seed42                    | ✗ | acc=33.0% | cost=$0.0137
  [  95/600] lints_27d_seed42                    | ✗ | acc=32.6% | cost=$0.0138
  [  96/600] lints_27d_seed42                    | ✓ | acc=33.3% | cost=$0.0138
  [  97/600] lints_27d_seed42                    | ✗ | acc=33.0% | cost=$0.0142
  [  98/600] lints_27d_seed42                    | ✓ | acc=33.7% | cost=$0.0142
  [  99/600] lints_27d_seed42                    | ✗ | acc=33.3% | cost=$0.0143
  [ 100/600] lints_27d_seed42                    | ✓ | acc=34.0% | cost=$0.0146
  [ 101/600] lints_27d_seed42                    | ✓ | acc=34.7% | cost=$0.0148
  [ 102/600] lints_27d_seed42                    | ✓ | acc=35.3% | cost=$0.0148
  [ 103/600] lints_27d_seed42                    | ✓ | acc=35.9% | cost=$0.0152
  [ 104/600] lints_27d_seed42                    | ✓ | acc=36.5% | cost=$0.0155
  [ 105/600] lints_27d_seed42                    | ✗ | acc=36.2% | cost=$0.0158
  [ 106/600] lints_27d_seed42                    | ✗ | acc=35.8% | cost=$0.0163
  [ 107/600] lints_27d_seed42                    | ✗ | acc=35.5% | cost=$0.0163
  [ 108/600] lints_27d_seed42                    | ✓ | acc=36.1% | cost=$0.0166
  [ 109/600] lints_27d_seed42                    | ✗ | acc=35.8% | cost=$0.0169
  [ 110/600] lints_27d_seed42                    | ✓ | acc=36.4% | cost=$0.0169
  [ 111/600] lints_27d_seed42                    | ✓ | acc=36.9% | cost=$0.0171
  [ 112/600] lints_27d_seed42                    | ✗ | acc=36.6% | cost=$0.0174
  [ 113/600] lints_27d_seed42                    | ✓ | acc=37.2% | cost=$0.0178
  [ 114/600] lints_27d_seed42                    | ✓ | acc=37.7% | cost=$0.0179
  [ 115/600] lints_27d_seed42                    | ✗ | acc=37.4% | cost=$0.0179
  [ 116/600] lints_27d_seed42                    | ✗ | acc=37.1% | cost=$0.0182
  [ 117/600] lints_27d_seed42                    | ✗ | acc=36.8% | cost=$0.0186
  [ 118/600] lints_27d_seed42                    | ✓ | acc=37.3% | cost=$0.0187
  [ 119/600] lints_27d_seed42                    | ✗ | acc=37.0% | cost=$0.0187
  [ 120/600] lints_27d_seed42                    | ✗ | acc=36.7% | cost=$0.0187
  [ 121/600] lints_27d_seed42                    | ✓ | acc=37.2% | cost=$0.0187
  [ 122/600] lints_27d_seed42                    | ✓ | acc=37.7% | cost=$0.0187
  [ 123/600] lints_27d_seed42                    | ✓ | acc=38.2% | cost=$0.0187
  [ 124/600] lints_27d_seed42                    | ✓ | acc=38.7% | cost=$0.0190
  [ 125/600] lints_27d_seed42                    | ✓ | acc=39.2% | cost=$0.0193
  [ 126/600] lints_27d_seed42                    | ✓ | acc=39.7% | cost=$0.0195
  [ 127/600] lints_27d_seed42                    | ✓ | acc=40.2% | cost=$0.0195
  [ 128/600] lints_27d_seed42                    | ✓ | acc=40.6% | cost=$0.0195
  [ 129/600] lints_27d_seed42                    | ✗ | acc=40.3% | cost=$0.0196
  [ 130/600] lints_27d_seed42                    | ✓ | acc=40.8% | cost=$0.0198
  [ 131/600] lints_27d_seed42                    | ✗ | acc=40.5% | cost=$0.0198
  [ 132/600] lints_27d_seed42                    | ✓ | acc=40.9% | cost=$0.0198
  [ 133/600] lints_27d_seed42                    | ✗ | acc=40.6% | cost=$0.0199
  [ 134/600] lints_27d_seed42                    | ✓ | acc=41.0% | cost=$0.0225
  [ 135/600] lints_27d_seed42                    | ✓ | acc=41.5% | cost=$0.0228
  [ 136/600] lints_27d_seed42                    | ✓ | acc=41.9% | cost=$0.0230
  [ 137/600] lints_27d_seed42                    | ✗ | acc=41.6% | cost=$0.0230
  [ 138/600] lints_27d_seed42                    | ✓ | acc=42.0% | cost=$0.0233
  [ 139/600] lints_27d_seed42                    | ✓ | acc=42.4% | cost=$0.0236
  [ 140/600] lints_27d_seed42                    | ✗ | acc=42.1% | cost=$0.0240
  [ 141/600] lints_27d_seed42                    | ✗ | acc=41.8% | cost=$0.0240
  [ 142/600] lints_27d_seed42                    | ✓ | acc=42.3% | cost=$0.0243
  [ 143/600] lints_27d_seed42                    | ✓ | acc=42.7% | cost=$0.0246
  [ 144/600] lints_27d_seed42                    | ✓ | acc=43.1% | cost=$0.0248
  [ 145/600] lints_27d_seed42                    | ✓ | acc=43.4% | cost=$0.0250
  [ 146/600] lints_27d_seed42                    | ✓ | acc=43.8% | cost=$0.0253
  [ 147/600] lints_27d_seed42                    | ✗ | acc=43.5% | cost=$0.0253
  [ 148/600] lints_27d_seed42                    | ✓ | acc=43.9% | cost=$0.0256
  [ 149/600] lints_27d_seed42                    | ✓ | acc=44.3% | cost=$0.0259
  [ 150/600] lints_27d_seed42                    | ✗ | acc=44.0% | cost=$0.0261
  [ 151/600] lints_27d_seed42                    | ✓ | acc=44.4% | cost=$0.0262
  [ 152/600] lints_27d_seed42                    | ✓ | acc=44.7% | cost=$0.0264
  [ 153/600] lints_27d_seed42                    | ✓ | acc=45.1% | cost=$0.0267
  [ 154/600] lints_27d_seed42                    | ✓ | acc=45.5% | cost=$0.0270
  [ 155/600] lints_27d_seed42                    | ✗ | acc=45.2% | cost=$0.0273
  [ 156/600] lints_27d_seed42                    | ✓ | acc=45.5% | cost=$0.0276
  [ 157/600] lints_27d_seed42                    | ✗ | acc=45.2% | cost=$0.0279
  [ 158/600] lints_27d_seed42                    | ✓ | acc=45.6% | cost=$0.0283
  [ 159/600] lints_27d_seed42                    | ✗ | acc=45.3% | cost=$0.0286
  [ 160/600] lints_27d_seed42                    | ✓ | acc=45.6% | cost=$0.0291
  [ 161/600] lints_27d_seed42                    | ✓ | acc=46.0% | cost=$0.0291
  [ 162/600] lints_27d_seed42                    | ✓ | acc=46.3% | cost=$0.0291
  [ 163/600] lints_27d_seed42                    | ✗ | acc=46.0% | cost=$0.0291
  [ 164/600] lints_27d_seed42                    | ✓ | acc=46.3% | cost=$0.0297
  [ 165/600] lints_27d_seed42                    | ✓ | acc=46.7% | cost=$0.0297
  [ 166/600] lints_27d_seed42                    | ✓ | acc=47.0% | cost=$0.0301
  [ 167/600] lints_27d_seed42                    | ✓ | acc=47.3% | cost=$0.0301
  [ 168/600] lints_27d_seed42                    | ✓ | acc=47.6% | cost=$0.0303
  [ 169/600] lints_27d_seed42                    | ✓ | acc=47.9% | cost=$0.0307
  [ 170/600] lints_27d_seed42                    | ✓ | acc=48.2% | cost=$0.0308
  [ 171/600] lints_27d_seed42                    | ✓ | acc=48.5% | cost=$0.0311
  [ 172/600] lints_27d_seed42                    | ✗ | acc=48.3% | cost=$0.0315
  [ 173/600] lints_27d_seed42                    | ✓ | acc=48.6% | cost=$0.0318
  [ 174/600] lints_27d_seed42                    | ✓ | acc=48.9% | cost=$0.0318
  [ 175/600] lints_27d_seed42                    | ✗ | acc=48.6% | cost=$0.0321
  [ 176/600] lints_27d_seed42                    | ✓ | acc=48.9% | cost=$0.0321
  [ 177/600] lints_27d_seed42                    | ✓ | acc=49.2% | cost=$0.0321
  [ 178/600] lints_27d_seed42                    | ✓ | acc=49.4% | cost=$0.0324
  [ 179/600] lints_27d_seed42                    | ✓ | acc=49.7% | cost=$0.0327
  [ 180/600] lints_27d_seed42                    | ✓ | acc=50.0% | cost=$0.0327
  [ 181/600] lints_27d_seed42                    | ✓ | acc=50.3% | cost=$0.0329
  [ 182/600] lints_27d_seed42                    | ✓ | acc=50.5% | cost=$0.0332
  [ 183/600] lints_27d_seed42                    | ✓ | acc=50.8% | cost=$0.0333
  [ 184/600] lints_27d_seed42                    | ✗ | acc=50.5% | cost=$0.0333
  [ 185/600] lints_27d_seed42                    | ✓ | acc=50.8% | cost=$0.0333
  [ 186/600] lints_27d_seed42                    | ✓ | acc=51.1% | cost=$0.0333
  [ 187/600] lints_27d_seed42                    | ✓ | acc=51.3% | cost=$0.0337
  [ 188/600] lints_27d_seed42                    | ✓ | acc=51.6% | cost=$0.0337
  [ 189/600] lints_27d_seed42                    | ✓ | acc=51.9% | cost=$0.0337
  [ 190/600] lints_27d_seed42                    | ✓ | acc=52.1% | cost=$0.0338
  [ 191/600] lints_27d_seed42                    | ✓ | acc=52.4% | cost=$0.0338
  [ 192/600] lints_27d_seed42                    | ✓ | acc=52.6% | cost=$0.0338
  [ 193/600] lints_27d_seed42                    | ✗ | acc=52.3% | cost=$0.0338
  [ 194/600] lints_27d_seed42                    | ✓ | acc=52.6% | cost=$0.0338
  [ 195/600] lints_27d_seed42                    | ✗ | acc=52.3% | cost=$0.0341
  [ 196/600] lints_27d_seed42                    | ✓ | acc=52.6% | cost=$0.0341
  [ 197/600] lints_27d_seed42                    | ✓ | acc=52.8% | cost=$0.0341
  [ 198/600] lints_27d_seed42                    | ✓ | acc=53.0% | cost=$0.0342
  [ 199/600] lints_27d_seed42                    | ✗ | acc=52.8% | cost=$0.0344
  [ 200/600] lints_27d_seed42                    | ✓ | acc=53.0% | cost=$0.0344
  [ 201/600] lints_27d_seed42                    | ✓ | acc=53.2% | cost=$0.0344
  [ 202/600] lints_27d_seed42                    | ✓ | acc=53.5% | cost=$0.0347
  [ 203/600] lints_27d_seed42                    | ✓ | acc=53.7% | cost=$0.0350
  [ 204/600] lints_27d_seed42                    | ✓ | acc=53.9% | cost=$0.0351
  [ 205/600] lints_27d_seed42                    | ✓ | acc=54.1% | cost=$0.0353
  [ 206/600] lints_27d_seed42                    | ✓ | acc=54.4% | cost=$0.0356
  [ 207/600] lints_27d_seed42                    | ✓ | acc=54.6% | cost=$0.0356
  [ 208/600] lints_27d_seed42                    | ✓ | acc=54.8% | cost=$0.0356
  [ 209/600] lints_27d_seed42                    | ✓ | acc=55.0% | cost=$0.0356
  [ 210/600] lints_27d_seed42                    | ✓ | acc=55.2% | cost=$0.0356
  [ 211/600] lints_27d_seed42                    | ✗ | acc=55.0% | cost=$0.0357
  [ 212/600] lints_27d_seed42                    | ✗ | acc=54.7% | cost=$0.0357
  [ 213/600] lints_27d_seed42                    | ✓ | acc=54.9% | cost=$0.0360
  [ 214/600] lints_27d_seed42                    | ✗ | acc=54.7% | cost=$0.0362
  [ 215/600] lints_27d_seed42                    | ✓ | acc=54.9% | cost=$0.0365
  [ 216/600] lints_27d_seed42                    | ✓ | acc=55.1% | cost=$0.0368
  [ 217/600] lints_27d_seed42                    | ✓ | acc=55.3% | cost=$0.0371
  [ 218/600] lints_27d_seed42                    | ✓ | acc=55.5% | cost=$0.0374
  [ 219/600] lints_27d_seed42                    | ✓ | acc=55.7% | cost=$0.0374
  [ 220/600] lints_27d_seed42                    | ✓ | acc=55.9% | cost=$0.0376
  [ 221/600] lints_27d_seed42                    | ✗ | acc=55.7% | cost=$0.0376
  [ 222/600] lints_27d_seed42                    | ✓ | acc=55.9% | cost=$0.0379
  [ 223/600] lints_27d_seed42                    | ✓ | acc=56.1% | cost=$0.0379
  [ 224/600] lints_27d_seed42                    | ✓ | acc=56.2% | cost=$0.0382
  [ 225/600] lints_27d_seed42                    | ✓ | acc=56.4% | cost=$0.0382
  [ 226/600] lints_27d_seed42                    | ✓ | acc=56.6% | cost=$0.0382
  [ 227/600] lints_27d_seed42                    | ✗ | acc=56.4% | cost=$0.0384
  [ 228/600] lints_27d_seed42                    | ✓ | acc=56.6% | cost=$0.0387
  [ 229/600] lints_27d_seed42                    | ✓ | acc=56.8% | cost=$0.0389
  [ 230/600] lints_27d_seed42                    | ✓ | acc=57.0% | cost=$0.0389
  [ 231/600] lints_27d_seed42                    | ✓ | acc=57.1% | cost=$0.0393
  [ 232/600] lints_27d_seed42                    | ✓ | acc=57.3% | cost=$0.0396
  [ 233/600] lints_27d_seed42                    | ✓ | acc=57.5% | cost=$0.0396
  [ 234/600] lints_27d_seed42                    | ✓ | acc=57.7% | cost=$0.0396
  [ 235/600] lints_27d_seed42                    | ✓ | acc=57.9% | cost=$0.0399
  [ 236/600] lints_27d_seed42                    | ✗ | acc=57.6% | cost=$0.0400
  [ 237/600] lints_27d_seed42                    | ✓ | acc=57.8% | cost=$0.0400
  [ 238/600] lints_27d_seed42                    | ✓ | acc=58.0% | cost=$0.0400
  [ 239/600] lints_27d_seed42                    | ✓ | acc=58.2% | cost=$0.0400
  [ 240/600] lints_27d_seed42                    | ✓ | acc=58.3% | cost=$0.0402
  [ 241/600] lints_27d_seed42                    | ✓ | acc=58.5% | cost=$0.0405
  [ 242/600] lints_27d_seed42                    | ✓ | acc=58.7% | cost=$0.0405
  [ 243/600] lints_27d_seed42                    | ✓ | acc=58.8% | cost=$0.0406
  [ 244/600] lints_27d_seed42                    | ✗ | acc=58.6% | cost=$0.0406
  [ 245/600] lints_27d_seed42                    | ✓ | acc=58.8% | cost=$0.0417
  [ 246/600] lints_27d_seed42                    | ✓ | acc=58.9% | cost=$0.0420
  [ 247/600] lints_27d_seed42                    | ✓ | acc=59.1% | cost=$0.0421
  [ 248/600] lints_27d_seed42                    | ✓ | acc=59.3% | cost=$0.0421
  [ 249/600] lints_27d_seed42                    | ✓ | acc=59.4% | cost=$0.0423
  [ 250/600] lints_27d_seed42                    | ✓ | acc=59.6% | cost=$0.0428
  [ 251/600] lints_27d_seed42                    | ✗ | acc=59.4% | cost=$0.0432
  [ 252/600] lints_27d_seed42                    | ✓ | acc=59.5% | cost=$0.0432
  [ 253/600] lints_27d_seed42                    | ✓ | acc=59.7% | cost=$0.0440
  [ 254/600] lints_27d_seed42                    | ✗ | acc=59.4% | cost=$0.0440
  [ 255/600] lints_27d_seed42                    | ✓ | acc=59.6% | cost=$0.0440
  [ 256/600] lints_27d_seed42                    | ✓ | acc=59.8% | cost=$0.0440
  [ 257/600] lints_27d_seed42                    | ✓ | acc=59.9% | cost=$0.0450
  [ 258/600] lints_27d_seed42                    | ✓ | acc=60.1% | cost=$0.0450
  [ 259/600] lints_27d_seed42                    | ✗ | acc=59.8% | cost=$0.0450
  [ 260/600] lints_27d_seed42                    | ✓ | acc=60.0% | cost=$0.0459
  [ 261/600] lints_27d_seed42                    | ✓ | acc=60.2% | cost=$0.0460
  [ 262/600] lints_27d_seed42                    | ✓ | acc=60.3% | cost=$0.0462
  [ 263/600] lints_27d_seed42                    | ✓ | acc=60.5% | cost=$0.0465
  [ 264/600] lints_27d_seed42                    | ✓ | acc=60.6% | cost=$0.0477
  [ 265/600] lints_27d_seed42                    | ✓ | acc=60.8% | cost=$0.0484
  [ 266/600] lints_27d_seed42                    | ✓ | acc=60.9% | cost=$0.0485
  [ 267/600] lints_27d_seed42                    | ✗ | acc=60.7% | cost=$0.0485
  [ 268/600] lints_27d_seed42                    | ✓ | acc=60.8% | cost=$0.0486
  [ 269/600] lints_27d_seed42                    | ✓ | acc=61.0% | cost=$0.0490
  [ 270/600] lints_27d_seed42                    | ✓ | acc=61.1% | cost=$0.0500
  [ 271/600] lints_27d_seed42                    | ✓ | acc=61.3% | cost=$0.0501
  [ 272/600] lints_27d_seed42                    | ✓ | acc=61.4% | cost=$0.0504
  [ 273/600] lints_27d_seed42                    | ✓ | acc=61.5% | cost=$0.0504
  [ 274/600] lints_27d_seed42                    | ✓ | acc=61.7% | cost=$0.0504
  [ 275/600] lints_27d_seed42                    | ✓ | acc=61.8% | cost=$0.0504
  [ 276/600] lints_27d_seed42                    | ✓ | acc=62.0% | cost=$0.0505
  [ 277/600] lints_27d_seed42                    | ✓ | acc=62.1% | cost=$0.0505
  [ 278/600] lints_27d_seed42                    | ✗ | acc=61.9% | cost=$0.0510
  [ 279/600] lints_27d_seed42                    | ✓ | acc=62.0% | cost=$0.0512
  [ 280/600] lints_27d_seed42                    | ✓ | acc=62.1% | cost=$0.0514
  [ 281/600] lints_27d_seed42                    | ✓ | acc=62.3% | cost=$0.0517
  [ 282/600] lints_27d_seed42                    | ✓ | acc=62.4% | cost=$0.0517
  [ 283/600] lints_27d_seed42                    | ✓ | acc=62.5% | cost=$0.0520
  [ 284/600] lints_27d_seed42                    | ✓ | acc=62.7% | cost=$0.0521
  [ 285/600] lints_27d_seed42                    | ✓ | acc=62.8% | cost=$0.0522
  [ 286/600] lints_27d_seed42                    | ✓ | acc=62.9% | cost=$0.0522
  [ 287/600] lints_27d_seed42                    | ✗ | acc=62.7% | cost=$0.0523
  [ 288/600] lints_27d_seed42                    | ✓ | acc=62.8% | cost=$0.0534
  [ 289/600] lints_27d_seed42                    | ✓ | acc=63.0% | cost=$0.0537
  [ 290/600] lints_27d_seed42                    | ✗ | acc=62.8% | cost=$0.0540
  [ 291/600] lints_27d_seed42                    | ✓ | acc=62.9% | cost=$0.0541
  [ 292/600] lints_27d_seed42                    | ✓ | acc=63.0% | cost=$0.0553
  [ 293/600] lints_27d_seed42                    | ✓ | acc=63.1% | cost=$0.0556
  [ 294/600] lints_27d_seed42                    | ✓ | acc=63.3% | cost=$0.0557
  [ 295/600] lints_27d_seed42                    | ✓ | acc=63.4% | cost=$0.0567
  [ 296/600] lints_27d_seed42                    | ✓ | acc=63.5% | cost=$0.0567
  [ 297/600] lints_27d_seed42                    | ✓ | acc=63.6% | cost=$0.0567
  [ 298/600] lints_27d_seed42                    | ✓ | acc=63.8% | cost=$0.0570
  [ 299/600] lints_27d_seed42                    | ✓ | acc=63.9% | cost=$0.0573
  [ 300/600] lints_27d_seed42                    | ✗ | acc=63.7% | cost=$0.0573
  [ 301/600] lints_27d_seed42                    | ✓ | acc=63.8% | cost=$0.0573
  [ 302/600] lints_27d_seed42                    | ✓ | acc=63.9% | cost=$0.0574
  [ 303/600] lints_27d_seed42                    | ✓ | acc=64.0% | cost=$0.0577
  [ 304/600] lints_27d_seed42                    | ✓ | acc=64.1% | cost=$0.0585
  [ 305/600] lints_27d_seed42                    | ✓ | acc=64.3% | cost=$0.0586
  [ 306/600] lints_27d_seed42                    | ✓ | acc=64.4% | cost=$0.0586
  [ 307/600] lints_27d_seed42                    | ✓ | acc=64.5% | cost=$0.0589
  [ 308/600] lints_27d_seed42                    | ✓ | acc=64.6% | cost=$0.0597
  [ 309/600] lints_27d_seed42                    | ✓ | acc=64.7% | cost=$0.0597
  [ 310/600] lints_27d_seed42                    | ✗ | acc=64.5% | cost=$0.0598
  [ 311/600] lints_27d_seed42                    | ✓ | acc=64.6% | cost=$0.0605
  [ 312/600] lints_27d_seed42                    | ✓ | acc=64.7% | cost=$0.0612
  [ 313/600] lints_27d_seed42                    | ✓ | acc=64.9% | cost=$0.0614
  [ 314/600] lints_27d_seed42                    | ✓ | acc=65.0% | cost=$0.0622
  [ 315/600] lints_27d_seed42                    | ✗ | acc=64.8% | cost=$0.0622
  [ 316/600] lints_27d_seed42                    | ✓ | acc=64.9% | cost=$0.0625
  [ 317/600] lints_27d_seed42                    | ✓ | acc=65.0% | cost=$0.0625
  [ 318/600] lints_27d_seed42                    | ✓ | acc=65.1% | cost=$0.0628
  [ 319/600] lints_27d_seed42                    | ✓ | acc=65.2% | cost=$0.0628
  [ 320/600] lints_27d_seed42                    | ✓ | acc=65.3% | cost=$0.0639
  [ 321/600] lints_27d_seed42                    | ✓ | acc=65.4% | cost=$0.0639
  [ 322/600] lints_27d_seed42                    | ✓ | acc=65.5% | cost=$0.0641
  [ 323/600] lints_27d_seed42                    | ✓ | acc=65.6% | cost=$0.0643
  [ 324/600] lints_27d_seed42                    | ✗ | acc=65.4% | cost=$0.0643
  [ 325/600] lints_27d_seed42                    | ✓ | acc=65.5% | cost=$0.0644
  [ 326/600] lints_27d_seed42                    | ✓ | acc=65.6% | cost=$0.0644
  [ 327/600] lints_27d_seed42                    | ✓ | acc=65.7% | cost=$0.0645
  [ 328/600] lints_27d_seed42                    | ✗ | acc=65.5% | cost=$0.0645
  [ 329/600] lints_27d_seed42                    | ✓ | acc=65.7% | cost=$0.0647
  [ 330/600] lints_27d_seed42                    | ✓ | acc=65.8% | cost=$0.0648
  [ 331/600] lints_27d_seed42                    | ✓ | acc=65.9% | cost=$0.0648
  [ 332/600] lints_27d_seed42                    | ✓ | acc=66.0% | cost=$0.0651
  [ 333/600] lints_27d_seed42                    | ✓ | acc=66.1% | cost=$0.0652
  [ 334/600] lints_27d_seed42                    | ✓ | acc=66.2% | cost=$0.0652
  [ 335/600] lints_27d_seed42                    | ✓ | acc=66.3% | cost=$0.0652
  [ 336/600] lints_27d_seed42                    | ✓ | acc=66.4% | cost=$0.0655
  [ 337/600] lints_27d_seed42                    | ✓ | acc=66.5% | cost=$0.0667
  [ 338/600] lints_27d_seed42                    | ✓ | acc=66.6% | cost=$0.0672
  [ 339/600] lints_27d_seed42                    | ✓ | acc=66.7% | cost=$0.0676
  [ 340/600] lints_27d_seed42                    | ✓ | acc=66.8% | cost=$0.0685
  [ 341/600] lints_27d_seed42                    | ✓ | acc=66.9% | cost=$0.0686
  [ 342/600] lints_27d_seed42                    | ✗ | acc=66.7% | cost=$0.0686
  [ 343/600] lints_27d_seed42                    | ✓ | acc=66.8% | cost=$0.0689
  [ 344/600] lints_27d_seed42                    | ✓ | acc=66.9% | cost=$0.0695
  [ 345/600] lints_27d_seed42                    | ✓ | acc=67.0% | cost=$0.0695
  [ 346/600] lints_27d_seed42                    | ✓ | acc=67.1% | cost=$0.0696
  [ 347/600] lints_27d_seed42                    | ✓ | acc=67.1% | cost=$0.0699
  [ 348/600] lints_27d_seed42                    | ✓ | acc=67.2% | cost=$0.0702
  [ 349/600] lints_27d_seed42                    | ✓ | acc=67.3% | cost=$0.0704
  [ 350/600] lints_27d_seed42                    | ✓ | acc=67.4% | cost=$0.0708
  [ 351/600] lints_27d_seed42                    | ✗ | acc=67.2% | cost=$0.0715
  [ 352/600] lints_27d_seed42                    | ✓ | acc=67.3% | cost=$0.0721
  [ 353/600] lints_27d_seed42                    | ✓ | acc=67.4% | cost=$0.0723
  [ 354/600] lints_27d_seed42                    | ✓ | acc=67.5% | cost=$0.0724
  [ 355/600] lints_27d_seed42                    | ✓ | acc=67.6% | cost=$0.0738
  [ 356/600] lints_27d_seed42                    | ✓ | acc=67.7% | cost=$0.0738
  [ 357/600] lints_27d_seed42                    | ✓ | acc=67.8% | cost=$0.0739
  [ 358/600] lints_27d_seed42                    | ✗ | acc=67.6% | cost=$0.0739
  [ 359/600] lints_27d_seed42                    | ✓ | acc=67.7% | cost=$0.0741
  [ 360/600] lints_27d_seed42                    | ✓ | acc=67.8% | cost=$0.0744
  [ 361/600] lints_27d_seed42                    | ✓ | acc=67.9% | cost=$0.0746
  [ 362/600] lints_27d_seed42                    | ✓ | acc=68.0% | cost=$0.0747
  [ 363/600] lints_27d_seed42                    | ✓ | acc=68.0% | cost=$0.0750
  [ 364/600] lints_27d_seed42                    | ✓ | acc=68.1% | cost=$0.0750
  [ 365/600] lints_27d_seed42                    | ✗ | acc=67.9% | cost=$0.0750
  [ 366/600] lints_27d_seed42                    | ✓ | acc=68.0% | cost=$0.0750
  [ 367/600] lints_27d_seed42                    | ✓ | acc=68.1% | cost=$0.0754
  [ 368/600] lints_27d_seed42                    | ✓ | acc=68.2% | cost=$0.0757
  [ 369/600] lints_27d_seed42                    | ✓ | acc=68.3% | cost=$0.0759
  [ 370/600] lints_27d_seed42                    | ✗ | acc=68.1% | cost=$0.0762
  [ 371/600] lints_27d_seed42                    | ✓ | acc=68.2% | cost=$0.0762
  [ 372/600] lints_27d_seed42                    | ✓ | acc=68.3% | cost=$0.0766
  [ 373/600] lints_27d_seed42                    | ✓ | acc=68.4% | cost=$0.0769
  [ 374/600] lints_27d_seed42                    | ✓ | acc=68.4% | cost=$0.0769
  [ 375/600] lints_27d_seed42                    | ✓ | acc=68.5% | cost=$0.0771
  [ 376/600] lints_27d_seed42                    | ✓ | acc=68.6% | cost=$0.0772
  [ 377/600] lints_27d_seed42                    | ✓ | acc=68.7% | cost=$0.0775
  [ 378/600] lints_27d_seed42                    | ✓ | acc=68.8% | cost=$0.0779
  [ 379/600] lints_27d_seed42                    | ✗ | acc=68.6% | cost=$0.0781
  [ 380/600] lints_27d_seed42                    | ✓ | acc=68.7% | cost=$0.0781
  [ 381/600] lints_27d_seed42                    | ✓ | acc=68.8% | cost=$0.0783
  [ 382/600] lints_27d_seed42                    | ✓ | acc=68.8% | cost=$0.0784
  [ 383/600] lints_27d_seed42                    | ✓ | acc=68.9% | cost=$0.0787
  [ 384/600] lints_27d_seed42                    | ✓ | acc=69.0% | cost=$0.0790
  [ 385/600] lints_27d_seed42                    | ✗ | acc=68.8% | cost=$0.0793
  [ 386/600] lints_27d_seed42                    | ✓ | acc=68.9% | cost=$0.0793
  [ 387/600] lints_27d_seed42                    | ✓ | acc=69.0% | cost=$0.0797
  [ 388/600] lints_27d_seed42                    | ✓ | acc=69.1% | cost=$0.0805
  [ 389/600] lints_27d_seed42                    | ✗ | acc=68.9% | cost=$0.0808
  [ 390/600] lints_27d_seed42                    | ✓ | acc=69.0% | cost=$0.0808
  [ 391/600] lints_27d_seed42                    | ✓ | acc=69.1% | cost=$0.0808
  [ 392/600] lints_27d_seed42                    | ✓ | acc=69.1% | cost=$0.0808
  [ 393/600] lints_27d_seed42                    | ✓ | acc=69.2% | cost=$0.0808
  [ 394/600] lints_27d_seed42                    | ✓ | acc=69.3% | cost=$0.0811
  [ 395/600] lints_27d_seed42                    | ✓ | acc=69.4% | cost=$0.0811
  [ 396/600] lints_27d_seed42                    | ✓ | acc=69.4% | cost=$0.0811
  [ 397/600] lints_27d_seed42                    | ✓ | acc=69.5% | cost=$0.0814
  [ 398/600] lints_27d_seed42                    | ✓ | acc=69.6% | cost=$0.0815
  [ 399/600] lints_27d_seed42                    | ✓ | acc=69.7% | cost=$0.0817
  [ 400/600] lints_27d_seed42                    | ✓ | acc=69.8% | cost=$0.0817
  [ 401/600] lints_27d_seed42                    | ✓ | acc=69.8% | cost=$0.0817
  [ 402/600] lints_27d_seed42                    | ✓ | acc=69.9% | cost=$0.0821
  [ 403/600] lints_27d_seed42                    | ✓ | acc=70.0% | cost=$0.0821
  [ 404/600] lints_27d_seed42                    | ✓ | acc=70.0% | cost=$0.0821
  [ 405/600] lints_27d_seed42                    | ✗ | acc=69.9% | cost=$0.0821
  [ 406/600] lints_27d_seed42                    | ✓ | acc=70.0% | cost=$0.0824
  [ 407/600] lints_27d_seed42                    | ✓ | acc=70.0% | cost=$0.0828
  [ 408/600] lints_27d_seed42                    | ✓ | acc=70.1% | cost=$0.0830
  [ 409/600] lints_27d_seed42                    | ✓ | acc=70.2% | cost=$0.0833
  [ 410/600] lints_27d_seed42                    | ✓ | acc=70.2% | cost=$0.0837
  [ 411/600] lints_27d_seed42                    | ✓ | acc=70.3% | cost=$0.0837
  [ 412/600] lints_27d_seed42                    | ✓ | acc=70.4% | cost=$0.0839
  [ 413/600] lints_27d_seed42                    | ✓ | acc=70.5% | cost=$0.0840
  [ 414/600] lints_27d_seed42                    | ✓ | acc=70.5% | cost=$0.0840
  [ 415/600] lints_27d_seed42                    | ✓ | acc=70.6% | cost=$0.0842
  [ 416/600] lints_27d_seed42                    | ✓ | acc=70.7% | cost=$0.0842
  [ 417/600] lints_27d_seed42                    | ✓ | acc=70.7% | cost=$0.0842
  [ 418/600] lints_27d_seed42                    | ✓ | acc=70.8% | cost=$0.0845
  [ 419/600] lints_27d_seed42                    | ✓ | acc=70.9% | cost=$0.0847
  [ 420/600] lints_27d_seed42                    | ✓ | acc=71.0% | cost=$0.0850
  [ 421/600] lints_27d_seed42                    | ✓ | acc=71.0% | cost=$0.0852
  [ 422/600] lints_27d_seed42                    | ✓ | acc=71.1% | cost=$0.0854
  [ 423/600] lints_27d_seed42                    | ✓ | acc=71.2% | cost=$0.0857
  [ 424/600] lints_27d_seed42                    | ✓ | acc=71.2% | cost=$0.0860
  [ 425/600] lints_27d_seed42                    | ✓ | acc=71.3% | cost=$0.0860
  [ 426/600] lints_27d_seed42                    | ✓ | acc=71.4% | cost=$0.0863
  [ 427/600] lints_27d_seed42                    | ✓ | acc=71.4% | cost=$0.0866
  [ 428/600] lints_27d_seed42                    | ✓ | acc=71.5% | cost=$0.0869
  [ 429/600] lints_27d_seed42                    | ✓ | acc=71.6% | cost=$0.0871
  [ 430/600] lints_27d_seed42                    | ✓ | acc=71.6% | cost=$0.0875
  [ 431/600] lints_27d_seed42                    | ✓ | acc=71.7% | cost=$0.0875
  [ 432/600] lints_27d_seed42                    | ✓ | acc=71.8% | cost=$0.0875
  [ 433/600] lints_27d_seed42                    | ✓ | acc=71.8% | cost=$0.0878
  [ 434/600] lints_27d_seed42                    | ✓ | acc=71.9% | cost=$0.0881
  [ 435/600] lints_27d_seed42                    | ✓ | acc=72.0% | cost=$0.0883
  [ 436/600] lints_27d_seed42                    | ✗ | acc=71.8% | cost=$0.0883
  [ 437/600] lints_27d_seed42                    | ✓ | acc=71.9% | cost=$0.0883
  [ 438/600] lints_27d_seed42                    | ✓ | acc=71.9% | cost=$0.0883
  [ 439/600] lints_27d_seed42                    | ✓ | acc=72.0% | cost=$0.0886
  [ 440/600] lints_27d_seed42                    | ✓ | acc=72.0% | cost=$0.0888
  [ 441/600] lints_27d_seed42                    | ✗ | acc=71.9% | cost=$0.0890
  [ 442/600] lints_27d_seed42                    | ✗ | acc=71.7% | cost=$0.0891
  [ 443/600] lints_27d_seed42                    | ✓ | acc=71.8% | cost=$0.0891
  [ 444/600] lints_27d_seed42                    | ✓ | acc=71.8% | cost=$0.0891
  [ 445/600] lints_27d_seed42                    | ✗ | acc=71.7% | cost=$0.0891
  [ 446/600] lints_27d_seed42                    | ✓ | acc=71.7% | cost=$0.0894
  [ 447/600] lints_27d_seed42                    | ✓ | acc=71.8% | cost=$0.0894
  [ 448/600] lints_27d_seed42                    | ✓ | acc=71.9% | cost=$0.0894
  [ 449/600] lints_27d_seed42                    | ✓ | acc=71.9% | cost=$0.0896
  [ 450/600] lints_27d_seed42                    | ✓ | acc=72.0% | cost=$0.0897
  [ 451/600] lints_27d_seed42                    | ✓ | acc=72.1% | cost=$0.0899
  [ 452/600] lints_27d_seed42                    | ✓ | acc=72.1% | cost=$0.0899
  [ 453/600] lints_27d_seed42                    | ✓ | acc=72.2% | cost=$0.0901
  [ 454/600] lints_27d_seed42                    | ✓ | acc=72.2% | cost=$0.0904
  [ 455/600] lints_27d_seed42                    | ✓ | acc=72.3% | cost=$0.0904
  [ 456/600] lints_27d_seed42                    | ✓ | acc=72.4% | cost=$0.0907
  [ 457/600] lints_27d_seed42                    | ✓ | acc=72.4% | cost=$0.0909
  [ 458/600] lints_27d_seed42                    | ✓ | acc=72.5% | cost=$0.0914
  [ 459/600] lints_27d_seed42                    | ✓ | acc=72.5% | cost=$0.0917
  [ 460/600] lints_27d_seed42                    | ✓ | acc=72.6% | cost=$0.0917
  [ 461/600] lints_27d_seed42                    | ✓ | acc=72.7% | cost=$0.0919
  [ 462/600] lints_27d_seed42                    | ✓ | acc=72.7% | cost=$0.0922
  [ 463/600] lints_27d_seed42                    | ✓ | acc=72.8% | cost=$0.0922
  [ 464/600] lints_27d_seed42                    | ✓ | acc=72.8% | cost=$0.0925
  [ 465/600] lints_27d_seed42                    | ✓ | acc=72.9% | cost=$0.0927
  [ 466/600] lints_27d_seed42                    | ✓ | acc=73.0% | cost=$0.0927
  [ 467/600] lints_27d_seed42                    | ✓ | acc=73.0% | cost=$0.0930
  [ 468/600] lints_27d_seed42                    | ✓ | acc=73.1% | cost=$0.0932
  [ 469/600] lints_27d_seed42                    | ✓ | acc=73.1% | cost=$0.0933
  [ 470/600] lints_27d_seed42                    | ✓ | acc=73.2% | cost=$0.0933
  [ 471/600] lints_27d_seed42                    | ✓ | acc=73.2% | cost=$0.0937
  [ 472/600] lints_27d_seed42                    | ✓ | acc=73.3% | cost=$0.0940
  [ 473/600] lints_27d_seed42                    | ✓ | acc=73.4% | cost=$0.0942
  [ 474/600] lints_27d_seed42                    | ✓ | acc=73.4% | cost=$0.0944
  [ 475/600] lints_27d_seed42                    | ✓ | acc=73.5% | cost=$0.0945
  [ 476/600] lints_27d_seed42                    | ✓ | acc=73.5% | cost=$0.0945
  [ 477/600] lints_27d_seed42                    | ✓ | acc=73.6% | cost=$0.0948
  [ 478/600] lints_27d_seed42                    | ✓ | acc=73.6% | cost=$0.0954
  [ 479/600] lints_27d_seed42                    | ✓ | acc=73.7% | cost=$0.0956
  [ 480/600] lints_27d_seed42                    | ✓ | acc=73.8% | cost=$0.0960
  [ 481/600] lints_27d_seed42                    | ✓ | acc=73.8% | cost=$0.0966
  [ 482/600] lints_27d_seed42                    | ✓ | acc=73.9% | cost=$0.0966
  [ 483/600] lints_27d_seed42                    | ✓ | acc=73.9% | cost=$0.0969
  [ 484/600] lints_27d_seed42                    | ✓ | acc=74.0% | cost=$0.0972
  [ 485/600] lints_27d_seed42                    | ✓ | acc=74.0% | cost=$0.0976
  [ 486/600] lints_27d_seed42                    | ✓ | acc=74.1% | cost=$0.0978
  [ 487/600] lints_27d_seed42                    | ✓ | acc=74.1% | cost=$0.0979
  [ 488/600] lints_27d_seed42                    | ✓ | acc=74.2% | cost=$0.0982
  [ 489/600] lints_27d_seed42                    | ✓ | acc=74.2% | cost=$0.0982
  [ 490/600] lints_27d_seed42                    | ✓ | acc=74.3% | cost=$0.0982
  [ 491/600] lints_27d_seed42                    | ✓ | acc=74.3% | cost=$0.0982
  [ 492/600] lints_27d_seed42                    | ✓ | acc=74.4% | cost=$0.0985
  [ 493/600] lints_27d_seed42                    | ✓ | acc=74.4% | cost=$0.0985
  [ 494/600] lints_27d_seed42                    | ✗ | acc=74.3% | cost=$0.0988
  [ 495/600] lints_27d_seed42                    | ✓ | acc=74.3% | cost=$0.0992
  [ 496/600] lints_27d_seed42                    | ✓ | acc=74.4% | cost=$0.0997
  [ 497/600] lints_27d_seed42                    | ✓ | acc=74.4% | cost=$0.1000
  [ 498/600] lints_27d_seed42                    | ✓ | acc=74.5% | cost=$0.1000
  [ 499/600] lints_27d_seed42                    | ✓ | acc=74.5% | cost=$0.1000
  [ 500/600] lints_27d_seed42                    | ✓ | acc=74.6% | cost=$0.1004
  [ 501/600] lints_27d_seed42                    | ✗ | acc=74.5% | cost=$0.1008
  [ 502/600] lints_27d_seed42                    | ✓ | acc=74.5% | cost=$0.1008
  [ 503/600] lints_27d_seed42                    | ✗ | acc=74.4% | cost=$0.1008
  [ 504/600] lints_27d_seed42                    | ✓ | acc=74.4% | cost=$0.1011
  [ 505/600] lints_27d_seed42                    | ✓ | acc=74.5% | cost=$0.1014
  [ 506/600] lints_27d_seed42                    | ✓ | acc=74.5% | cost=$0.1018
  [ 507/600] lints_27d_seed42                    | ✓ | acc=74.6% | cost=$0.1018
  [ 508/600] lints_27d_seed42                    | ✓ | acc=74.6% | cost=$0.1022
  [ 509/600] lints_27d_seed42                    | ✓ | acc=74.7% | cost=$0.1027
  [ 510/600] lints_27d_seed42                    | ✓ | acc=74.7% | cost=$0.1030
  [ 511/600] lints_27d_seed42                    | ✓ | acc=74.8% | cost=$0.1033
  [ 512/600] lints_27d_seed42                    | ✓ | acc=74.8% | cost=$0.1036
  [ 513/600] lints_27d_seed42                    | ✓ | acc=74.9% | cost=$0.1040
  [ 514/600] lints_27d_seed42                    | ✗ | acc=74.7% | cost=$0.1040
  [ 515/600] lints_27d_seed42                    | ✓ | acc=74.8% | cost=$0.1044
  [ 516/600] lints_27d_seed42                    | ✓ | acc=74.8% | cost=$0.1046
  [ 517/600] lints_27d_seed42                    | ✓ | acc=74.9% | cost=$0.1047
  [ 518/600] lints_27d_seed42                    | ✓ | acc=74.9% | cost=$0.1050
  [ 519/600] lints_27d_seed42                    | ✗ | acc=74.8% | cost=$0.1052
  [ 520/600] lints_27d_seed42                    | ✓ | acc=74.8% | cost=$0.1052
  [ 521/600] lints_27d_seed42                    | ✓ | acc=74.9% | cost=$0.1054
  [ 522/600] lints_27d_seed42                    | ✓ | acc=74.9% | cost=$0.1055
  [ 523/600] lints_27d_seed42                    | ✗ | acc=74.8% | cost=$0.1059
  [ 524/600] lints_27d_seed42                    | ✓ | acc=74.8% | cost=$0.1062
  [ 525/600] lints_27d_seed42                    | ✓ | acc=74.9% | cost=$0.1065
  [ 526/600] lints_27d_seed42                    | ✓ | acc=74.9% | cost=$0.1069
  [ 527/600] lints_27d_seed42                    | ✓ | acc=75.0% | cost=$0.1072
  [ 528/600] lints_27d_seed42                    | ✓ | acc=75.0% | cost=$0.1073
  [ 529/600] lints_27d_seed42                    | ✓ | acc=75.0% | cost=$0.1073
  [ 530/600] lints_27d_seed42                    | ✓ | acc=75.1% | cost=$0.1073
  [ 531/600] lints_27d_seed42                    | ✗ | acc=75.0% | cost=$0.1073
  [ 532/600] lints_27d_seed42                    | ✓ | acc=75.0% | cost=$0.1075
  [ 533/600] lints_27d_seed42                    | ✓ | acc=75.0% | cost=$0.1075
  [ 534/600] lints_27d_seed42                    | ✓ | acc=75.1% | cost=$0.1078
  [ 535/600] lints_27d_seed42                    | ✓ | acc=75.1% | cost=$0.1081
  [ 536/600] lints_27d_seed42                    | ✓ | acc=75.2% | cost=$0.1084
  [ 537/600] lints_27d_seed42                    | ✗ | acc=75.0% | cost=$0.1084
  [ 538/600] lints_27d_seed42                    | ✓ | acc=75.1% | cost=$0.1085
  [ 539/600] lints_27d_seed42                    | ✓ | acc=75.1% | cost=$0.1085
  [ 540/600] lints_27d_seed42                    | ✓ | acc=75.2% | cost=$0.1087
  [ 541/600] lints_27d_seed42                    | ✓ | acc=75.2% | cost=$0.1089
  [ 542/600] lints_27d_seed42                    | ✓ | acc=75.3% | cost=$0.1090
  [ 543/600] lints_27d_seed42                    | ✓ | acc=75.3% | cost=$0.1092
  [ 544/600] lints_27d_seed42                    | ✗ | acc=75.2% | cost=$0.1095
  [ 545/600] lints_27d_seed42                    | ✓ | acc=75.2% | cost=$0.1098
  [ 546/600] lints_27d_seed42                    | ✓ | acc=75.3% | cost=$0.1100
  [ 547/600] lints_27d_seed42                    | ✓ | acc=75.3% | cost=$0.1104
  [ 548/600] lints_27d_seed42                    | ✓ | acc=75.4% | cost=$0.1107
  [ 549/600] lints_27d_seed42                    | ✗ | acc=75.2% | cost=$0.1107
  [ 550/600] lints_27d_seed42                    | ✗ | acc=75.1% | cost=$0.1112
  [ 551/600] lints_27d_seed42                    | ✓ | acc=75.1% | cost=$0.1112
  [ 552/600] lints_27d_seed42                    | ✓ | acc=75.2% | cost=$0.1112
  [ 553/600] lints_27d_seed42                    | ✓ | acc=75.2% | cost=$0.1113
  [ 554/600] lints_27d_seed42                    | ✓ | acc=75.3% | cost=$0.1113
  [ 555/600] lints_27d_seed42                    | ✓ | acc=75.3% | cost=$0.1115
  [ 556/600] lints_27d_seed42                    | ✓ | acc=75.4% | cost=$0.1115
  [ 557/600] lints_27d_seed42                    | ✓ | acc=75.4% | cost=$0.1119
  [ 558/600] lints_27d_seed42                    | ✓ | acc=75.4% | cost=$0.1119
  [ 559/600] lints_27d_seed42                    | ✓ | acc=75.5% | cost=$0.1119
  [ 560/600] lints_27d_seed42                    | ✓ | acc=75.5% | cost=$0.1122
  [ 561/600] lints_27d_seed42                    | ✓ | acc=75.6% | cost=$0.1125
  [ 562/600] lints_27d_seed42                    | ✗ | acc=75.4% | cost=$0.1125
  [ 563/600] lints_27d_seed42                    | ✗ | acc=75.3% | cost=$0.1125
  [ 564/600] lints_27d_seed42                    | ✓ | acc=75.4% | cost=$0.1125
  [ 565/600] lints_27d_seed42                    | ✗ | acc=75.2% | cost=$0.1125
  [ 566/600] lints_27d_seed42                    | ✓ | acc=75.3% | cost=$0.1128
  [ 567/600] lints_27d_seed42                    | ✓ | acc=75.3% | cost=$0.1128
  [ 568/600] lints_27d_seed42                    | ✓ | acc=75.4% | cost=$0.1128
  [ 569/600] lints_27d_seed42                    | ✓ | acc=75.4% | cost=$0.1131
  [ 570/600] lints_27d_seed42                    | ✓ | acc=75.4% | cost=$0.1133
  [ 571/600] lints_27d_seed42                    | ✓ | acc=75.5% | cost=$0.1136
  [ 572/600] lints_27d_seed42                    | ✓ | acc=75.5% | cost=$0.1136
  [ 573/600] lints_27d_seed42                    | ✓ | acc=75.6% | cost=$0.1139
  [ 574/600] lints_27d_seed42                    | ✓ | acc=75.6% | cost=$0.1143
  [ 575/600] lints_27d_seed42                    | ✓ | acc=75.7% | cost=$0.1146
  [ 576/600] lints_27d_seed42                    | ✓ | acc=75.7% | cost=$0.1149
  [ 577/600] lints_27d_seed42                    | ✓ | acc=75.7% | cost=$0.1151
  [ 578/600] lints_27d_seed42                    | ✓ | acc=75.8% | cost=$0.1154
  [ 579/600] lints_27d_seed42                    | ✓ | acc=75.8% | cost=$0.1157
  [ 580/600] lints_27d_seed42                    | ✓ | acc=75.9% | cost=$0.1159
  [ 581/600] lints_27d_seed42                    | ✓ | acc=75.9% | cost=$0.1160
  [ 582/600] lints_27d_seed42                    | ✓ | acc=75.9% | cost=$0.1163
  [ 583/600] lints_27d_seed42                    | ✓ | acc=76.0% | cost=$0.1165
  [ 584/600] lints_27d_seed42                    | ✓ | acc=76.0% | cost=$0.1168
  [ 585/600] lints_27d_seed42                    | ✓ | acc=76.1% | cost=$0.1171
  [ 586/600] lints_27d_seed42                    | ✗ | acc=75.9% | cost=$0.1174
  [ 587/600] lints_27d_seed42                    | ✓ | acc=76.0% | cost=$0.1177
  [ 588/600] lints_27d_seed42                    | ✓ | acc=76.0% | cost=$0.1179
  [ 589/600] lints_27d_seed42                    | ✓ | acc=76.1% | cost=$0.1182
  [ 590/600] lints_27d_seed42                    | ✓ | acc=76.1% | cost=$0.1185
  [ 591/600] lints_27d_seed42                    | ✓ | acc=76.1% | cost=$0.1185
  [ 592/600] lints_27d_seed42                    | ✓ | acc=76.2% | cost=$0.1188
  [ 593/600] lints_27d_seed42                    | ✓ | acc=76.2% | cost=$0.1191
  [ 594/600] lints_27d_seed42                    | ✓ | acc=76.3% | cost=$0.1195
  [ 595/600] lints_27d_seed42                    | ✓ | acc=76.3% | cost=$0.1195
  [ 596/600] lints_27d_seed42                    | ✓ | acc=76.3% | cost=$0.1199
  [ 597/600] lints_27d_seed42                    | ✗ | acc=76.2% | cost=$0.1199
  [ 598/600] lints_27d_seed42                    | ✓ | acc=76.3% | cost=$0.1202
  [ 599/600] lints_27d_seed42                    | ✓ | acc=76.3% | cost=$0.1202
  [ 600/600] lints_27d_seed42                    | ✓ | acc=76.3% | cost=$0.1205
  DONE: n=600, acc=76.3%, cost=$0.1205

=== Ablation: LinUCB Beta Sensitivity vs LinTS ===

--- LinUCB alpha=0.5 ---

=== linucb_27d_alpha0.5_seed42 (tag=beta_ablation, 600 queries) ===
  [   1/600] linucb_27d_alpha0.5_seed42          | ✗ | acc=0.0% | cost=$0.0000
  [   2/600] linucb_27d_alpha0.5_seed42          | ✗ | acc=0.0% | cost=$0.0003
  [   3/600] linucb_27d_alpha0.5_seed42          | ✗ | acc=0.0% | cost=$0.0003
  [   4/600] linucb_27d_alpha0.5_seed42          | ✓ | acc=25.0% | cost=$0.0008
  [   5/600] linucb_27d_alpha0.5_seed42          | ✓ | acc=40.0% | cost=$0.0011
  [   6/600] linucb_27d_alpha0.5_seed42          | ✗ | acc=33.3% | cost=$0.0013
  [   7/600] linucb_27d_alpha0.5_seed42          | ✗ | acc=28.6% | cost=$0.0019
  [   8/600] linucb_27d_alpha0.5_seed42          | ✗ | acc=25.0% | cost=$0.0023
  [   9/600] linucb_27d_alpha0.5_seed42          | ✗ | acc=22.2% | cost=$0.0026
  [  10/600] linucb_27d_alpha0.5_seed42          | ✓ | acc=30.0% | cost=$0.0026
  [  11/600] linucb_27d_alpha0.5_seed42          | ✗ | acc=27.3% | cost=$0.0026
  [  12/600] linucb_27d_alpha0.5_seed42          | ✗ | acc=25.0% | cost=$0.0030
  [  13/600] linucb_27d_alpha0.5_seed42          | ✓ | acc=30.8% | cost=$0.0032
  [  14/600] linucb_27d_alpha0.5_seed42          | ✗ | acc=28.6% | cost=$0.0034
  [  15/600] linucb_27d_alpha0.5_seed42          | ✓ | acc=33.3% | cost=$0.0034
  [  16/600] linucb_27d_alpha0.5_seed42          | ✗ | acc=31.2% | cost=$0.0034
  [  17/600] linucb_27d_alpha0.5_seed42          | ✗ | acc=29.4% | cost=$0.0035
  [  18/600] linucb_27d_alpha0.5_seed42          | ✗ | acc=27.8% | cost=$0.0035
  [  19/600] linucb_27d_alpha0.5_seed42          | ✓ | acc=31.6% | cost=$0.0038
  [  20/600] linucb_27d_alpha0.5_seed42          | ✓ | acc=35.0% | cost=$0.0038
  [  21/600] linucb_27d_alpha0.5_seed42          | ✗ | acc=33.3% | cost=$0.0042
  [  22/600] linucb_27d_alpha0.5_seed42          | ✓ | acc=36.4% | cost=$0.0042
  [  23/600] linucb_27d_alpha0.5_seed42          | ✗ | acc=34.8% | cost=$0.0042
  [  24/600] linucb_27d_alpha0.5_seed42          | ✓ | acc=37.5% | cost=$0.0045
  [  25/600] linucb_27d_alpha0.5_seed42          | ✗ | acc=36.0% | cost=$0.0045
  [  26/600] linucb_27d_alpha0.5_seed42          | ✓ | acc=38.5% | cost=$0.0047
  [  27/600] linucb_27d_alpha0.5_seed42          | ✗ | acc=37.0% | cost=$0.0047
  [  28/600] linucb_27d_alpha0.5_seed42          | ✗ | acc=35.7% | cost=$0.0051
  [  29/600] linucb_27d_alpha0.5_seed42          | ✓ | acc=37.9% | cost=$0.0053
  [  30/600] linucb_27d_alpha0.5_seed42          | ✗ | acc=36.7% | cost=$0.0056
  [  31/600] linucb_27d_alpha0.5_seed42          | ✗ | acc=35.5% | cost=$0.0057
  [  32/600] linucb_27d_alpha0.5_seed42          | ✗ | acc=34.4% | cost=$0.0057
  [  33/600] linucb_27d_alpha0.5_seed42          | ✗ | acc=33.3% | cost=$0.0059
  [  34/600] linucb_27d_alpha0.5_seed42          | ✓ | acc=35.3% | cost=$0.0063
  [  35/600] linucb_27d_alpha0.5_seed42          | ✗ | acc=34.3% | cost=$0.0063
  [  36/600] linucb_27d_alpha0.5_seed42          | ✗ | acc=33.3% | cost=$0.0066
  [  37/600] linucb_27d_alpha0.5_seed42          | ✗ | acc=32.4% | cost=$0.0069
  [  38/600] linucb_27d_alpha0.5_seed42          | ✓ | acc=34.2% | cost=$0.0072
  [  39/600] linucb_27d_alpha0.5_seed42          | ✗ | acc=33.3% | cost=$0.0072
  [  40/600] linucb_27d_alpha0.5_seed42          | ✗ | acc=32.5% | cost=$0.0073
  [  41/600] linucb_27d_alpha0.5_seed42          | ✗ | acc=31.7% | cost=$0.0073
  [  42/600] linucb_27d_alpha0.5_seed42          | ✗ | acc=31.0% | cost=$0.0073
  [  43/600] linucb_27d_alpha0.5_seed42          | ✗ | acc=30.2% | cost=$0.0073
  [  44/600] linucb_27d_alpha0.5_seed42          | ✗ | acc=29.5% | cost=$0.0077
  [  45/600] linucb_27d_alpha0.5_seed42          | ✓ | acc=31.1% | cost=$0.0082
  [  46/600] linucb_27d_alpha0.5_seed42          | ✗ | acc=30.4% | cost=$0.0082
  [  47/600] linucb_27d_alpha0.5_seed42          | ✗ | acc=29.8% | cost=$0.0086
  [  48/600] linucb_27d_alpha0.5_seed42          | ✗ | acc=29.2% | cost=$0.0086
  [  49/600] linucb_27d_alpha0.5_seed42          | ✗ | acc=28.6% | cost=$0.0089
  [  50/600] linucb_27d_alpha0.5_seed42          | ✗ | acc=28.0% | cost=$0.0089
  [  51/600] linucb_27d_alpha0.5_seed42          | ✗ | acc=27.5% | cost=$0.0092
  [  52/600] linucb_27d_alpha0.5_seed42          | ✗ | acc=26.9% | cost=$0.0092
  [  53/600] linucb_27d_alpha0.5_seed42          | ✓ | acc=28.3% | cost=$0.0098
  [  54/600] linucb_27d_alpha0.5_seed42          | ✗ | acc=27.8% | cost=$0.0101
  [  55/600] linucb_27d_alpha0.5_seed42          | ✗ | acc=27.3% | cost=$0.0104
  [  56/600] linucb_27d_alpha0.5_seed42          | ✓ | acc=28.6% | cost=$0.0107
  [  57/600] linucb_27d_alpha0.5_seed42          | ✓ | acc=29.8% | cost=$0.0112
  [  58/600] linucb_27d_alpha0.5_seed42          | ✓ | acc=31.0% | cost=$0.0112
  [  59/600] linucb_27d_alpha0.5_seed42          | ✗ | acc=30.5% | cost=$0.0116
  [  60/600] linucb_27d_alpha0.5_seed42          | ✗ | acc=30.0% | cost=$0.0116
  [  61/600] linucb_27d_alpha0.5_seed42          | ✗ | acc=29.5% | cost=$0.0118
  [  62/600] linucb_27d_alpha0.5_seed42          | ✗ | acc=29.0% | cost=$0.0118
  [  63/600] linucb_27d_alpha0.5_seed42          | ✗ | acc=28.6% | cost=$0.0122
  [  64/600] linucb_27d_alpha0.5_seed42          | ✗ | acc=28.1% | cost=$0.0125
  [  65/600] linucb_27d_alpha0.5_seed42          | ✗ | acc=27.7% | cost=$0.0128
  [  66/600] linucb_27d_alpha0.5_seed42          | ✗ | acc=27.3% | cost=$0.0131
  [  67/600] linucb_27d_alpha0.5_seed42          | ✗ | acc=26.9% | cost=$0.0131
  [  68/600] linucb_27d_alpha0.5_seed42          | ✗ | acc=26.5% | cost=$0.0131
  [  69/600] linucb_27d_alpha0.5_seed42          | ✓ | acc=27.5% | cost=$0.0134
  [  70/600] linucb_27d_alpha0.5_seed42          | ✗ | acc=27.1% | cost=$0.0134
  [  71/600] linucb_27d_alpha0.5_seed42          | ✗ | acc=26.8% | cost=$0.0137
  [  72/600] linucb_27d_alpha0.5_seed42          | ✗ | acc=26.4% | cost=$0.0138
  [  73/600] linucb_27d_alpha0.5_seed42          | ✗ | acc=26.0% | cost=$0.0142
  [  74/600] linucb_27d_alpha0.5_seed42          | ✗ | acc=25.7% | cost=$0.0146
  [  75/600] linucb_27d_alpha0.5_seed42          | ✗ | acc=25.3% | cost=$0.0148
  [  76/600] linucb_27d_alpha0.5_seed42          | ✓ | acc=26.3% | cost=$0.0154
  [  77/600] linucb_27d_alpha0.5_seed42          | ✗ | acc=26.0% | cost=$0.0154
  [  78/600] linucb_27d_alpha0.5_seed42          | ✓ | acc=26.9% | cost=$0.0158
  [  79/600] linucb_27d_alpha0.5_seed42          | ✗ | acc=26.6% | cost=$0.0158
  [  80/600] linucb_27d_alpha0.5_seed42          | ✓ | acc=27.5% | cost=$0.0161
  [  81/600] linucb_27d_alpha0.5_seed42          | ✗ | acc=27.2% | cost=$0.0161
  [  82/600] linucb_27d_alpha0.5_seed42          | ✓ | acc=28.0% | cost=$0.0161
  [  83/600] linucb_27d_alpha0.5_seed42          | ✗ | acc=27.7% | cost=$0.0164
  [  84/600] linucb_27d_alpha0.5_seed42          | ✓ | acc=28.6% | cost=$0.0169
  [  85/600] linucb_27d_alpha0.5_seed42          | ✓ | acc=29.4% | cost=$0.0177
  [  86/600] linucb_27d_alpha0.5_seed42          | ✓ | acc=30.2% | cost=$0.0180
  [  87/600] linucb_27d_alpha0.5_seed42          | ✗ | acc=29.9% | cost=$0.0183
  [  88/600] linucb_27d_alpha0.5_seed42          | ✗ | acc=29.5% | cost=$0.0183
  [  89/600] linucb_27d_alpha0.5_seed42          | ✗ | acc=29.2% | cost=$0.0183
  [  90/600] linucb_27d_alpha0.5_seed42          | ✗ | acc=28.9% | cost=$0.0183
  [  91/600] linucb_27d_alpha0.5_seed42          | ✗ | acc=28.6% | cost=$0.0188
  [  92/600] linucb_27d_alpha0.5_seed42          | ✓ | acc=29.3% | cost=$0.0191
  [  93/600] linucb_27d_alpha0.5_seed42          | ✓ | acc=30.1% | cost=$0.0195
  [  94/600] linucb_27d_alpha0.5_seed42          | ✗ | acc=29.8% | cost=$0.0198
  [  95/600] linucb_27d_alpha0.5_seed42          | ✗ | acc=29.5% | cost=$0.0202
  [  96/600] linucb_27d_alpha0.5_seed42          | ✓ | acc=30.2% | cost=$0.0203
  [  97/600] linucb_27d_alpha0.5_seed42          | ✗ | acc=29.9% | cost=$0.0203
  [  98/600] linucb_27d_alpha0.5_seed42          | ✓ | acc=30.6% | cost=$0.0203
  [  99/600] linucb_27d_alpha0.5_seed42          | ✗ | acc=30.3% | cost=$0.0203
  [ 100/600] linucb_27d_alpha0.5_seed42          | ✓ | acc=31.0% | cost=$0.0203
  [ 101/600] linucb_27d_alpha0.5_seed42          | ✓ | acc=31.7% | cost=$0.0206
  [ 102/600] linucb_27d_alpha0.5_seed42          | ✓ | acc=32.4% | cost=$0.0208
  [ 103/600] linucb_27d_alpha0.5_seed42          | ✓ | acc=33.0% | cost=$0.0208
  [ 104/600] linucb_27d_alpha0.5_seed42          | ✓ | acc=33.7% | cost=$0.0211
  [ 105/600] linucb_27d_alpha0.5_seed42          | ✗ | acc=33.3% | cost=$0.0212
  [ 106/600] linucb_27d_alpha0.5_seed42          | ✗ | acc=33.0% | cost=$0.0212
  [ 107/600] linucb_27d_alpha0.5_seed42          | ✗ | acc=32.7% | cost=$0.0212
  [ 108/600] linucb_27d_alpha0.5_seed42          | ✓ | acc=33.3% | cost=$0.0215
  [ 109/600] linucb_27d_alpha0.5_seed42          | ✗ | acc=33.0% | cost=$0.0215
  [ 110/600] linucb_27d_alpha0.5_seed42          | ✓ | acc=33.6% | cost=$0.0218
  [ 111/600] linucb_27d_alpha0.5_seed42          | ✓ | acc=34.2% | cost=$0.0220
  [ 112/600] linucb_27d_alpha0.5_seed42          | ✗ | acc=33.9% | cost=$0.0220
  [ 113/600] linucb_27d_alpha0.5_seed42          | ✓ | acc=34.5% | cost=$0.0225
  [ 114/600] linucb_27d_alpha0.5_seed42          | ✓ | acc=35.1% | cost=$0.0228
  [ 115/600] linucb_27d_alpha0.5_seed42          | ✗ | acc=34.8% | cost=$0.0232
  [ 116/600] linucb_27d_alpha0.5_seed42          | ✗ | acc=34.5% | cost=$0.0232
  [ 117/600] linucb_27d_alpha0.5_seed42          | ✗ | acc=34.2% | cost=$0.0233
  [ 118/600] linucb_27d_alpha0.5_seed42          | ✓ | acc=34.7% | cost=$0.0233
  [ 119/600] linucb_27d_alpha0.5_seed42          | ✗ | acc=34.5% | cost=$0.0233
  [ 120/600] linucb_27d_alpha0.5_seed42          | ✗ | acc=34.2% | cost=$0.0236
  [ 121/600] linucb_27d_alpha0.5_seed42          | ✓ | acc=34.7% | cost=$0.0240
  [ 122/600] linucb_27d_alpha0.5_seed42          | ✓ | acc=35.2% | cost=$0.0243
  [ 123/600] linucb_27d_alpha0.5_seed42          | ✓ | acc=35.8% | cost=$0.0247
  [ 124/600] linucb_27d_alpha0.5_seed42          | ✓ | acc=36.3% | cost=$0.0250
  [ 125/600] linucb_27d_alpha0.5_seed42          | ✓ | acc=36.8% | cost=$0.0252
  [ 126/600] linucb_27d_alpha0.5_seed42          | ✓ | acc=37.3% | cost=$0.0255
  [ 127/600] linucb_27d_alpha0.5_seed42          | ✓ | acc=37.8% | cost=$0.0257
  [ 128/600] linucb_27d_alpha0.5_seed42          | ✓ | acc=38.3% | cost=$0.0261
  [ 129/600] linucb_27d_alpha0.5_seed42          | ✓ | acc=38.8% | cost=$0.0263
  [ 130/600] linucb_27d_alpha0.5_seed42          | ✓ | acc=39.2% | cost=$0.0266
  [ 131/600] linucb_27d_alpha0.5_seed42          | ✓ | acc=39.7% | cost=$0.0270
  [ 132/600] linucb_27d_alpha0.5_seed42          | ✓ | acc=40.2% | cost=$0.0270
  [ 133/600] linucb_27d_alpha0.5_seed42          | ✓ | acc=40.6% | cost=$0.0273
  [ 134/600] linucb_27d_alpha0.5_seed42          | ✗ | acc=40.3% | cost=$0.0274
  [ 135/600] linucb_27d_alpha0.5_seed42          | ✓ | acc=40.7% | cost=$0.0277
  [ 136/600] linucb_27d_alpha0.5_seed42          | ✓ | acc=41.2% | cost=$0.0279
  [ 137/600] linucb_27d_alpha0.5_seed42          | ✗ | acc=40.9% | cost=$0.0279
  [ 138/600] linucb_27d_alpha0.5_seed42          | ✓ | acc=41.3% | cost=$0.0282
  [ 139/600] linucb_27d_alpha0.5_seed42          | ✓ | acc=41.7% | cost=$0.0282
  [ 140/600] linucb_27d_alpha0.5_seed42          | ✗ | acc=41.4% | cost=$0.0286
  [ 141/600] linucb_27d_alpha0.5_seed42          | ✗ | acc=41.1% | cost=$0.0289
  [ 142/600] linucb_27d_alpha0.5_seed42          | ✓ | acc=41.5% | cost=$0.0291
  [ 143/600] linucb_27d_alpha0.5_seed42          | ✓ | acc=42.0% | cost=$0.0295
  [ 144/600] linucb_27d_alpha0.5_seed42          | ✓ | acc=42.4% | cost=$0.0297
  [ 145/600] linucb_27d_alpha0.5_seed42          | ✓ | acc=42.8% | cost=$0.0299
  [ 146/600] linucb_27d_alpha0.5_seed42          | ✓ | acc=43.2% | cost=$0.0302
  [ 147/600] linucb_27d_alpha0.5_seed42          | ✗ | acc=42.9% | cost=$0.0307
  [ 148/600] linucb_27d_alpha0.5_seed42          | ✓ | acc=43.2% | cost=$0.0309
  [ 149/600] linucb_27d_alpha0.5_seed42          | ✓ | acc=43.6% | cost=$0.0312
  [ 150/600] linucb_27d_alpha0.5_seed42          | ✗ | acc=43.3% | cost=$0.0315
  [ 151/600] linucb_27d_alpha0.5_seed42          | ✓ | acc=43.7% | cost=$0.0319
  [ 152/600] linucb_27d_alpha0.5_seed42          | ✓ | acc=44.1% | cost=$0.0321
  [ 153/600] linucb_27d_alpha0.5_seed42          | ✓ | acc=44.4% | cost=$0.0324
  [ 154/600] linucb_27d_alpha0.5_seed42          | ✓ | acc=44.8% | cost=$0.0327
  [ 155/600] linucb_27d_alpha0.5_seed42          | ✗ | acc=44.5% | cost=$0.0330
  [ 156/600] linucb_27d_alpha0.5_seed42          | ✓ | acc=44.9% | cost=$0.0334
  [ 157/600] linucb_27d_alpha0.5_seed42          | ✗ | acc=44.6% | cost=$0.0337
  [ 158/600] linucb_27d_alpha0.5_seed42          | ✓ | acc=44.9% | cost=$0.0340
  [ 159/600] linucb_27d_alpha0.5_seed42          | ✗ | acc=44.7% | cost=$0.0340
  [ 160/600] linucb_27d_alpha0.5_seed42          | ✓ | acc=45.0% | cost=$0.0345
  [ 161/600] linucb_27d_alpha0.5_seed42          | ✗ | acc=44.7% | cost=$0.0348
  [ 162/600] linucb_27d_alpha0.5_seed42          | ✓ | acc=45.1% | cost=$0.0351
  [ 163/600] linucb_27d_alpha0.5_seed42          | ✗ | acc=44.8% | cost=$0.0351
  [ 164/600] linucb_27d_alpha0.5_seed42          | ✓ | acc=45.1% | cost=$0.0357
  [ 165/600] linucb_27d_alpha0.5_seed42          | ✓ | acc=45.5% | cost=$0.0359
  [ 166/600] linucb_27d_alpha0.5_seed42          | ✓ | acc=45.8% | cost=$0.0363
  [ 167/600] linucb_27d_alpha0.5_seed42          | ✓ | acc=46.1% | cost=$0.0367
  [ 168/600] linucb_27d_alpha0.5_seed42          | ✗ | acc=45.8% | cost=$0.0369
  [ 169/600] linucb_27d_alpha0.5_seed42          | ✓ | acc=46.2% | cost=$0.0373
  [ 170/600] linucb_27d_alpha0.5_seed42          | ✓ | acc=46.5% | cost=$0.0376
  [ 171/600] linucb_27d_alpha0.5_seed42          | ✓ | acc=46.8% | cost=$0.0379
  [ 172/600] linucb_27d_alpha0.5_seed42          | ✗ | acc=46.5% | cost=$0.0383
  [ 173/600] linucb_27d_alpha0.5_seed42          | ✓ | acc=46.8% | cost=$0.0386
  [ 174/600] linucb_27d_alpha0.5_seed42          | ✓ | acc=47.1% | cost=$0.0389
  [ 175/600] linucb_27d_alpha0.5_seed42          | ✗ | acc=46.9% | cost=$0.0391
  [ 176/600] linucb_27d_alpha0.5_seed42          | ✓ | acc=47.2% | cost=$0.0393
  [ 177/600] linucb_27d_alpha0.5_seed42          | ✓ | acc=47.5% | cost=$0.0393
  [ 178/600] linucb_27d_alpha0.5_seed42          | ✓ | acc=47.8% | cost=$0.0396
  [ 179/600] linucb_27d_alpha0.5_seed42          | ✓ | acc=48.0% | cost=$0.0399
  [ 180/600] linucb_27d_alpha0.5_seed42          | ✓ | acc=48.3% | cost=$0.0402
  [ 181/600] linucb_27d_alpha0.5_seed42          | ✓ | acc=48.6% | cost=$0.0404
  [ 182/600] linucb_27d_alpha0.5_seed42          | ✓ | acc=48.9% | cost=$0.0407
  [ 183/600] linucb_27d_alpha0.5_seed42          | ✓ | acc=49.2% | cost=$0.0410
  [ 184/600] linucb_27d_alpha0.5_seed42          | ✓ | acc=49.5% | cost=$0.0417
  [ 185/600] linucb_27d_alpha0.5_seed42          | ✓ | acc=49.7% | cost=$0.0419
  [ 186/600] linucb_27d_alpha0.5_seed42          | ✓ | acc=50.0% | cost=$0.0421
  [ 187/600] linucb_27d_alpha0.5_seed42          | ✓ | acc=50.3% | cost=$0.0425
  [ 188/600] linucb_27d_alpha0.5_seed42          | ✓ | acc=50.5% | cost=$0.0425
  [ 189/600] linucb_27d_alpha0.5_seed42          | ✓ | acc=50.8% | cost=$0.0429
  [ 190/600] linucb_27d_alpha0.5_seed42          | ✓ | acc=51.1% | cost=$0.0433
  [ 191/600] linucb_27d_alpha0.5_seed42          | ✓ | acc=51.3% | cost=$0.0436
  [ 192/600] linucb_27d_alpha0.5_seed42          | ✓ | acc=51.6% | cost=$0.0439
  [ 193/600] linucb_27d_alpha0.5_seed42          | ✓ | acc=51.8% | cost=$0.0443
  [ 194/600] linucb_27d_alpha0.5_seed42          | ✓ | acc=52.1% | cost=$0.0446
  [ 195/600] linucb_27d_alpha0.5_seed42          | ✗ | acc=51.8% | cost=$0.0449
  [ 196/600] linucb_27d_alpha0.5_seed42          | ✓ | acc=52.0% | cost=$0.0453
  [ 197/600] linucb_27d_alpha0.5_seed42          | ✓ | acc=52.3% | cost=$0.0455
  [ 198/600] linucb_27d_alpha0.5_seed42          | ✓ | acc=52.5% | cost=$0.0455
  [ 199/600] linucb_27d_alpha0.5_seed42          | ✗ | acc=52.3% | cost=$0.0457
  [ 200/600] linucb_27d_alpha0.5_seed42          | ✓ | acc=52.5% | cost=$0.0460
  [ 201/600] linucb_27d_alpha0.5_seed42          | ✓ | acc=52.7% | cost=$0.0465
  [ 202/600] linucb_27d_alpha0.5_seed42          | ✓ | acc=53.0% | cost=$0.0465
  [ 203/600] linucb_27d_alpha0.5_seed42          | ✓ | acc=53.2% | cost=$0.0468
  [ 204/600] linucb_27d_alpha0.5_seed42          | ✓ | acc=53.4% | cost=$0.0472
  [ 205/600] linucb_27d_alpha0.5_seed42          | ✓ | acc=53.7% | cost=$0.0474
  [ 206/600] linucb_27d_alpha0.5_seed42          | ✓ | acc=53.9% | cost=$0.0477
  [ 207/600] linucb_27d_alpha0.5_seed42          | ✓ | acc=54.1% | cost=$0.0480
  [ 208/600] linucb_27d_alpha0.5_seed42          | ✓ | acc=54.3% | cost=$0.0480
  [ 209/600] linucb_27d_alpha0.5_seed42          | ✓ | acc=54.5% | cost=$0.0483
  [ 210/600] linucb_27d_alpha0.5_seed42          | ✓ | acc=54.8% | cost=$0.0485
  [ 211/600] linucb_27d_alpha0.5_seed42          | ✗ | acc=54.5% | cost=$0.0491
  [ 212/600] linucb_27d_alpha0.5_seed42          | ✗ | acc=54.2% | cost=$0.0492
  [ 213/600] linucb_27d_alpha0.5_seed42          | ✓ | acc=54.5% | cost=$0.0494
  [ 214/600] linucb_27d_alpha0.5_seed42          | ✗ | acc=54.2% | cost=$0.0495
  [ 215/600] linucb_27d_alpha0.5_seed42          | ✓ | acc=54.4% | cost=$0.0497
  [ 216/600] linucb_27d_alpha0.5_seed42          | ✓ | acc=54.6% | cost=$0.0500
  [ 217/600] linucb_27d_alpha0.5_seed42          | ✓ | acc=54.8% | cost=$0.0503
  [ 218/600] linucb_27d_alpha0.5_seed42          | ✓ | acc=55.0% | cost=$0.0506
  [ 219/600] linucb_27d_alpha0.5_seed42          | ✓ | acc=55.3% | cost=$0.0508
  [ 220/600] linucb_27d_alpha0.5_seed42          | ✓ | acc=55.5% | cost=$0.0510
  [ 221/600] linucb_27d_alpha0.5_seed42          | ✓ | acc=55.7% | cost=$0.0515
  [ 222/600] linucb_27d_alpha0.5_seed42          | ✓ | acc=55.9% | cost=$0.0517
  [ 223/600] linucb_27d_alpha0.5_seed42          | ✓ | acc=56.1% | cost=$0.0520
  [ 224/600] linucb_27d_alpha0.5_seed42          | ✓ | acc=56.2% | cost=$0.0523
  [ 225/600] linucb_27d_alpha0.5_seed42          | ✓ | acc=56.4% | cost=$0.0525
  [ 226/600] linucb_27d_alpha0.5_seed42          | ✓ | acc=56.6% | cost=$0.0528
  [ 227/600] linucb_27d_alpha0.5_seed42          | ✗ | acc=56.4% | cost=$0.0530
  [ 228/600] linucb_27d_alpha0.5_seed42          | ✓ | acc=56.6% | cost=$0.0533
  [ 229/600] linucb_27d_alpha0.5_seed42          | ✓ | acc=56.8% | cost=$0.0533
  [ 230/600] linucb_27d_alpha0.5_seed42          | ✓ | acc=57.0% | cost=$0.0533
  [ 231/600] linucb_27d_alpha0.5_seed42          | ✓ | acc=57.1% | cost=$0.0537
  [ 232/600] linucb_27d_alpha0.5_seed42          | ✓ | acc=57.3% | cost=$0.0541
  [ 233/600] linucb_27d_alpha0.5_seed42          | ✓ | acc=57.5% | cost=$0.0541
  [ 234/600] linucb_27d_alpha0.5_seed42          | ✓ | acc=57.7% | cost=$0.0544
  [ 235/600] linucb_27d_alpha0.5_seed42          | ✓ | acc=57.9% | cost=$0.0547
  [ 236/600] linucb_27d_alpha0.5_seed42          | ✓ | acc=58.1% | cost=$0.0551
  [ 237/600] linucb_27d_alpha0.5_seed42          | ✓ | acc=58.2% | cost=$0.0554
  [ 238/600] linucb_27d_alpha0.5_seed42          | ✓ | acc=58.4% | cost=$0.0557
  [ 239/600] linucb_27d_alpha0.5_seed42          | ✓ | acc=58.6% | cost=$0.0559
  [ 240/600] linucb_27d_alpha0.5_seed42          | ✓ | acc=58.8% | cost=$0.0561
  [ 241/600] linucb_27d_alpha0.5_seed42          | ✓ | acc=58.9% | cost=$0.0564
  [ 242/600] linucb_27d_alpha0.5_seed42          | ✓ | acc=59.1% | cost=$0.0564
  [ 243/600] linucb_27d_alpha0.5_seed42          | ✓ | acc=59.3% | cost=$0.0569
  [ 244/600] linucb_27d_alpha0.5_seed42          | ✓ | acc=59.4% | cost=$0.0579
  [ 245/600] linucb_27d_alpha0.5_seed42          | ✓ | acc=59.6% | cost=$0.0590
  [ 246/600] linucb_27d_alpha0.5_seed42          | ✓ | acc=59.8% | cost=$0.0592
  [ 247/600] linucb_27d_alpha0.5_seed42          | ✓ | acc=59.9% | cost=$0.0593
  [ 248/600] linucb_27d_alpha0.5_seed42          | ✓ | acc=60.1% | cost=$0.0594
  [ 249/600] linucb_27d_alpha0.5_seed42          | ✓ | acc=60.2% | cost=$0.0596
  [ 250/600] linucb_27d_alpha0.5_seed42          | ✓ | acc=60.4% | cost=$0.0601
  [ 251/600] linucb_27d_alpha0.5_seed42          | ✗ | acc=60.2% | cost=$0.0604
  [ 252/600] linucb_27d_alpha0.5_seed42          | ✓ | acc=60.3% | cost=$0.0605
  [ 253/600] linucb_27d_alpha0.5_seed42          | ✓ | acc=60.5% | cost=$0.0605
  [ 254/600] linucb_27d_alpha0.5_seed42          | ✓ | acc=60.6% | cost=$0.0608
  [ 255/600] linucb_27d_alpha0.5_seed42          | ✓ | acc=60.8% | cost=$0.0611
  [ 256/600] linucb_27d_alpha0.5_seed42          | ✓ | acc=60.9% | cost=$0.0611
  [ 257/600] linucb_27d_alpha0.5_seed42          | ✓ | acc=61.1% | cost=$0.0612
  [ 258/600] linucb_27d_alpha0.5_seed42          | ✓ | acc=61.2% | cost=$0.0612
  [ 259/600] linucb_27d_alpha0.5_seed42          | ✗ | acc=61.0% | cost=$0.0612
  [ 260/600] linucb_27d_alpha0.5_seed42          | ✓ | acc=61.2% | cost=$0.0613
  [ 261/600] linucb_27d_alpha0.5_seed42          | ✓ | acc=61.3% | cost=$0.0613
  [ 262/600] linucb_27d_alpha0.5_seed42          | ✓ | acc=61.5% | cost=$0.0613
  [ 263/600] linucb_27d_alpha0.5_seed42          | ✗ | acc=61.2% | cost=$0.0613
  [ 264/600] linucb_27d_alpha0.5_seed42          | ✓ | acc=61.4% | cost=$0.0614
  [ 265/600] linucb_27d_alpha0.5_seed42          | ✗ | acc=61.1% | cost=$0.0615
  [ 266/600] linucb_27d_alpha0.5_seed42          | ✓ | acc=61.3% | cost=$0.0615
  [ 267/600] linucb_27d_alpha0.5_seed42          | ✗ | acc=61.0% | cost=$0.0616
  [ 268/600] linucb_27d_alpha0.5_seed42          | ✓ | acc=61.2% | cost=$0.0616
  [ 269/600] linucb_27d_alpha0.5_seed42          | ✓ | acc=61.3% | cost=$0.0616
  [ 270/600] linucb_27d_alpha0.5_seed42          | ✓ | acc=61.5% | cost=$0.0617
  [ 271/600] linucb_27d_alpha0.5_seed42          | ✓ | acc=61.6% | cost=$0.0617
  [ 272/600] linucb_27d_alpha0.5_seed42          | ✓ | acc=61.8% | cost=$0.0620
  [ 273/600] linucb_27d_alpha0.5_seed42          | ✓ | acc=61.9% | cost=$0.0620
  [ 274/600] linucb_27d_alpha0.5_seed42          | ✓ | acc=62.0% | cost=$0.0620
  [ 275/600] linucb_27d_alpha0.5_seed42          | ✓ | acc=62.2% | cost=$0.0621
  [ 276/600] linucb_27d_alpha0.5_seed42          | ✓ | acc=62.3% | cost=$0.0621
  [ 277/600] linucb_27d_alpha0.5_seed42          | ✓ | acc=62.5% | cost=$0.0621
  [ 278/600] linucb_27d_alpha0.5_seed42          | ✓ | acc=62.6% | cost=$0.0622
  [ 279/600] linucb_27d_alpha0.5_seed42          | ✓ | acc=62.7% | cost=$0.0622
  [ 280/600] linucb_27d_alpha0.5_seed42          | ✓ | acc=62.9% | cost=$0.0622
  [ 281/600] linucb_27d_alpha0.5_seed42          | ✓ | acc=63.0% | cost=$0.0622
  [ 282/600] linucb_27d_alpha0.5_seed42          | ✓ | acc=63.1% | cost=$0.0622
  [ 283/600] linucb_27d_alpha0.5_seed42          | ✓ | acc=63.3% | cost=$0.0622
  [ 284/600] linucb_27d_alpha0.5_seed42          | ✓ | acc=63.4% | cost=$0.0623
  [ 285/600] linucb_27d_alpha0.5_seed42          | ✓ | acc=63.5% | cost=$0.0623
  [ 286/600] linucb_27d_alpha0.5_seed42          | ✓ | acc=63.6% | cost=$0.0624
  [ 287/600] linucb_27d_alpha0.5_seed42          | ✗ | acc=63.4% | cost=$0.0625
  [ 288/600] linucb_27d_alpha0.5_seed42          | ✗ | acc=63.2% | cost=$0.0626
  [ 289/600] linucb_27d_alpha0.5_seed42          | ✓ | acc=63.3% | cost=$0.0626
  [ 290/600] linucb_27d_alpha0.5_seed42          | ✗ | acc=63.1% | cost=$0.0626
  [ 291/600] linucb_27d_alpha0.5_seed42          | ✓ | acc=63.2% | cost=$0.0626
  [ 292/600] linucb_27d_alpha0.5_seed42          | ✓ | acc=63.4% | cost=$0.0627
  [ 293/600] linucb_27d_alpha0.5_seed42          | ✓ | acc=63.5% | cost=$0.0627
  [ 294/600] linucb_27d_alpha0.5_seed42          | ✓ | acc=63.6% | cost=$0.0627
  [ 295/600] linucb_27d_alpha0.5_seed42          | ✓ | acc=63.7% | cost=$0.0628
  [ 296/600] linucb_27d_alpha0.5_seed42          | ✓ | acc=63.9% | cost=$0.0628
  [ 297/600] linucb_27d_alpha0.5_seed42          | ✓ | acc=64.0% | cost=$0.0628
  [ 298/600] linucb_27d_alpha0.5_seed42          | ✓ | acc=64.1% | cost=$0.0628
  [ 299/600] linucb_27d_alpha0.5_seed42          | ✗ | acc=63.9% | cost=$0.0629
  [ 300/600] linucb_27d_alpha0.5_seed42          | ✗ | acc=63.7% | cost=$0.0629
  [ 301/600] linucb_27d_alpha0.5_seed42          | ✓ | acc=63.8% | cost=$0.0629
  [ 302/600] linucb_27d_alpha0.5_seed42          | ✓ | acc=63.9% | cost=$0.0629
  [ 303/600] linucb_27d_alpha0.5_seed42          | ✓ | acc=64.0% | cost=$0.0630
  [ 304/600] linucb_27d_alpha0.5_seed42          | ✓ | acc=64.1% | cost=$0.0630
  [ 305/600] linucb_27d_alpha0.5_seed42          | ✓ | acc=64.3% | cost=$0.0631
  [ 306/600] linucb_27d_alpha0.5_seed42          | ✓ | acc=64.4% | cost=$0.0631
  [ 307/600] linucb_27d_alpha0.5_seed42          | ✗ | acc=64.2% | cost=$0.0631
  [ 308/600] linucb_27d_alpha0.5_seed42          | ✓ | acc=64.3% | cost=$0.0632
  [ 309/600] linucb_27d_alpha0.5_seed42          | ✓ | acc=64.4% | cost=$0.0632
  [ 310/600] linucb_27d_alpha0.5_seed42          | ✗ | acc=64.2% | cost=$0.0632
  [ 311/600] linucb_27d_alpha0.5_seed42          | ✓ | acc=64.3% | cost=$0.0632
  [ 312/600] linucb_27d_alpha0.5_seed42          | ✓ | acc=64.4% | cost=$0.0633
  [ 313/600] linucb_27d_alpha0.5_seed42          | ✓ | acc=64.5% | cost=$0.0635
  [ 314/600] linucb_27d_alpha0.5_seed42          | ✓ | acc=64.6% | cost=$0.0635
  [ 315/600] linucb_27d_alpha0.5_seed42          | ✗ | acc=64.4% | cost=$0.0638
  [ 316/600] linucb_27d_alpha0.5_seed42          | ✗ | acc=64.2% | cost=$0.0638
  [ 317/600] linucb_27d_alpha0.5_seed42          | ✓ | acc=64.4% | cost=$0.0639
  [ 318/600] linucb_27d_alpha0.5_seed42          | ✓ | acc=64.5% | cost=$0.0641
  [ 319/600] linucb_27d_alpha0.5_seed42          | ✓ | acc=64.6% | cost=$0.0642
  [ 320/600] linucb_27d_alpha0.5_seed42          | ✓ | acc=64.7% | cost=$0.0642
  [ 321/600] linucb_27d_alpha0.5_seed42          | ✓ | acc=64.8% | cost=$0.0645
  [ 322/600] linucb_27d_alpha0.5_seed42          | ✓ | acc=64.9% | cost=$0.0647
  [ 323/600] linucb_27d_alpha0.5_seed42          | ✓ | acc=65.0% | cost=$0.0649
  [ 324/600] linucb_27d_alpha0.5_seed42          | ✓ | acc=65.1% | cost=$0.0651
  [ 325/600] linucb_27d_alpha0.5_seed42          | ✓ | acc=65.2% | cost=$0.0652
  [ 326/600] linucb_27d_alpha0.5_seed42          | ✓ | acc=65.3% | cost=$0.0653
  [ 327/600] linucb_27d_alpha0.5_seed42          | ✓ | acc=65.4% | cost=$0.0653
  [ 328/600] linucb_27d_alpha0.5_seed42          | ✗ | acc=65.2% | cost=$0.0656
  [ 329/600] linucb_27d_alpha0.5_seed42          | ✓ | acc=65.3% | cost=$0.0658
  [ 330/600] linucb_27d_alpha0.5_seed42          | ✓ | acc=65.5% | cost=$0.0658
  [ 331/600] linucb_27d_alpha0.5_seed42          | ✓ | acc=65.6% | cost=$0.0659
  [ 332/600] linucb_27d_alpha0.5_seed42          | ✓ | acc=65.7% | cost=$0.0659
  [ 333/600] linucb_27d_alpha0.5_seed42          | ✓ | acc=65.8% | cost=$0.0659
  [ 334/600] linucb_27d_alpha0.5_seed42          | ✓ | acc=65.9% | cost=$0.0660
  [ 335/600] linucb_27d_alpha0.5_seed42          | ✓ | acc=66.0% | cost=$0.0663
  [ 336/600] linucb_27d_alpha0.5_seed42          | ✓ | acc=66.1% | cost=$0.0665
  [ 337/600] linucb_27d_alpha0.5_seed42          | ✓ | acc=66.2% | cost=$0.0666
  [ 338/600] linucb_27d_alpha0.5_seed42          | ✓ | acc=66.3% | cost=$0.0666
  [ 339/600] linucb_27d_alpha0.5_seed42          | ✓ | acc=66.4% | cost=$0.0666
  [ 340/600] linucb_27d_alpha0.5_seed42          | ✓ | acc=66.5% | cost=$0.0667
  [ 341/600] linucb_27d_alpha0.5_seed42          | ✓ | acc=66.6% | cost=$0.0668
  [ 342/600] linucb_27d_alpha0.5_seed42          | ✗ | acc=66.4% | cost=$0.0668
  [ 343/600] linucb_27d_alpha0.5_seed42          | ✓ | acc=66.5% | cost=$0.0671
  [ 344/600] linucb_27d_alpha0.5_seed42          | ✓ | acc=66.6% | cost=$0.0671
  [ 345/600] linucb_27d_alpha0.5_seed42          | ✓ | acc=66.7% | cost=$0.0672
  [ 346/600] linucb_27d_alpha0.5_seed42          | ✓ | acc=66.8% | cost=$0.0672
  [ 347/600] linucb_27d_alpha0.5_seed42          | ✓ | acc=66.9% | cost=$0.0672
  [ 348/600] linucb_27d_alpha0.5_seed42          | ✓ | acc=67.0% | cost=$0.0672
  [ 349/600] linucb_27d_alpha0.5_seed42          | ✓ | acc=67.0% | cost=$0.0675
  [ 350/600] linucb_27d_alpha0.5_seed42          | ✓ | acc=67.1% | cost=$0.0675
  [ 351/600] linucb_27d_alpha0.5_seed42          | ✗ | acc=67.0% | cost=$0.0675
  [ 352/600] linucb_27d_alpha0.5_seed42          | ✗ | acc=66.8% | cost=$0.0676
  [ 353/600] linucb_27d_alpha0.5_seed42          | ✓ | acc=66.9% | cost=$0.0678
  [ 354/600] linucb_27d_alpha0.5_seed42          | ✓ | acc=66.9% | cost=$0.0679
  [ 355/600] linucb_27d_alpha0.5_seed42          | ✓ | acc=67.0% | cost=$0.0679
  [ 356/600] linucb_27d_alpha0.5_seed42          | ✓ | acc=67.1% | cost=$0.0680
  [ 357/600] linucb_27d_alpha0.5_seed42          | ✓ | acc=67.2% | cost=$0.0680
  [ 358/600] linucb_27d_alpha0.5_seed42          | ✗ | acc=67.0% | cost=$0.0680
  [ 359/600] linucb_27d_alpha0.5_seed42          | ✓ | acc=67.1% | cost=$0.0683
  [ 360/600] linucb_27d_alpha0.5_seed42          | ✓ | acc=67.2% | cost=$0.0685
  [ 361/600] linucb_27d_alpha0.5_seed42          | ✓ | acc=67.3% | cost=$0.0688
  [ 362/600] linucb_27d_alpha0.5_seed42          | ✓ | acc=67.4% | cost=$0.0688
  [ 363/600] linucb_27d_alpha0.5_seed42          | ✓ | acc=67.5% | cost=$0.0691
  [ 364/600] linucb_27d_alpha0.5_seed42          | ✓ | acc=67.6% | cost=$0.0695
  [ 365/600] linucb_27d_alpha0.5_seed42          | ✗ | acc=67.4% | cost=$0.0695
  [ 366/600] linucb_27d_alpha0.5_seed42          | ✓ | acc=67.5% | cost=$0.0697
  [ 367/600] linucb_27d_alpha0.5_seed42          | ✓ | acc=67.6% | cost=$0.0697
  [ 368/600] linucb_27d_alpha0.5_seed42          | ✓ | acc=67.7% | cost=$0.0700
  [ 369/600] linucb_27d_alpha0.5_seed42          | ✓ | acc=67.8% | cost=$0.0703
  [ 370/600] linucb_27d_alpha0.5_seed42          | ✓ | acc=67.8% | cost=$0.0703
  [ 371/600] linucb_27d_alpha0.5_seed42          | ✓ | acc=67.9% | cost=$0.0703
  [ 372/600] linucb_27d_alpha0.5_seed42          | ✓ | acc=68.0% | cost=$0.0707
  [ 373/600] linucb_27d_alpha0.5_seed42          | ✓ | acc=68.1% | cost=$0.0707
  [ 374/600] linucb_27d_alpha0.5_seed42          | ✓ | acc=68.2% | cost=$0.0709
  [ 375/600] linucb_27d_alpha0.5_seed42          | ✓ | acc=68.3% | cost=$0.0710
  [ 376/600] linucb_27d_alpha0.5_seed42          | ✓ | acc=68.4% | cost=$0.0710
  [ 377/600] linucb_27d_alpha0.5_seed42          | ✓ | acc=68.4% | cost=$0.0710
  [ 378/600] linucb_27d_alpha0.5_seed42          | ✓ | acc=68.5% | cost=$0.0710
  [ 379/600] linucb_27d_alpha0.5_seed42          | ✗ | acc=68.3% | cost=$0.0713
  [ 380/600] linucb_27d_alpha0.5_seed42          | ✓ | acc=68.4% | cost=$0.0716
  [ 381/600] linucb_27d_alpha0.5_seed42          | ✓ | acc=68.5% | cost=$0.0718
  [ 382/600] linucb_27d_alpha0.5_seed42          | ✓ | acc=68.6% | cost=$0.0718
  [ 383/600] linucb_27d_alpha0.5_seed42          | ✓ | acc=68.7% | cost=$0.0718
  [ 384/600] linucb_27d_alpha0.5_seed42          | ✓ | acc=68.8% | cost=$0.0721
  [ 385/600] linucb_27d_alpha0.5_seed42          | ✗ | acc=68.6% | cost=$0.0721
  [ 386/600] linucb_27d_alpha0.5_seed42          | ✓ | acc=68.7% | cost=$0.0723
  [ 387/600] linucb_27d_alpha0.5_seed42          | ✓ | acc=68.7% | cost=$0.0724
  [ 388/600] linucb_27d_alpha0.5_seed42          | ✓ | acc=68.8% | cost=$0.0724
  [ 389/600] linucb_27d_alpha0.5_seed42          | ✓ | acc=68.9% | cost=$0.0724
  [ 390/600] linucb_27d_alpha0.5_seed42          | ✓ | acc=69.0% | cost=$0.0727
  [ 391/600] linucb_27d_alpha0.5_seed42          | ✓ | acc=69.1% | cost=$0.0730
  [ 392/600] linucb_27d_alpha0.5_seed42          | ✓ | acc=69.1% | cost=$0.0733
  [ 393/600] linucb_27d_alpha0.5_seed42          | ✓ | acc=69.2% | cost=$0.0733
  [ 394/600] linucb_27d_alpha0.5_seed42          | ✓ | acc=69.3% | cost=$0.0733
  [ 395/600] linucb_27d_alpha0.5_seed42          | ✓ | acc=69.4% | cost=$0.0735
  [ 396/600] linucb_27d_alpha0.5_seed42          | ✓ | acc=69.4% | cost=$0.0738
  [ 397/600] linucb_27d_alpha0.5_seed42          | ✓ | acc=69.5% | cost=$0.0741
  [ 398/600] linucb_27d_alpha0.5_seed42          | ✓ | acc=69.6% | cost=$0.0741
  [ 399/600] linucb_27d_alpha0.5_seed42          | ✓ | acc=69.7% | cost=$0.0741
  [ 400/600] linucb_27d_alpha0.5_seed42          | ✓ | acc=69.8% | cost=$0.0741
  [ 401/600] linucb_27d_alpha0.5_seed42          | ✓ | acc=69.8% | cost=$0.0741
  [ 402/600] linucb_27d_alpha0.5_seed42          | ✓ | acc=69.9% | cost=$0.0742
  [ 403/600] linucb_27d_alpha0.5_seed42          | ✓ | acc=70.0% | cost=$0.0742
  [ 404/600] linucb_27d_alpha0.5_seed42          | ✓ | acc=70.0% | cost=$0.0742
  [ 405/600] linucb_27d_alpha0.5_seed42          | ✓ | acc=70.1% | cost=$0.0745
  [ 406/600] linucb_27d_alpha0.5_seed42          | ✓ | acc=70.2% | cost=$0.0748
  [ 407/600] linucb_27d_alpha0.5_seed42          | ✓ | acc=70.3% | cost=$0.0748
  [ 408/600] linucb_27d_alpha0.5_seed42          | ✓ | acc=70.3% | cost=$0.0748
  [ 409/600] linucb_27d_alpha0.5_seed42          | ✓ | acc=70.4% | cost=$0.0749
  [ 410/600] linucb_27d_alpha0.5_seed42          | ✓ | acc=70.5% | cost=$0.0752
  [ 411/600] linucb_27d_alpha0.5_seed42          | ✓ | acc=70.6% | cost=$0.0752
  [ 412/600] linucb_27d_alpha0.5_seed42          | ✓ | acc=70.6% | cost=$0.0752
  [ 413/600] linucb_27d_alpha0.5_seed42          | ✓ | acc=70.7% | cost=$0.0753
  [ 414/600] linucb_27d_alpha0.5_seed42          | ✓ | acc=70.8% | cost=$0.0753
  [ 415/600] linucb_27d_alpha0.5_seed42          | ✓ | acc=70.8% | cost=$0.0753
  [ 416/600] linucb_27d_alpha0.5_seed42          | ✓ | acc=70.9% | cost=$0.0756
  [ 417/600] linucb_27d_alpha0.5_seed42          | ✓ | acc=71.0% | cost=$0.0756
  [ 418/600] linucb_27d_alpha0.5_seed42          | ✓ | acc=71.1% | cost=$0.0758
  [ 419/600] linucb_27d_alpha0.5_seed42          | ✓ | acc=71.1% | cost=$0.0760
  [ 420/600] linucb_27d_alpha0.5_seed42          | ✓ | acc=71.2% | cost=$0.0761
  [ 421/600] linucb_27d_alpha0.5_seed42          | ✓ | acc=71.3% | cost=$0.0761
  [ 422/600] linucb_27d_alpha0.5_seed42          | ✓ | acc=71.3% | cost=$0.0761
  [ 423/600] linucb_27d_alpha0.5_seed42          | ✓ | acc=71.4% | cost=$0.0761
  [ 424/600] linucb_27d_alpha0.5_seed42          | ✓ | acc=71.5% | cost=$0.0764
  [ 425/600] linucb_27d_alpha0.5_seed42          | ✓ | acc=71.5% | cost=$0.0764
  [ 426/600] linucb_27d_alpha0.5_seed42          | ✓ | acc=71.6% | cost=$0.0764
  [ 427/600] linucb_27d_alpha0.5_seed42          | ✓ | acc=71.7% | cost=$0.0764
  [ 428/600] linucb_27d_alpha0.5_seed42          | ✓ | acc=71.7% | cost=$0.0764
  [ 429/600] linucb_27d_alpha0.5_seed42          | ✓ | acc=71.8% | cost=$0.0764
  [ 430/600] linucb_27d_alpha0.5_seed42          | ✓ | acc=71.9% | cost=$0.0764
  [ 431/600] linucb_27d_alpha0.5_seed42          | ✓ | acc=71.9% | cost=$0.0765
  [ 432/600] linucb_27d_alpha0.5_seed42          | ✓ | acc=72.0% | cost=$0.0765
  [ 433/600] linucb_27d_alpha0.5_seed42          | ✓ | acc=72.1% | cost=$0.0765
  [ 434/600] linucb_27d_alpha0.5_seed42          | ✓ | acc=72.1% | cost=$0.0765
  [ 435/600] linucb_27d_alpha0.5_seed42          | ✓ | acc=72.2% | cost=$0.0765
  [ 436/600] linucb_27d_alpha0.5_seed42          | ✗ | acc=72.0% | cost=$0.0765
  [ 437/600] linucb_27d_alpha0.5_seed42          | ✓ | acc=72.1% | cost=$0.0765
  [ 438/600] linucb_27d_alpha0.5_seed42          | ✓ | acc=72.1% | cost=$0.0766
  [ 439/600] linucb_27d_alpha0.5_seed42          | ✓ | acc=72.2% | cost=$0.0766
  [ 440/600] linucb_27d_alpha0.5_seed42          | ✓ | acc=72.3% | cost=$0.0766
  [ 441/600] linucb_27d_alpha0.5_seed42          | ✗ | acc=72.1% | cost=$0.0766
  [ 442/600] linucb_27d_alpha0.5_seed42          | ✗ | acc=71.9% | cost=$0.0766
  [ 443/600] linucb_27d_alpha0.5_seed42          | ✓ | acc=72.0% | cost=$0.0766
  [ 444/600] linucb_27d_alpha0.5_seed42          | ✓ | acc=72.1% | cost=$0.0769
  [ 445/600] linucb_27d_alpha0.5_seed42          | ✗ | acc=71.9% | cost=$0.0772
  [ 446/600] linucb_27d_alpha0.5_seed42          | ✓ | acc=72.0% | cost=$0.0772
  [ 447/600] linucb_27d_alpha0.5_seed42          | ✓ | acc=72.0% | cost=$0.0775
  [ 448/600] linucb_27d_alpha0.5_seed42          | ✓ | acc=72.1% | cost=$0.0775
  [ 449/600] linucb_27d_alpha0.5_seed42          | ✓ | acc=72.2% | cost=$0.0775
  [ 450/600] linucb_27d_alpha0.5_seed42          | ✓ | acc=72.2% | cost=$0.0775
  [ 451/600] linucb_27d_alpha0.5_seed42          | ✓ | acc=72.3% | cost=$0.0777
  [ 452/600] linucb_27d_alpha0.5_seed42          | ✓ | acc=72.3% | cost=$0.0780
  [ 453/600] linucb_27d_alpha0.5_seed42          | ✓ | acc=72.4% | cost=$0.0782
  [ 454/600] linucb_27d_alpha0.5_seed42          | ✓ | acc=72.5% | cost=$0.0782
  [ 455/600] linucb_27d_alpha0.5_seed42          | ✓ | acc=72.5% | cost=$0.0785
  [ 456/600] linucb_27d_alpha0.5_seed42          | ✓ | acc=72.6% | cost=$0.0785
  [ 457/600] linucb_27d_alpha0.5_seed42          | ✓ | acc=72.6% | cost=$0.0788
  [ 458/600] linucb_27d_alpha0.5_seed42          | ✓ | acc=72.7% | cost=$0.0788
  [ 459/600] linucb_27d_alpha0.5_seed42          | ✓ | acc=72.8% | cost=$0.0788
  [ 460/600] linucb_27d_alpha0.5_seed42          | ✓ | acc=72.8% | cost=$0.0788
  [ 461/600] linucb_27d_alpha0.5_seed42          | ✓ | acc=72.9% | cost=$0.0790
  [ 462/600] linucb_27d_alpha0.5_seed42          | ✓ | acc=72.9% | cost=$0.0793
  [ 463/600] linucb_27d_alpha0.5_seed42          | ✓ | acc=73.0% | cost=$0.0793
  [ 464/600] linucb_27d_alpha0.5_seed42          | ✓ | acc=73.1% | cost=$0.0795
  [ 465/600] linucb_27d_alpha0.5_seed42          | ✓ | acc=73.1% | cost=$0.0798
  [ 466/600] linucb_27d_alpha0.5_seed42          | ✓ | acc=73.2% | cost=$0.0801
  [ 467/600] linucb_27d_alpha0.5_seed42          | ✓ | acc=73.2% | cost=$0.0801
  [ 468/600] linucb_27d_alpha0.5_seed42          | ✓ | acc=73.3% | cost=$0.0801
  [ 469/600] linucb_27d_alpha0.5_seed42          | ✓ | acc=73.3% | cost=$0.0804
  [ 470/600] linucb_27d_alpha0.5_seed42          | ✓ | acc=73.4% | cost=$0.0804
  [ 471/600] linucb_27d_alpha0.5_seed42          | ✓ | acc=73.5% | cost=$0.0804
  [ 472/600] linucb_27d_alpha0.5_seed42          | ✓ | acc=73.5% | cost=$0.0807
  [ 473/600] linucb_27d_alpha0.5_seed42          | ✓ | acc=73.6% | cost=$0.0810
  [ 474/600] linucb_27d_alpha0.5_seed42          | ✓ | acc=73.6% | cost=$0.0812
  [ 475/600] linucb_27d_alpha0.5_seed42          | ✓ | acc=73.7% | cost=$0.0815
  [ 476/600] linucb_27d_alpha0.5_seed42          | ✓ | acc=73.7% | cost=$0.0815
  [ 477/600] linucb_27d_alpha0.5_seed42          | ✓ | acc=73.8% | cost=$0.0815
  [ 478/600] linucb_27d_alpha0.5_seed42          | ✓ | acc=73.8% | cost=$0.0816
  [ 479/600] linucb_27d_alpha0.5_seed42          | ✓ | acc=73.9% | cost=$0.0816
  [ 480/600] linucb_27d_alpha0.5_seed42          | ✓ | acc=74.0% | cost=$0.0816
  [ 481/600] linucb_27d_alpha0.5_seed42          | ✗ | acc=73.8% | cost=$0.0816
  [ 482/600] linucb_27d_alpha0.5_seed42          | ✓ | acc=73.9% | cost=$0.0816
  [ 483/600] linucb_27d_alpha0.5_seed42          | ✗ | acc=73.7% | cost=$0.0817
  [ 484/600] linucb_27d_alpha0.5_seed42          | ✓ | acc=73.8% | cost=$0.0817
  [ 485/600] linucb_27d_alpha0.5_seed42          | ✓ | acc=73.8% | cost=$0.0817
  [ 486/600] linucb_27d_alpha0.5_seed42          | ✓ | acc=73.9% | cost=$0.0820
  [ 487/600] linucb_27d_alpha0.5_seed42          | ✓ | acc=73.9% | cost=$0.0820
  [ 488/600] linucb_27d_alpha0.5_seed42          | ✓ | acc=74.0% | cost=$0.0823
  [ 489/600] linucb_27d_alpha0.5_seed42          | ✓ | acc=74.0% | cost=$0.0825
  [ 490/600] linucb_27d_alpha0.5_seed42          | ✓ | acc=74.1% | cost=$0.0826
  [ 491/600] linucb_27d_alpha0.5_seed42          | ✓ | acc=74.1% | cost=$0.0828
  [ 492/600] linucb_27d_alpha0.5_seed42          | ✓ | acc=74.2% | cost=$0.0828
  [ 493/600] linucb_27d_alpha0.5_seed42          | ✓ | acc=74.2% | cost=$0.0830
  [ 494/600] linucb_27d_alpha0.5_seed42          | ✗ | acc=74.1% | cost=$0.0830
  [ 495/600] linucb_27d_alpha0.5_seed42          | ✓ | acc=74.1% | cost=$0.0833
  [ 496/600] linucb_27d_alpha0.5_seed42          | ✓ | acc=74.2% | cost=$0.0839
  [ 497/600] linucb_27d_alpha0.5_seed42          | ✓ | acc=74.2% | cost=$0.0839
  [ 498/600] linucb_27d_alpha0.5_seed42          | ✓ | acc=74.3% | cost=$0.0841
  [ 499/600] linucb_27d_alpha0.5_seed42          | ✓ | acc=74.3% | cost=$0.0842
  [ 500/600] linucb_27d_alpha0.5_seed42          | ✓ | acc=74.4% | cost=$0.0846
  [ 501/600] linucb_27d_alpha0.5_seed42          | ✗ | acc=74.3% | cost=$0.0850
  [ 502/600] linucb_27d_alpha0.5_seed42          | ✓ | acc=74.3% | cost=$0.0850
  [ 503/600] linucb_27d_alpha0.5_seed42          | ✗ | acc=74.2% | cost=$0.0852
  [ 504/600] linucb_27d_alpha0.5_seed42          | ✓ | acc=74.2% | cost=$0.0853
  [ 505/600] linucb_27d_alpha0.5_seed42          | ✓ | acc=74.3% | cost=$0.0853
  [ 506/600] linucb_27d_alpha0.5_seed42          | ✓ | acc=74.3% | cost=$0.0853
  [ 507/600] linucb_27d_alpha0.5_seed42          | ✓ | acc=74.4% | cost=$0.0853
  [ 508/600] linucb_27d_alpha0.5_seed42          | ✗ | acc=74.2% | cost=$0.0853
  [ 509/600] linucb_27d_alpha0.5_seed42          | ✓ | acc=74.3% | cost=$0.0858
  [ 510/600] linucb_27d_alpha0.5_seed42          | ✓ | acc=74.3% | cost=$0.0862
  [ 511/600] linucb_27d_alpha0.5_seed42          | ✓ | acc=74.4% | cost=$0.0864
  [ 512/600] linucb_27d_alpha0.5_seed42          | ✓ | acc=74.4% | cost=$0.0865
  [ 513/600] linucb_27d_alpha0.5_seed42          | ✗ | acc=74.3% | cost=$0.0865
  [ 514/600] linucb_27d_alpha0.5_seed42          | ✗ | acc=74.1% | cost=$0.0869
  [ 515/600] linucb_27d_alpha0.5_seed42          | ✓ | acc=74.2% | cost=$0.0869
  [ 516/600] linucb_27d_alpha0.5_seed42          | ✓ | acc=74.2% | cost=$0.0869
  [ 517/600] linucb_27d_alpha0.5_seed42          | ✗ | acc=74.1% | cost=$0.0873
  [ 518/600] linucb_27d_alpha0.5_seed42          | ✓ | acc=74.1% | cost=$0.0873
  [ 519/600] linucb_27d_alpha0.5_seed42          | ✗ | acc=74.0% | cost=$0.0873
  [ 520/600] linucb_27d_alpha0.5_seed42          | ✓ | acc=74.0% | cost=$0.0874
  [ 521/600] linucb_27d_alpha0.5_seed42          | ✓ | acc=74.1% | cost=$0.0874
  [ 522/600] linucb_27d_alpha0.5_seed42          | ✓ | acc=74.1% | cost=$0.0874
  [ 523/600] linucb_27d_alpha0.5_seed42          | ✗ | acc=74.0% | cost=$0.0874
  [ 524/600] linucb_27d_alpha0.5_seed42          | ✓ | acc=74.0% | cost=$0.0877
  [ 525/600] linucb_27d_alpha0.5_seed42          | ✓ | acc=74.1% | cost=$0.0880
  [ 526/600] linucb_27d_alpha0.5_seed42          | ✓ | acc=74.1% | cost=$0.0884
  [ 527/600] linucb_27d_alpha0.5_seed42          | ✓ | acc=74.2% | cost=$0.0884
  [ 528/600] linucb_27d_alpha0.5_seed42          | ✓ | acc=74.2% | cost=$0.0884
  [ 529/600] linucb_27d_alpha0.5_seed42          | ✓ | acc=74.3% | cost=$0.0884
  [ 530/600] linucb_27d_alpha0.5_seed42          | ✓ | acc=74.3% | cost=$0.0884
  [ 531/600] linucb_27d_alpha0.5_seed42          | ✗ | acc=74.2% | cost=$0.0884
  [ 532/600] linucb_27d_alpha0.5_seed42          | ✓ | acc=74.2% | cost=$0.0885
  [ 533/600] linucb_27d_alpha0.5_seed42          | ✓ | acc=74.3% | cost=$0.0888
  [ 534/600] linucb_27d_alpha0.5_seed42          | ✓ | acc=74.3% | cost=$0.0891
  [ 535/600] linucb_27d_alpha0.5_seed42          | ✓ | acc=74.4% | cost=$0.0891
  [ 536/600] linucb_27d_alpha0.5_seed42          | ✗ | acc=74.3% | cost=$0.0892
  [ 537/600] linucb_27d_alpha0.5_seed42          | ✗ | acc=74.1% | cost=$0.0896
  [ 538/600] linucb_27d_alpha0.5_seed42          | ✓ | acc=74.2% | cost=$0.0896
  [ 539/600] linucb_27d_alpha0.5_seed42          | ✓ | acc=74.2% | cost=$0.0896
  [ 540/600] linucb_27d_alpha0.5_seed42          | ✓ | acc=74.3% | cost=$0.0896
  [ 541/600] linucb_27d_alpha0.5_seed42          | ✓ | acc=74.3% | cost=$0.0897
  [ 542/600] linucb_27d_alpha0.5_seed42          | ✓ | acc=74.4% | cost=$0.0897
  [ 543/600] linucb_27d_alpha0.5_seed42          | ✓ | acc=74.4% | cost=$0.0897
  [ 544/600] linucb_27d_alpha0.5_seed42          | ✗ | acc=74.3% | cost=$0.0900
  [ 545/600] linucb_27d_alpha0.5_seed42          | ✓ | acc=74.3% | cost=$0.0900
  [ 546/600] linucb_27d_alpha0.5_seed42          | ✓ | acc=74.4% | cost=$0.0900
  [ 547/600] linucb_27d_alpha0.5_seed42          | ✓ | acc=74.4% | cost=$0.0901
  [ 548/600] linucb_27d_alpha0.5_seed42          | ✓ | acc=74.5% | cost=$0.0901
  [ 549/600] linucb_27d_alpha0.5_seed42          | ✗ | acc=74.3% | cost=$0.0901
  [ 550/600] linucb_27d_alpha0.5_seed42          | ✗ | acc=74.2% | cost=$0.0901
  [ 551/600] linucb_27d_alpha0.5_seed42          | ✓ | acc=74.2% | cost=$0.0901
  [ 552/600] linucb_27d_alpha0.5_seed42          | ✓ | acc=74.3% | cost=$0.0902
  [ 553/600] linucb_27d_alpha0.5_seed42          | ✓ | acc=74.3% | cost=$0.0902
  [ 554/600] linucb_27d_alpha0.5_seed42          | ✓ | acc=74.4% | cost=$0.0902
  [ 555/600] linucb_27d_alpha0.5_seed42          | ✓ | acc=74.4% | cost=$0.0902
  [ 556/600] linucb_27d_alpha0.5_seed42          | ✓ | acc=74.5% | cost=$0.0902
  [ 557/600] linucb_27d_alpha0.5_seed42          | ✓ | acc=74.5% | cost=$0.0902
  [ 558/600] linucb_27d_alpha0.5_seed42          | ✓ | acc=74.6% | cost=$0.0902
  [ 559/600] linucb_27d_alpha0.5_seed42          | ✓ | acc=74.6% | cost=$0.0905
  [ 560/600] linucb_27d_alpha0.5_seed42          | ✓ | acc=74.6% | cost=$0.0905
  [ 561/600] linucb_27d_alpha0.5_seed42          | ✓ | acc=74.7% | cost=$0.0905
  [ 562/600] linucb_27d_alpha0.5_seed42          | ✗ | acc=74.6% | cost=$0.0905
  [ 563/600] linucb_27d_alpha0.5_seed42          | ✗ | acc=74.4% | cost=$0.0908
  [ 564/600] linucb_27d_alpha0.5_seed42          | ✓ | acc=74.5% | cost=$0.0908
  [ 565/600] linucb_27d_alpha0.5_seed42          | ✗ | acc=74.3% | cost=$0.0909
  [ 566/600] linucb_27d_alpha0.5_seed42          | ✓ | acc=74.4% | cost=$0.0909
  [ 567/600] linucb_27d_alpha0.5_seed42          | ✓ | acc=74.4% | cost=$0.0909
  [ 568/600] linucb_27d_alpha0.5_seed42          | ✓ | acc=74.5% | cost=$0.0909
  [ 569/600] linucb_27d_alpha0.5_seed42          | ✓ | acc=74.5% | cost=$0.0909
  [ 570/600] linucb_27d_alpha0.5_seed42          | ✓ | acc=74.6% | cost=$0.0912
  [ 571/600] linucb_27d_alpha0.5_seed42          | ✓ | acc=74.6% | cost=$0.0912
  [ 572/600] linucb_27d_alpha0.5_seed42          | ✓ | acc=74.7% | cost=$0.0912
  [ 573/600] linucb_27d_alpha0.5_seed42          | ✓ | acc=74.7% | cost=$0.0912
  [ 574/600] linucb_27d_alpha0.5_seed42          | ✓ | acc=74.7% | cost=$0.0912
  [ 575/600] linucb_27d_alpha0.5_seed42          | ✓ | acc=74.8% | cost=$0.0912
  [ 576/600] linucb_27d_alpha0.5_seed42          | ✓ | acc=74.8% | cost=$0.0913
  [ 577/600] linucb_27d_alpha0.5_seed42          | ✓ | acc=74.9% | cost=$0.0913
  [ 578/600] linucb_27d_alpha0.5_seed42          | ✓ | acc=74.9% | cost=$0.0913
  [ 579/600] linucb_27d_alpha0.5_seed42          | ✓ | acc=75.0% | cost=$0.0916
  [ 580/600] linucb_27d_alpha0.5_seed42          | ✗ | acc=74.8% | cost=$0.0916
  [ 581/600] linucb_27d_alpha0.5_seed42          | ✓ | acc=74.9% | cost=$0.0916
  [ 582/600] linucb_27d_alpha0.5_seed42          | ✓ | acc=74.9% | cost=$0.0916
  [ 583/600] linucb_27d_alpha0.5_seed42          | ✓ | acc=75.0% | cost=$0.0919
  [ 584/600] linucb_27d_alpha0.5_seed42          | ✓ | acc=75.0% | cost=$0.0919
  [ 585/600] linucb_27d_alpha0.5_seed42          | ✓ | acc=75.0% | cost=$0.0922
  [ 586/600] linucb_27d_alpha0.5_seed42          | ✗ | acc=74.9% | cost=$0.0925
  [ 587/600] linucb_27d_alpha0.5_seed42          | ✓ | acc=75.0% | cost=$0.0926
  [ 588/600] linucb_27d_alpha0.5_seed42          | ✓ | acc=75.0% | cost=$0.0926
  [ 589/600] linucb_27d_alpha0.5_seed42          | ✓ | acc=75.0% | cost=$0.0926
  [ 590/600] linucb_27d_alpha0.5_seed42          | ✓ | acc=75.1% | cost=$0.0929
  [ 591/600] linucb_27d_alpha0.5_seed42          | ✓ | acc=75.1% | cost=$0.0929
  [ 592/600] linucb_27d_alpha0.5_seed42          | ✓ | acc=75.2% | cost=$0.0932
  [ 593/600] linucb_27d_alpha0.5_seed42          | ✗ | acc=75.0% | cost=$0.0932
  [ 594/600] linucb_27d_alpha0.5_seed42          | ✓ | acc=75.1% | cost=$0.0936
  [ 595/600] linucb_27d_alpha0.5_seed42          | ✓ | acc=75.1% | cost=$0.0938
  [ 596/600] linucb_27d_alpha0.5_seed42          | ✓ | acc=75.2% | cost=$0.0938
  [ 597/600] linucb_27d_alpha0.5_seed42          | ✗ | acc=75.0% | cost=$0.0941
  [ 598/600] linucb_27d_alpha0.5_seed42          | ✓ | acc=75.1% | cost=$0.0941
  [ 599/600] linucb_27d_alpha0.5_seed42          | ✓ | acc=75.1% | cost=$0.0941
  [ 600/600] linucb_27d_alpha0.5_seed42          | ✗ | acc=75.0% | cost=$0.0941
  DONE: n=600, acc=75.0%, cost=$0.0941

--- LinUCB alpha=1.5 ---

=== linucb_27d_alpha1.5_seed42 (tag=beta_ablation, 600 queries) ===
  [   1/600] linucb_27d_alpha1.5_seed42          | ✗ | acc=0.0% | cost=$0.0000
  [   2/600] linucb_27d_alpha1.5_seed42          | ✗ | acc=0.0% | cost=$0.0003
  [   3/600] linucb_27d_alpha1.5_seed42          | ✗ | acc=0.0% | cost=$0.0003
  [   4/600] linucb_27d_alpha1.5_seed42          | ✓ | acc=25.0% | cost=$0.0008
  [   5/600] linucb_27d_alpha1.5_seed42          | ✓ | acc=40.0% | cost=$0.0010
  [   6/600] linucb_27d_alpha1.5_seed42          | ✗ | acc=33.3% | cost=$0.0013
  [   7/600] linucb_27d_alpha1.5_seed42          | ✗ | acc=28.6% | cost=$0.0019
  [   8/600] linucb_27d_alpha1.5_seed42          | ✗ | acc=25.0% | cost=$0.0022
  [   9/600] linucb_27d_alpha1.5_seed42          | ✗ | acc=22.2% | cost=$0.0025
  [  10/600] linucb_27d_alpha1.5_seed42          | ✓ | acc=30.0% | cost=$0.0025
  [  11/600] linucb_27d_alpha1.5_seed42          | ✗ | acc=27.3% | cost=$0.0026
  [  12/600] linucb_27d_alpha1.5_seed42          | ✗ | acc=25.0% | cost=$0.0026
  [  13/600] linucb_27d_alpha1.5_seed42          | ✓ | acc=30.8% | cost=$0.0028
  [  14/600] linucb_27d_alpha1.5_seed42          | ✗ | acc=28.6% | cost=$0.0030
  [  15/600] linucb_27d_alpha1.5_seed42          | ✓ | acc=33.3% | cost=$0.0031
  [  16/600] linucb_27d_alpha1.5_seed42          | ✗ | acc=31.2% | cost=$0.0031
  [  17/600] linucb_27d_alpha1.5_seed42          | ✗ | acc=29.4% | cost=$0.0031
  [  18/600] linucb_27d_alpha1.5_seed42          | ✗ | acc=27.8% | cost=$0.0031
  [  19/600] linucb_27d_alpha1.5_seed42          | ✓ | acc=31.6% | cost=$0.0034
  [  20/600] linucb_27d_alpha1.5_seed42          | ✓ | acc=35.0% | cost=$0.0034
  [  21/600] linucb_27d_alpha1.5_seed42          | ✗ | acc=33.3% | cost=$0.0038
  [  22/600] linucb_27d_alpha1.5_seed42          | ✓ | acc=36.4% | cost=$0.0038
  [  23/600] linucb_27d_alpha1.5_seed42          | ✗ | acc=34.8% | cost=$0.0038
  [  24/600] linucb_27d_alpha1.5_seed42          | ✓ | acc=37.5% | cost=$0.0041
  [  25/600] linucb_27d_alpha1.5_seed42          | ✗ | acc=36.0% | cost=$0.0044
  [  26/600] linucb_27d_alpha1.5_seed42          | ✓ | acc=38.5% | cost=$0.0047
  [  27/600] linucb_27d_alpha1.5_seed42          | ✗ | acc=37.0% | cost=$0.0047
  [  28/600] linucb_27d_alpha1.5_seed42          | ✓ | acc=39.3% | cost=$0.0051
  [  29/600] linucb_27d_alpha1.5_seed42          | ✓ | acc=41.4% | cost=$0.0052
  [  30/600] linucb_27d_alpha1.5_seed42          | ✗ | acc=40.0% | cost=$0.0056
  [  31/600] linucb_27d_alpha1.5_seed42          | ✗ | acc=38.7% | cost=$0.0056
  [  32/600] linucb_27d_alpha1.5_seed42          | ✗ | acc=37.5% | cost=$0.0059
  [  33/600] linucb_27d_alpha1.5_seed42          | ✗ | acc=36.4% | cost=$0.0061
  [  34/600] linucb_27d_alpha1.5_seed42          | ✓ | acc=38.2% | cost=$0.0065
  [  35/600] linucb_27d_alpha1.5_seed42          | ✗ | acc=37.1% | cost=$0.0065
  [  36/600] linucb_27d_alpha1.5_seed42          | ✗ | acc=36.1% | cost=$0.0068
  [  37/600] linucb_27d_alpha1.5_seed42          | ✗ | acc=35.1% | cost=$0.0068
  [  38/600] linucb_27d_alpha1.5_seed42          | ✓ | acc=36.8% | cost=$0.0071
  [  39/600] linucb_27d_alpha1.5_seed42          | ✗ | acc=35.9% | cost=$0.0071
  [  40/600] linucb_27d_alpha1.5_seed42          | ✗ | acc=35.0% | cost=$0.0071
  [  41/600] linucb_27d_alpha1.5_seed42          | ✗ | acc=34.1% | cost=$0.0072
  [  42/600] linucb_27d_alpha1.5_seed42          | ✗ | acc=33.3% | cost=$0.0072
  [  43/600] linucb_27d_alpha1.5_seed42          | ✗ | acc=32.6% | cost=$0.0072
  [  44/600] linucb_27d_alpha1.5_seed42          | ✗ | acc=31.8% | cost=$0.0076
  [  45/600] linucb_27d_alpha1.5_seed42          | ✓ | acc=33.3% | cost=$0.0081
  [  46/600] linucb_27d_alpha1.5_seed42          | ✓ | acc=34.8% | cost=$0.0084
  [  47/600] linucb_27d_alpha1.5_seed42          | ✗ | acc=34.0% | cost=$0.0088
  [  48/600] linucb_27d_alpha1.5_seed42          | ✗ | acc=33.3% | cost=$0.0088
  [  49/600] linucb_27d_alpha1.5_seed42          | ✗ | acc=32.7% | cost=$0.0091
  [  50/600] linucb_27d_alpha1.5_seed42          | ✗ | acc=32.0% | cost=$0.0091
  [  51/600] linucb_27d_alpha1.5_seed42          | ✓ | acc=33.3% | cost=$0.0094
  [  52/600] linucb_27d_alpha1.5_seed42          | ✗ | acc=32.7% | cost=$0.0096
  [  53/600] linucb_27d_alpha1.5_seed42          | ✓ | acc=34.0% | cost=$0.0102
  [  54/600] linucb_27d_alpha1.5_seed42          | ✗ | acc=33.3% | cost=$0.0106
  [  55/600] linucb_27d_alpha1.5_seed42          | ✗ | acc=32.7% | cost=$0.0109
  [  56/600] linucb_27d_alpha1.5_seed42          | ✓ | acc=33.9% | cost=$0.0111
  [  57/600] linucb_27d_alpha1.5_seed42          | ✓ | acc=35.1% | cost=$0.0116
  [  58/600] linucb_27d_alpha1.5_seed42          | ✓ | acc=36.2% | cost=$0.0117
  [  59/600] linucb_27d_alpha1.5_seed42          | ✗ | acc=35.6% | cost=$0.0120
  [  60/600] linucb_27d_alpha1.5_seed42          | ✗ | acc=35.0% | cost=$0.0120
  [  61/600] linucb_27d_alpha1.5_seed42          | ✗ | acc=34.4% | cost=$0.0123
  [  62/600] linucb_27d_alpha1.5_seed42          | ✗ | acc=33.9% | cost=$0.0123
  [  63/600] linucb_27d_alpha1.5_seed42          | ✗ | acc=33.3% | cost=$0.0127
  [  64/600] linucb_27d_alpha1.5_seed42          | ✗ | acc=32.8% | cost=$0.0130
  [  65/600] linucb_27d_alpha1.5_seed42          | ✗ | acc=32.3% | cost=$0.0132
  [  66/600] linucb_27d_alpha1.5_seed42          | ✗ | acc=31.8% | cost=$0.0135
  [  67/600] linucb_27d_alpha1.5_seed42          | ✗ | acc=31.3% | cost=$0.0135
  [  68/600] linucb_27d_alpha1.5_seed42          | ✗ | acc=30.9% | cost=$0.0135
  [  69/600] linucb_27d_alpha1.5_seed42          | ✓ | acc=31.9% | cost=$0.0138
  [  70/600] linucb_27d_alpha1.5_seed42          | ✗ | acc=31.4% | cost=$0.0138
  [  71/600] linucb_27d_alpha1.5_seed42          | ✗ | acc=31.0% | cost=$0.0142
  [  72/600] linucb_27d_alpha1.5_seed42          | ✗ | acc=30.6% | cost=$0.0142
  [  73/600] linucb_27d_alpha1.5_seed42          | ✗ | acc=30.1% | cost=$0.0146
  [  74/600] linucb_27d_alpha1.5_seed42          | ✗ | acc=29.7% | cost=$0.0150
  [  75/600] linucb_27d_alpha1.5_seed42          | ✓ | acc=30.7% | cost=$0.0153
  [  76/600] linucb_27d_alpha1.5_seed42          | ✓ | acc=31.6% | cost=$0.0158
  [  77/600] linucb_27d_alpha1.5_seed42          | ✗ | acc=31.2% | cost=$0.0158
  [  78/600] linucb_27d_alpha1.5_seed42          | ✓ | acc=32.1% | cost=$0.0163
  [  79/600] linucb_27d_alpha1.5_seed42          | ✗ | acc=31.6% | cost=$0.0165
  [  80/600] linucb_27d_alpha1.5_seed42          | ✓ | acc=32.5% | cost=$0.0168
  [  81/600] linucb_27d_alpha1.5_seed42          | ✗ | acc=32.1% | cost=$0.0168
  [  82/600] linucb_27d_alpha1.5_seed42          | ✓ | acc=32.9% | cost=$0.0168
  [  83/600] linucb_27d_alpha1.5_seed42          | ✗ | acc=32.5% | cost=$0.0171
  [  84/600] linucb_27d_alpha1.5_seed42          | ✓ | acc=33.3% | cost=$0.0176
  [  85/600] linucb_27d_alpha1.5_seed42          | ✓ | acc=34.1% | cost=$0.0184
  [  86/600] linucb_27d_alpha1.5_seed42          | ✓ | acc=34.9% | cost=$0.0186
  [  87/600] linucb_27d_alpha1.5_seed42          | ✗ | acc=34.5% | cost=$0.0189
  [  88/600] linucb_27d_alpha1.5_seed42          | ✗ | acc=34.1% | cost=$0.0193
  [  89/600] linucb_27d_alpha1.5_seed42          | ✗ | acc=33.7% | cost=$0.0193
  [  90/600] linucb_27d_alpha1.5_seed42          | ✗ | acc=33.3% | cost=$0.0193
  [  91/600] linucb_27d_alpha1.5_seed42          | ✗ | acc=33.0% | cost=$0.0198
  [  92/600] linucb_27d_alpha1.5_seed42          | ✓ | acc=33.7% | cost=$0.0202
  [  93/600] linucb_27d_alpha1.5_seed42          | ✓ | acc=34.4% | cost=$0.0205
  [  94/600] linucb_27d_alpha1.5_seed42          | ✗ | acc=34.0% | cost=$0.0209
  [  95/600] linucb_27d_alpha1.5_seed42          | ✗ | acc=33.7% | cost=$0.0213
  [  96/600] linucb_27d_alpha1.5_seed42          | ✓ | acc=34.4% | cost=$0.0213
  [  97/600] linucb_27d_alpha1.5_seed42          | ✗ | acc=34.0% | cost=$0.0213
  [  98/600] linucb_27d_alpha1.5_seed42          | ✓ | acc=34.7% | cost=$0.0213
  [  99/600] linucb_27d_alpha1.5_seed42          | ✗ | acc=34.3% | cost=$0.0213
  [ 100/600] linucb_27d_alpha1.5_seed42          | ✓ | acc=35.0% | cost=$0.0214
  [ 101/600] linucb_27d_alpha1.5_seed42          | ✓ | acc=35.6% | cost=$0.0216
  [ 102/600] linucb_27d_alpha1.5_seed42          | ✓ | acc=36.3% | cost=$0.0218
  [ 103/600] linucb_27d_alpha1.5_seed42          | ✓ | acc=36.9% | cost=$0.0219
  [ 104/600] linucb_27d_alpha1.5_seed42          | ✓ | acc=37.5% | cost=$0.0222
  [ 105/600] linucb_27d_alpha1.5_seed42          | ✗ | acc=37.1% | cost=$0.0222
  [ 106/600] linucb_27d_alpha1.5_seed42          | ✗ | acc=36.8% | cost=$0.0222
  [ 107/600] linucb_27d_alpha1.5_seed42          | ✗ | acc=36.4% | cost=$0.0222
  [ 108/600] linucb_27d_alpha1.5_seed42          | ✓ | acc=37.0% | cost=$0.0225
  [ 109/600] linucb_27d_alpha1.5_seed42          | ✗ | acc=36.7% | cost=$0.0225
  [ 110/600] linucb_27d_alpha1.5_seed42          | ✓ | acc=37.3% | cost=$0.0228
  [ 111/600] linucb_27d_alpha1.5_seed42          | ✓ | acc=37.8% | cost=$0.0230
  [ 112/600] linucb_27d_alpha1.5_seed42          | ✗ | acc=37.5% | cost=$0.0231
  [ 113/600] linucb_27d_alpha1.5_seed42          | ✓ | acc=38.1% | cost=$0.0235
  [ 114/600] linucb_27d_alpha1.5_seed42          | ✓ | acc=38.6% | cost=$0.0239
  [ 115/600] linucb_27d_alpha1.5_seed42          | ✗ | acc=38.3% | cost=$0.0242
  [ 116/600] linucb_27d_alpha1.5_seed42          | ✗ | acc=37.9% | cost=$0.0243
  [ 117/600] linucb_27d_alpha1.5_seed42          | ✗ | acc=37.6% | cost=$0.0243
  [ 118/600] linucb_27d_alpha1.5_seed42          | ✓ | acc=38.1% | cost=$0.0243
  [ 119/600] linucb_27d_alpha1.5_seed42          | ✗ | acc=37.8% | cost=$0.0243
  [ 120/600] linucb_27d_alpha1.5_seed42          | ✗ | acc=37.5% | cost=$0.0244
  [ 121/600] linucb_27d_alpha1.5_seed42          | ✓ | acc=38.0% | cost=$0.0247
  [ 122/600] linucb_27d_alpha1.5_seed42          | ✓ | acc=38.5% | cost=$0.0251
  [ 123/600] linucb_27d_alpha1.5_seed42          | ✓ | acc=39.0% | cost=$0.0254
  [ 124/600] linucb_27d_alpha1.5_seed42          | ✓ | acc=39.5% | cost=$0.0257
  [ 125/600] linucb_27d_alpha1.5_seed42          | ✓ | acc=40.0% | cost=$0.0260
  [ 126/600] linucb_27d_alpha1.5_seed42          | ✓ | acc=40.5% | cost=$0.0262
  [ 127/600] linucb_27d_alpha1.5_seed42          | ✓ | acc=40.9% | cost=$0.0265
  [ 128/600] linucb_27d_alpha1.5_seed42          | ✓ | acc=41.4% | cost=$0.0268
  [ 129/600] linucb_27d_alpha1.5_seed42          | ✓ | acc=41.9% | cost=$0.0271
  [ 130/600] linucb_27d_alpha1.5_seed42          | ✓ | acc=42.3% | cost=$0.0273
  [ 131/600] linucb_27d_alpha1.5_seed42          | ✓ | acc=42.7% | cost=$0.0277
  [ 132/600] linucb_27d_alpha1.5_seed42          | ✓ | acc=43.2% | cost=$0.0277
  [ 133/600] linucb_27d_alpha1.5_seed42          | ✗ | acc=42.9% | cost=$0.0277
  [ 134/600] linucb_27d_alpha1.5_seed42          | ✗ | acc=42.5% | cost=$0.0279
  [ 135/600] linucb_27d_alpha1.5_seed42          | ✓ | acc=43.0% | cost=$0.0281
  [ 136/600] linucb_27d_alpha1.5_seed42          | ✓ | acc=43.4% | cost=$0.0284
  [ 137/600] linucb_27d_alpha1.5_seed42          | ✗ | acc=43.1% | cost=$0.0284
  [ 138/600] linucb_27d_alpha1.5_seed42          | ✓ | acc=43.5% | cost=$0.0286
  [ 139/600] linucb_27d_alpha1.5_seed42          | ✓ | acc=43.9% | cost=$0.0287
  [ 140/600] linucb_27d_alpha1.5_seed42          | ✗ | acc=43.6% | cost=$0.0290
  [ 141/600] linucb_27d_alpha1.5_seed42          | ✗ | acc=43.3% | cost=$0.0293
  [ 142/600] linucb_27d_alpha1.5_seed42          | ✓ | acc=43.7% | cost=$0.0296
  [ 143/600] linucb_27d_alpha1.5_seed42          | ✓ | acc=44.1% | cost=$0.0299
  [ 144/600] linucb_27d_alpha1.5_seed42          | ✓ | acc=44.4% | cost=$0.0302
  [ 145/600] linucb_27d_alpha1.5_seed42          | ✓ | acc=44.8% | cost=$0.0304
  [ 146/600] linucb_27d_alpha1.5_seed42          | ✓ | acc=45.2% | cost=$0.0307
  [ 147/600] linucb_27d_alpha1.5_seed42          | ✗ | acc=44.9% | cost=$0.0312
  [ 148/600] linucb_27d_alpha1.5_seed42          | ✓ | acc=45.3% | cost=$0.0315
  [ 149/600] linucb_27d_alpha1.5_seed42          | ✓ | acc=45.6% | cost=$0.0317
  [ 150/600] linucb_27d_alpha1.5_seed42          | ✗ | acc=45.3% | cost=$0.0320
  [ 151/600] linucb_27d_alpha1.5_seed42          | ✓ | acc=45.7% | cost=$0.0324
  [ 152/600] linucb_27d_alpha1.5_seed42          | ✓ | acc=46.1% | cost=$0.0326
  [ 153/600] linucb_27d_alpha1.5_seed42          | ✓ | acc=46.4% | cost=$0.0329
  [ 154/600] linucb_27d_alpha1.5_seed42          | ✓ | acc=46.8% | cost=$0.0332
  [ 155/600] linucb_27d_alpha1.5_seed42          | ✗ | acc=46.5% | cost=$0.0335
  [ 156/600] linucb_27d_alpha1.5_seed42          | ✓ | acc=46.8% | cost=$0.0338
  [ 157/600] linucb_27d_alpha1.5_seed42          | ✗ | acc=46.5% | cost=$0.0342
  [ 158/600] linucb_27d_alpha1.5_seed42          | ✓ | acc=46.8% | cost=$0.0345
  [ 159/600] linucb_27d_alpha1.5_seed42          | ✗ | acc=46.5% | cost=$0.0345
  [ 160/600] linucb_27d_alpha1.5_seed42          | ✓ | acc=46.9% | cost=$0.0350
  [ 161/600] linucb_27d_alpha1.5_seed42          | ✗ | acc=46.6% | cost=$0.0352
  [ 162/600] linucb_27d_alpha1.5_seed42          | ✓ | acc=46.9% | cost=$0.0356
  [ 163/600] linucb_27d_alpha1.5_seed42          | ✗ | acc=46.6% | cost=$0.0356
  [ 164/600] linucb_27d_alpha1.5_seed42          | ✓ | acc=47.0% | cost=$0.0362
  [ 165/600] linucb_27d_alpha1.5_seed42          | ✓ | acc=47.3% | cost=$0.0364
  [ 166/600] linucb_27d_alpha1.5_seed42          | ✓ | acc=47.6% | cost=$0.0367
  [ 167/600] linucb_27d_alpha1.5_seed42          | ✓ | acc=47.9% | cost=$0.0371
  [ 168/600] linucb_27d_alpha1.5_seed42          | ✓ | acc=48.2% | cost=$0.0373
  [ 169/600] linucb_27d_alpha1.5_seed42          | ✓ | acc=48.5% | cost=$0.0378
  [ 170/600] linucb_27d_alpha1.5_seed42          | ✓ | acc=48.8% | cost=$0.0380
  [ 171/600] linucb_27d_alpha1.5_seed42          | ✓ | acc=49.1% | cost=$0.0383
  [ 172/600] linucb_27d_alpha1.5_seed42          | ✗ | acc=48.8% | cost=$0.0388
  [ 173/600] linucb_27d_alpha1.5_seed42          | ✓ | acc=49.1% | cost=$0.0391
  [ 174/600] linucb_27d_alpha1.5_seed42          | ✓ | acc=49.4% | cost=$0.0393
  [ 175/600] linucb_27d_alpha1.5_seed42          | ✗ | acc=49.1% | cost=$0.0395
  [ 176/600] linucb_27d_alpha1.5_seed42          | ✓ | acc=49.4% | cost=$0.0398
  [ 177/600] linucb_27d_alpha1.5_seed42          | ✓ | acc=49.7% | cost=$0.0398
  [ 178/600] linucb_27d_alpha1.5_seed42          | ✓ | acc=50.0% | cost=$0.0400
  [ 179/600] linucb_27d_alpha1.5_seed42          | ✓ | acc=50.3% | cost=$0.0403
  [ 180/600] linucb_27d_alpha1.5_seed42          | ✓ | acc=50.6% | cost=$0.0406
  [ 181/600] linucb_27d_alpha1.5_seed42          | ✓ | acc=50.8% | cost=$0.0408
  [ 182/600] linucb_27d_alpha1.5_seed42          | ✓ | acc=51.1% | cost=$0.0411
  [ 183/600] linucb_27d_alpha1.5_seed42          | ✓ | acc=51.4% | cost=$0.0414
  [ 184/600] linucb_27d_alpha1.5_seed42          | ✓ | acc=51.6% | cost=$0.0421
  [ 185/600] linucb_27d_alpha1.5_seed42          | ✓ | acc=51.9% | cost=$0.0423
  [ 186/600] linucb_27d_alpha1.5_seed42          | ✓ | acc=52.2% | cost=$0.0425
  [ 187/600] linucb_27d_alpha1.5_seed42          | ✓ | acc=52.4% | cost=$0.0429
  [ 188/600] linucb_27d_alpha1.5_seed42          | ✓ | acc=52.7% | cost=$0.0433
  [ 189/600] linucb_27d_alpha1.5_seed42          | ✓ | acc=52.9% | cost=$0.0436
  [ 190/600] linucb_27d_alpha1.5_seed42          | ✓ | acc=53.2% | cost=$0.0441
  [ 191/600] linucb_27d_alpha1.5_seed42          | ✓ | acc=53.4% | cost=$0.0444
  [ 192/600] linucb_27d_alpha1.5_seed42          | ✓ | acc=53.6% | cost=$0.0447
  [ 193/600] linucb_27d_alpha1.5_seed42          | ✓ | acc=53.9% | cost=$0.0451
  [ 194/600] linucb_27d_alpha1.5_seed42          | ✓ | acc=54.1% | cost=$0.0454
  [ 195/600] linucb_27d_alpha1.5_seed42          | ✗ | acc=53.8% | cost=$0.0457
  [ 196/600] linucb_27d_alpha1.5_seed42          | ✓ | acc=54.1% | cost=$0.0460
  [ 197/600] linucb_27d_alpha1.5_seed42          | ✓ | acc=54.3% | cost=$0.0463
  [ 198/600] linucb_27d_alpha1.5_seed42          | ✓ | acc=54.5% | cost=$0.0463
  [ 199/600] linucb_27d_alpha1.5_seed42          | ✗ | acc=54.3% | cost=$0.0465
  [ 200/600] linucb_27d_alpha1.5_seed42          | ✓ | acc=54.5% | cost=$0.0468
  [ 201/600] linucb_27d_alpha1.5_seed42          | ✓ | acc=54.7% | cost=$0.0473
  [ 202/600] linucb_27d_alpha1.5_seed42          | ✓ | acc=55.0% | cost=$0.0473
  [ 203/600] linucb_27d_alpha1.5_seed42          | ✓ | acc=55.2% | cost=$0.0476
  [ 204/600] linucb_27d_alpha1.5_seed42          | ✓ | acc=55.4% | cost=$0.0480
  [ 205/600] linucb_27d_alpha1.5_seed42          | ✓ | acc=55.6% | cost=$0.0482
  [ 206/600] linucb_27d_alpha1.5_seed42          | ✓ | acc=55.8% | cost=$0.0485
  [ 207/600] linucb_27d_alpha1.5_seed42          | ✓ | acc=56.0% | cost=$0.0488
  [ 208/600] linucb_27d_alpha1.5_seed42          | ✓ | acc=56.2% | cost=$0.0488
  [ 209/600] linucb_27d_alpha1.5_seed42          | ✓ | acc=56.5% | cost=$0.0491
  [ 210/600] linucb_27d_alpha1.5_seed42          | ✓ | acc=56.7% | cost=$0.0494
  [ 211/600] linucb_27d_alpha1.5_seed42          | ✗ | acc=56.4% | cost=$0.0499
  [ 212/600] linucb_27d_alpha1.5_seed42          | ✗ | acc=56.1% | cost=$0.0500
  [ 213/600] linucb_27d_alpha1.5_seed42          | ✓ | acc=56.3% | cost=$0.0503
  [ 214/600] linucb_27d_alpha1.5_seed42          | ✗ | acc=56.1% | cost=$0.0503
  [ 215/600] linucb_27d_alpha1.5_seed42          | ✓ | acc=56.3% | cost=$0.0505
  [ 216/600] linucb_27d_alpha1.5_seed42          | ✓ | acc=56.5% | cost=$0.0508
  [ 217/600] linucb_27d_alpha1.5_seed42          | ✓ | acc=56.7% | cost=$0.0511
  [ 218/600] linucb_27d_alpha1.5_seed42          | ✓ | acc=56.9% | cost=$0.0514
  [ 219/600] linucb_27d_alpha1.5_seed42          | ✓ | acc=57.1% | cost=$0.0516
  [ 220/600] linucb_27d_alpha1.5_seed42          | ✓ | acc=57.3% | cost=$0.0518
  [ 221/600] linucb_27d_alpha1.5_seed42          | ✓ | acc=57.5% | cost=$0.0523
  [ 222/600] linucb_27d_alpha1.5_seed42          | ✓ | acc=57.7% | cost=$0.0526
  [ 223/600] linucb_27d_alpha1.5_seed42          | ✓ | acc=57.8% | cost=$0.0529
  [ 224/600] linucb_27d_alpha1.5_seed42          | ✓ | acc=58.0% | cost=$0.0531
  [ 225/600] linucb_27d_alpha1.5_seed42          | ✓ | acc=58.2% | cost=$0.0534
  [ 226/600] linucb_27d_alpha1.5_seed42          | ✓ | acc=58.4% | cost=$0.0537
  [ 227/600] linucb_27d_alpha1.5_seed42          | ✗ | acc=58.1% | cost=$0.0539
  [ 228/600] linucb_27d_alpha1.5_seed42          | ✓ | acc=58.3% | cost=$0.0542
  [ 229/600] linucb_27d_alpha1.5_seed42          | ✓ | acc=58.5% | cost=$0.0542
  [ 230/600] linucb_27d_alpha1.5_seed42          | ✓ | acc=58.7% | cost=$0.0542
  [ 231/600] linucb_27d_alpha1.5_seed42          | ✓ | acc=58.9% | cost=$0.0546
  [ 232/600] linucb_27d_alpha1.5_seed42          | ✓ | acc=59.1% | cost=$0.0549
  [ 233/600] linucb_27d_alpha1.5_seed42          | ✓ | acc=59.2% | cost=$0.0549
  [ 234/600] linucb_27d_alpha1.5_seed42          | ✓ | acc=59.4% | cost=$0.0553
  [ 235/600] linucb_27d_alpha1.5_seed42          | ✓ | acc=59.6% | cost=$0.0556
  [ 236/600] linucb_27d_alpha1.5_seed42          | ✓ | acc=59.7% | cost=$0.0559
  [ 237/600] linucb_27d_alpha1.5_seed42          | ✓ | acc=59.9% | cost=$0.0563
  [ 238/600] linucb_27d_alpha1.5_seed42          | ✓ | acc=60.1% | cost=$0.0566
  [ 239/600] linucb_27d_alpha1.5_seed42          | ✓ | acc=60.3% | cost=$0.0568
  [ 240/600] linucb_27d_alpha1.5_seed42          | ✓ | acc=60.4% | cost=$0.0570
  [ 241/600] linucb_27d_alpha1.5_seed42          | ✓ | acc=60.6% | cost=$0.0573
  [ 242/600] linucb_27d_alpha1.5_seed42          | ✓ | acc=60.7% | cost=$0.0573
  [ 243/600] linucb_27d_alpha1.5_seed42          | ✓ | acc=60.9% | cost=$0.0573
  [ 244/600] linucb_27d_alpha1.5_seed42          | ✗ | acc=60.7% | cost=$0.0574
  [ 245/600] linucb_27d_alpha1.5_seed42          | ✓ | acc=60.8% | cost=$0.0574
  [ 246/600] linucb_27d_alpha1.5_seed42          | ✓ | acc=61.0% | cost=$0.0577
  [ 247/600] linucb_27d_alpha1.5_seed42          | ✓ | acc=61.1% | cost=$0.0578
  [ 248/600] linucb_27d_alpha1.5_seed42          | ✓ | acc=61.3% | cost=$0.0578
  [ 249/600] linucb_27d_alpha1.5_seed42          | ✓ | acc=61.4% | cost=$0.0578
  [ 250/600] linucb_27d_alpha1.5_seed42          | ✓ | acc=61.6% | cost=$0.0579
  [ 251/600] linucb_27d_alpha1.5_seed42          | ✓ | acc=61.8% | cost=$0.0579
  [ 252/600] linucb_27d_alpha1.5_seed42          | ✓ | acc=61.9% | cost=$0.0579
  [ 253/600] linucb_27d_alpha1.5_seed42          | ✓ | acc=62.1% | cost=$0.0580
  [ 254/600] linucb_27d_alpha1.5_seed42          | ✗ | acc=61.8% | cost=$0.0580
  [ 255/600] linucb_27d_alpha1.5_seed42          | ✓ | acc=62.0% | cost=$0.0580
  [ 256/600] linucb_27d_alpha1.5_seed42          | ✓ | acc=62.1% | cost=$0.0581
  [ 257/600] linucb_27d_alpha1.5_seed42          | ✓ | acc=62.3% | cost=$0.0581
  [ 258/600] linucb_27d_alpha1.5_seed42          | ✓ | acc=62.4% | cost=$0.0581
  [ 259/600] linucb_27d_alpha1.5_seed42          | ✗ | acc=62.2% | cost=$0.0582
  [ 260/600] linucb_27d_alpha1.5_seed42          | ✓ | acc=62.3% | cost=$0.0582
  [ 261/600] linucb_27d_alpha1.5_seed42          | ✓ | acc=62.5% | cost=$0.0582
  [ 262/600] linucb_27d_alpha1.5_seed42          | ✓ | acc=62.6% | cost=$0.0583
  [ 263/600] linucb_27d_alpha1.5_seed42          | ✗ | acc=62.4% | cost=$0.0583
  [ 264/600] linucb_27d_alpha1.5_seed42          | ✓ | acc=62.5% | cost=$0.0583
  [ 265/600] linucb_27d_alpha1.5_seed42          | ✗ | acc=62.3% | cost=$0.0584
  [ 266/600] linucb_27d_alpha1.5_seed42          | ✓ | acc=62.4% | cost=$0.0584
  [ 267/600] linucb_27d_alpha1.5_seed42          | ✗ | acc=62.2% | cost=$0.0585
  [ 268/600] linucb_27d_alpha1.5_seed42          | ✓ | acc=62.3% | cost=$0.0585
  [ 269/600] linucb_27d_alpha1.5_seed42          | ✓ | acc=62.5% | cost=$0.0585
  [ 270/600] linucb_27d_alpha1.5_seed42          | ✓ | acc=62.6% | cost=$0.0586
  [ 271/600] linucb_27d_alpha1.5_seed42          | ✓ | acc=62.7% | cost=$0.0586
  [ 272/600] linucb_27d_alpha1.5_seed42          | ✓ | acc=62.9% | cost=$0.0587
  [ 273/600] linucb_27d_alpha1.5_seed42          | ✓ | acc=63.0% | cost=$0.0587
  [ 274/600] linucb_27d_alpha1.5_seed42          | ✓ | acc=63.1% | cost=$0.0587
  [ 275/600] linucb_27d_alpha1.5_seed42          | ✓ | acc=63.3% | cost=$0.0587
  [ 276/600] linucb_27d_alpha1.5_seed42          | ✓ | acc=63.4% | cost=$0.0588
  [ 277/600] linucb_27d_alpha1.5_seed42          | ✓ | acc=63.5% | cost=$0.0588
  [ 278/600] linucb_27d_alpha1.5_seed42          | ✓ | acc=63.7% | cost=$0.0588
  [ 279/600] linucb_27d_alpha1.5_seed42          | ✓ | acc=63.8% | cost=$0.0588
  [ 280/600] linucb_27d_alpha1.5_seed42          | ✓ | acc=63.9% | cost=$0.0589
  [ 281/600] linucb_27d_alpha1.5_seed42          | ✓ | acc=64.1% | cost=$0.0589
  [ 282/600] linucb_27d_alpha1.5_seed42          | ✓ | acc=64.2% | cost=$0.0589
  [ 283/600] linucb_27d_alpha1.5_seed42          | ✓ | acc=64.3% | cost=$0.0589
  [ 284/600] linucb_27d_alpha1.5_seed42          | ✓ | acc=64.4% | cost=$0.0590
  [ 285/600] linucb_27d_alpha1.5_seed42          | ✓ | acc=64.6% | cost=$0.0590
  [ 286/600] linucb_27d_alpha1.5_seed42          | ✓ | acc=64.7% | cost=$0.0591
  [ 287/600] linucb_27d_alpha1.5_seed42          | ✗ | acc=64.5% | cost=$0.0592
  [ 288/600] linucb_27d_alpha1.5_seed42          | ✗ | acc=64.2% | cost=$0.0592
  [ 289/600] linucb_27d_alpha1.5_seed42          | ✓ | acc=64.4% | cost=$0.0592
  [ 290/600] linucb_27d_alpha1.5_seed42          | ✗ | acc=64.1% | cost=$0.0593
  [ 291/600] linucb_27d_alpha1.5_seed42          | ✓ | acc=64.3% | cost=$0.0593
  [ 292/600] linucb_27d_alpha1.5_seed42          | ✓ | acc=64.4% | cost=$0.0593
  [ 293/600] linucb_27d_alpha1.5_seed42          | ✓ | acc=64.5% | cost=$0.0594
  [ 294/600] linucb_27d_alpha1.5_seed42          | ✓ | acc=64.6% | cost=$0.0594
  [ 295/600] linucb_27d_alpha1.5_seed42          | ✓ | acc=64.7% | cost=$0.0595
  [ 296/600] linucb_27d_alpha1.5_seed42          | ✓ | acc=64.9% | cost=$0.0595
  [ 297/600] linucb_27d_alpha1.5_seed42          | ✓ | acc=65.0% | cost=$0.0595
  [ 298/600] linucb_27d_alpha1.5_seed42          | ✓ | acc=65.1% | cost=$0.0595
  [ 299/600] linucb_27d_alpha1.5_seed42          | ✗ | acc=64.9% | cost=$0.0595
  [ 300/600] linucb_27d_alpha1.5_seed42          | ✗ | acc=64.7% | cost=$0.0595
  [ 301/600] linucb_27d_alpha1.5_seed42          | ✓ | acc=64.8% | cost=$0.0596
  [ 302/600] linucb_27d_alpha1.5_seed42          | ✓ | acc=64.9% | cost=$0.0596
  [ 303/600] linucb_27d_alpha1.5_seed42          | ✓ | acc=65.0% | cost=$0.0596
  [ 304/600] linucb_27d_alpha1.5_seed42          | ✓ | acc=65.1% | cost=$0.0597
  [ 305/600] linucb_27d_alpha1.5_seed42          | ✓ | acc=65.2% | cost=$0.0597
  [ 306/600] linucb_27d_alpha1.5_seed42          | ✓ | acc=65.4% | cost=$0.0598
  [ 307/600] linucb_27d_alpha1.5_seed42          | ✗ | acc=65.1% | cost=$0.0598
  [ 308/600] linucb_27d_alpha1.5_seed42          | ✓ | acc=65.3% | cost=$0.0598
  [ 309/600] linucb_27d_alpha1.5_seed42          | ✓ | acc=65.4% | cost=$0.0598
  [ 310/600] linucb_27d_alpha1.5_seed42          | ✗ | acc=65.2% | cost=$0.0599
  [ 311/600] linucb_27d_alpha1.5_seed42          | ✓ | acc=65.3% | cost=$0.0599
  [ 312/600] linucb_27d_alpha1.5_seed42          | ✓ | acc=65.4% | cost=$0.0599
  [ 313/600] linucb_27d_alpha1.5_seed42          | ✓ | acc=65.5% | cost=$0.0600
  [ 314/600] linucb_27d_alpha1.5_seed42          | ✓ | acc=65.6% | cost=$0.0600
  [ 315/600] linucb_27d_alpha1.5_seed42          | ✗ | acc=65.4% | cost=$0.0600
  [ 316/600] linucb_27d_alpha1.5_seed42          | ✓ | acc=65.5% | cost=$0.0603
  [ 317/600] linucb_27d_alpha1.5_seed42          | ✓ | acc=65.6% | cost=$0.0603
  [ 318/600] linucb_27d_alpha1.5_seed42          | ✓ | acc=65.7% | cost=$0.0606
  [ 319/600] linucb_27d_alpha1.5_seed42          | ✓ | acc=65.8% | cost=$0.0606
  [ 320/600] linucb_27d_alpha1.5_seed42          | ✓ | acc=65.9% | cost=$0.0607
  [ 321/600] linucb_27d_alpha1.5_seed42          | ✓ | acc=66.0% | cost=$0.0609
  [ 322/600] linucb_27d_alpha1.5_seed42          | ✓ | acc=66.1% | cost=$0.0612
  [ 323/600] linucb_27d_alpha1.5_seed42          | ✓ | acc=66.3% | cost=$0.0614
  [ 324/600] linucb_27d_alpha1.5_seed42          | ✓ | acc=66.4% | cost=$0.0616
  [ 325/600] linucb_27d_alpha1.5_seed42          | ✓ | acc=66.5% | cost=$0.0616
  [ 326/600] linucb_27d_alpha1.5_seed42          | ✓ | acc=66.6% | cost=$0.0617
  [ 327/600] linucb_27d_alpha1.5_seed42          | ✓ | acc=66.7% | cost=$0.0618
  [ 328/600] linucb_27d_alpha1.5_seed42          | ✗ | acc=66.5% | cost=$0.0620
  [ 329/600] linucb_27d_alpha1.5_seed42          | ✓ | acc=66.6% | cost=$0.0621
  [ 330/600] linucb_27d_alpha1.5_seed42          | ✓ | acc=66.7% | cost=$0.0621
  [ 331/600] linucb_27d_alpha1.5_seed42          | ✓ | acc=66.8% | cost=$0.0621
  [ 332/600] linucb_27d_alpha1.5_seed42          | ✓ | acc=66.9% | cost=$0.0621
  [ 333/600] linucb_27d_alpha1.5_seed42          | ✓ | acc=67.0% | cost=$0.0622
  [ 334/600] linucb_27d_alpha1.5_seed42          | ✓ | acc=67.1% | cost=$0.0622
  [ 335/600] linucb_27d_alpha1.5_seed42          | ✓ | acc=67.2% | cost=$0.0622
  [ 336/600] linucb_27d_alpha1.5_seed42          | ✓ | acc=67.3% | cost=$0.0623
  [ 337/600] linucb_27d_alpha1.5_seed42          | ✓ | acc=67.4% | cost=$0.0623
  [ 338/600] linucb_27d_alpha1.5_seed42          | ✓ | acc=67.5% | cost=$0.0624
  [ 339/600] linucb_27d_alpha1.5_seed42          | ✓ | acc=67.6% | cost=$0.0624
  [ 340/600] linucb_27d_alpha1.5_seed42          | ✓ | acc=67.6% | cost=$0.0624
  [ 341/600] linucb_27d_alpha1.5_seed42          | ✓ | acc=67.7% | cost=$0.0625
  [ 342/600] linucb_27d_alpha1.5_seed42          | ✗ | acc=67.5% | cost=$0.0625
  [ 343/600] linucb_27d_alpha1.5_seed42          | ✓ | acc=67.6% | cost=$0.0628
  [ 344/600] linucb_27d_alpha1.5_seed42          | ✓ | acc=67.7% | cost=$0.0634
  [ 345/600] linucb_27d_alpha1.5_seed42          | ✓ | acc=67.8% | cost=$0.0635
  [ 346/600] linucb_27d_alpha1.5_seed42          | ✓ | acc=67.9% | cost=$0.0635
  [ 347/600] linucb_27d_alpha1.5_seed42          | ✓ | acc=68.0% | cost=$0.0638
  [ 348/600] linucb_27d_alpha1.5_seed42          | ✓ | acc=68.1% | cost=$0.0638
  [ 349/600] linucb_27d_alpha1.5_seed42          | ✗ | acc=67.9% | cost=$0.0638
  [ 350/600] linucb_27d_alpha1.5_seed42          | ✓ | acc=68.0% | cost=$0.0642
  [ 351/600] linucb_27d_alpha1.5_seed42          | ✓ | acc=68.1% | cost=$0.0642
  [ 352/600] linucb_27d_alpha1.5_seed42          | ✗ | acc=67.9% | cost=$0.0642
  [ 353/600] linucb_27d_alpha1.5_seed42          | ✓ | acc=68.0% | cost=$0.0644
  [ 354/600] linucb_27d_alpha1.5_seed42          | ✓ | acc=68.1% | cost=$0.0645
  [ 355/600] linucb_27d_alpha1.5_seed42          | ✓ | acc=68.2% | cost=$0.0646
  [ 356/600] linucb_27d_alpha1.5_seed42          | ✓ | acc=68.3% | cost=$0.0646
  [ 357/600] linucb_27d_alpha1.5_seed42          | ✓ | acc=68.3% | cost=$0.0649
  [ 358/600] linucb_27d_alpha1.5_seed42          | ✓ | acc=68.4% | cost=$0.0652
  [ 359/600] linucb_27d_alpha1.5_seed42          | ✓ | acc=68.5% | cost=$0.0655
  [ 360/600] linucb_27d_alpha1.5_seed42          | ✓ | acc=68.6% | cost=$0.0657
  [ 361/600] linucb_27d_alpha1.5_seed42          | ✓ | acc=68.7% | cost=$0.0660
  [ 362/600] linucb_27d_alpha1.5_seed42          | ✓ | acc=68.8% | cost=$0.0661
  [ 363/600] linucb_27d_alpha1.5_seed42          | ✓ | acc=68.9% | cost=$0.0664
  [ 364/600] linucb_27d_alpha1.5_seed42          | ✓ | acc=69.0% | cost=$0.0667
  [ 365/600] linucb_27d_alpha1.5_seed42          | ✗ | acc=68.8% | cost=$0.0667
  [ 366/600] linucb_27d_alpha1.5_seed42          | ✓ | acc=68.9% | cost=$0.0667
  [ 367/600] linucb_27d_alpha1.5_seed42          | ✓ | acc=68.9% | cost=$0.0668
  [ 368/600] linucb_27d_alpha1.5_seed42          | ✓ | acc=69.0% | cost=$0.0668
  [ 369/600] linucb_27d_alpha1.5_seed42          | ✓ | acc=69.1% | cost=$0.0670
  [ 370/600] linucb_27d_alpha1.5_seed42          | ✓ | acc=69.2% | cost=$0.0671
  [ 371/600] linucb_27d_alpha1.5_seed42          | ✓ | acc=69.3% | cost=$0.0671
  [ 372/600] linucb_27d_alpha1.5_seed42          | ✓ | acc=69.4% | cost=$0.0675
  [ 373/600] linucb_27d_alpha1.5_seed42          | ✓ | acc=69.4% | cost=$0.0675
  [ 374/600] linucb_27d_alpha1.5_seed42          | ✓ | acc=69.5% | cost=$0.0677
  [ 375/600] linucb_27d_alpha1.5_seed42          | ✓ | acc=69.6% | cost=$0.0677
  [ 376/600] linucb_27d_alpha1.5_seed42          | ✓ | acc=69.7% | cost=$0.0678
  [ 377/600] linucb_27d_alpha1.5_seed42          | ✓ | acc=69.8% | cost=$0.0678
  [ 378/600] linucb_27d_alpha1.5_seed42          | ✓ | acc=69.8% | cost=$0.0678
  [ 379/600] linucb_27d_alpha1.5_seed42          | ✗ | acc=69.7% | cost=$0.0680
  [ 380/600] linucb_27d_alpha1.5_seed42          | ✓ | acc=69.7% | cost=$0.0684
  [ 381/600] linucb_27d_alpha1.5_seed42          | ✓ | acc=69.8% | cost=$0.0686
  [ 382/600] linucb_27d_alpha1.5_seed42          | ✓ | acc=69.9% | cost=$0.0686
  [ 383/600] linucb_27d_alpha1.5_seed42          | ✓ | acc=70.0% | cost=$0.0689
  [ 384/600] linucb_27d_alpha1.5_seed42          | ✓ | acc=70.1% | cost=$0.0692
  [ 385/600] linucb_27d_alpha1.5_seed42          | ✗ | acc=69.9% | cost=$0.0692
  [ 386/600] linucb_27d_alpha1.5_seed42          | ✓ | acc=69.9% | cost=$0.0694
  [ 387/600] linucb_27d_alpha1.5_seed42          | ✓ | acc=70.0% | cost=$0.0694
  [ 388/600] linucb_27d_alpha1.5_seed42          | ✓ | acc=70.1% | cost=$0.0695
  [ 389/600] linucb_27d_alpha1.5_seed42          | ✓ | acc=70.2% | cost=$0.0695
  [ 390/600] linucb_27d_alpha1.5_seed42          | ✓ | acc=70.3% | cost=$0.0698
  [ 391/600] linucb_27d_alpha1.5_seed42          | ✓ | acc=70.3% | cost=$0.0701
  [ 392/600] linucb_27d_alpha1.5_seed42          | ✓ | acc=70.4% | cost=$0.0703
  [ 393/600] linucb_27d_alpha1.5_seed42          | ✓ | acc=70.5% | cost=$0.0703
  [ 394/600] linucb_27d_alpha1.5_seed42          | ✓ | acc=70.6% | cost=$0.0703
  [ 395/600] linucb_27d_alpha1.5_seed42          | ✓ | acc=70.6% | cost=$0.0706
  [ 396/600] linucb_27d_alpha1.5_seed42          | ✓ | acc=70.7% | cost=$0.0708
  [ 397/600] linucb_27d_alpha1.5_seed42          | ✓ | acc=70.8% | cost=$0.0711
  [ 398/600] linucb_27d_alpha1.5_seed42          | ✓ | acc=70.9% | cost=$0.0711
  [ 399/600] linucb_27d_alpha1.5_seed42          | ✓ | acc=70.9% | cost=$0.0711
  [ 400/600] linucb_27d_alpha1.5_seed42          | ✓ | acc=71.0% | cost=$0.0712
  [ 401/600] linucb_27d_alpha1.5_seed42          | ✓ | acc=71.1% | cost=$0.0712
  [ 402/600] linucb_27d_alpha1.5_seed42          | ✓ | acc=71.1% | cost=$0.0712
  [ 403/600] linucb_27d_alpha1.5_seed42          | ✓ | acc=71.2% | cost=$0.0712
  [ 404/600] linucb_27d_alpha1.5_seed42          | ✓ | acc=71.3% | cost=$0.0712
  [ 405/600] linucb_27d_alpha1.5_seed42          | ✓ | acc=71.4% | cost=$0.0715
  [ 406/600] linucb_27d_alpha1.5_seed42          | ✓ | acc=71.4% | cost=$0.0719
  [ 407/600] linucb_27d_alpha1.5_seed42          | ✓ | acc=71.5% | cost=$0.0719
  [ 408/600] linucb_27d_alpha1.5_seed42          | ✓ | acc=71.6% | cost=$0.0719
  [ 409/600] linucb_27d_alpha1.5_seed42          | ✓ | acc=71.6% | cost=$0.0719
  [ 410/600] linucb_27d_alpha1.5_seed42          | ✓ | acc=71.7% | cost=$0.0723
  [ 411/600] linucb_27d_alpha1.5_seed42          | ✓ | acc=71.8% | cost=$0.0723
  [ 412/600] linucb_27d_alpha1.5_seed42          | ✓ | acc=71.8% | cost=$0.0723
  [ 413/600] linucb_27d_alpha1.5_seed42          | ✓ | acc=71.9% | cost=$0.0723
  [ 414/600] linucb_27d_alpha1.5_seed42          | ✓ | acc=72.0% | cost=$0.0723
  [ 415/600] linucb_27d_alpha1.5_seed42          | ✓ | acc=72.0% | cost=$0.0723
  [ 416/600] linucb_27d_alpha1.5_seed42          | ✓ | acc=72.1% | cost=$0.0726
  [ 417/600] linucb_27d_alpha1.5_seed42          | ✓ | acc=72.2% | cost=$0.0726
  [ 418/600] linucb_27d_alpha1.5_seed42          | ✓ | acc=72.2% | cost=$0.0726
  [ 419/600] linucb_27d_alpha1.5_seed42          | ✓ | acc=72.3% | cost=$0.0729
  [ 420/600] linucb_27d_alpha1.5_seed42          | ✓ | acc=72.4% | cost=$0.0729
  [ 421/600] linucb_27d_alpha1.5_seed42          | ✓ | acc=72.4% | cost=$0.0729
  [ 422/600] linucb_27d_alpha1.5_seed42          | ✓ | acc=72.5% | cost=$0.0729
  [ 423/600] linucb_27d_alpha1.5_seed42          | ✓ | acc=72.6% | cost=$0.0732
  [ 424/600] linucb_27d_alpha1.5_seed42          | ✓ | acc=72.6% | cost=$0.0735
  [ 425/600] linucb_27d_alpha1.5_seed42          | ✓ | acc=72.7% | cost=$0.0735
  [ 426/600] linucb_27d_alpha1.5_seed42          | ✓ | acc=72.8% | cost=$0.0735
  [ 427/600] linucb_27d_alpha1.5_seed42          | ✓ | acc=72.8% | cost=$0.0735
  [ 428/600] linucb_27d_alpha1.5_seed42          | ✓ | acc=72.9% | cost=$0.0739
  [ 429/600] linucb_27d_alpha1.5_seed42          | ✓ | acc=73.0% | cost=$0.0739
  [ 430/600] linucb_27d_alpha1.5_seed42          | ✓ | acc=73.0% | cost=$0.0739
  [ 431/600] linucb_27d_alpha1.5_seed42          | ✓ | acc=73.1% | cost=$0.0742
  [ 432/600] linucb_27d_alpha1.5_seed42          | ✓ | acc=73.1% | cost=$0.0742
  [ 433/600] linucb_27d_alpha1.5_seed42          | ✓ | acc=73.2% | cost=$0.0742
  [ 434/600] linucb_27d_alpha1.5_seed42          | ✓ | acc=73.3% | cost=$0.0745
  [ 435/600] linucb_27d_alpha1.5_seed42          | ✓ | acc=73.3% | cost=$0.0745
  [ 436/600] linucb_27d_alpha1.5_seed42          | ✗ | acc=73.2% | cost=$0.0745
  [ 437/600] linucb_27d_alpha1.5_seed42          | ✓ | acc=73.2% | cost=$0.0745
  [ 438/600] linucb_27d_alpha1.5_seed42          | ✓ | acc=73.3% | cost=$0.0745
  [ 439/600] linucb_27d_alpha1.5_seed42          | ✓ | acc=73.3% | cost=$0.0745
  [ 440/600] linucb_27d_alpha1.5_seed42          | ✓ | acc=73.4% | cost=$0.0747
  [ 441/600] linucb_27d_alpha1.5_seed42          | ✗ | acc=73.2% | cost=$0.0750
  [ 442/600] linucb_27d_alpha1.5_seed42          | ✗ | acc=73.1% | cost=$0.0750
  [ 443/600] linucb_27d_alpha1.5_seed42          | ✓ | acc=73.1% | cost=$0.0750
  [ 444/600] linucb_27d_alpha1.5_seed42          | ✓ | acc=73.2% | cost=$0.0753
  [ 445/600] linucb_27d_alpha1.5_seed42          | ✗ | acc=73.0% | cost=$0.0756
  [ 446/600] linucb_27d_alpha1.5_seed42          | ✓ | acc=73.1% | cost=$0.0756
  [ 447/600] linucb_27d_alpha1.5_seed42          | ✓ | acc=73.2% | cost=$0.0758
  [ 448/600] linucb_27d_alpha1.5_seed42          | ✓ | acc=73.2% | cost=$0.0759
  [ 449/600] linucb_27d_alpha1.5_seed42          | ✓ | acc=73.3% | cost=$0.0759
  [ 450/600] linucb_27d_alpha1.5_seed42          | ✓ | acc=73.3% | cost=$0.0759
  [ 451/600] linucb_27d_alpha1.5_seed42          | ✓ | acc=73.4% | cost=$0.0759
  [ 452/600] linucb_27d_alpha1.5_seed42          | ✓ | acc=73.5% | cost=$0.0759
  [ 453/600] linucb_27d_alpha1.5_seed42          | ✓ | acc=73.5% | cost=$0.0759
  [ 454/600] linucb_27d_alpha1.5_seed42          | ✓ | acc=73.6% | cost=$0.0760
  [ 455/600] linucb_27d_alpha1.5_seed42          | ✓ | acc=73.6% | cost=$0.0760
  [ 456/600] linucb_27d_alpha1.5_seed42          | ✓ | acc=73.7% | cost=$0.0760
  [ 457/600] linucb_27d_alpha1.5_seed42          | ✓ | acc=73.7% | cost=$0.0760
  [ 458/600] linucb_27d_alpha1.5_seed42          | ✓ | acc=73.8% | cost=$0.0760
  [ 459/600] linucb_27d_alpha1.5_seed42          | ✓ | acc=73.9% | cost=$0.0760
  [ 460/600] linucb_27d_alpha1.5_seed42          | ✓ | acc=73.9% | cost=$0.0760
  [ 461/600] linucb_27d_alpha1.5_seed42          | ✓ | acc=74.0% | cost=$0.0761
  [ 462/600] linucb_27d_alpha1.5_seed42          | ✓ | acc=74.0% | cost=$0.0761
  [ 463/600] linucb_27d_alpha1.5_seed42          | ✓ | acc=74.1% | cost=$0.0761
  [ 464/600] linucb_27d_alpha1.5_seed42          | ✓ | acc=74.1% | cost=$0.0761
  [ 465/600] linucb_27d_alpha1.5_seed42          | ✓ | acc=74.2% | cost=$0.0761
  [ 466/600] linucb_27d_alpha1.5_seed42          | ✓ | acc=74.2% | cost=$0.0761
  [ 467/600] linucb_27d_alpha1.5_seed42          | ✓ | acc=74.3% | cost=$0.0761
  [ 468/600] linucb_27d_alpha1.5_seed42          | ✓ | acc=74.4% | cost=$0.0762
  [ 469/600] linucb_27d_alpha1.5_seed42          | ✓ | acc=74.4% | cost=$0.0762
  [ 470/600] linucb_27d_alpha1.5_seed42          | ✓ | acc=74.5% | cost=$0.0762
  [ 471/600] linucb_27d_alpha1.5_seed42          | ✓ | acc=74.5% | cost=$0.0762
  [ 472/600] linucb_27d_alpha1.5_seed42          | ✓ | acc=74.6% | cost=$0.0762
  [ 473/600] linucb_27d_alpha1.5_seed42          | ✓ | acc=74.6% | cost=$0.0762
  [ 474/600] linucb_27d_alpha1.5_seed42          | ✓ | acc=74.7% | cost=$0.0762
  [ 475/600] linucb_27d_alpha1.5_seed42          | ✓ | acc=74.7% | cost=$0.0763
  [ 476/600] linucb_27d_alpha1.5_seed42          | ✓ | acc=74.8% | cost=$0.0763
  [ 477/600] linucb_27d_alpha1.5_seed42          | ✓ | acc=74.8% | cost=$0.0763
  [ 478/600] linucb_27d_alpha1.5_seed42          | ✓ | acc=74.9% | cost=$0.0763
  [ 479/600] linucb_27d_alpha1.5_seed42          | ✓ | acc=74.9% | cost=$0.0763
  [ 480/600] linucb_27d_alpha1.5_seed42          | ✓ | acc=75.0% | cost=$0.0763
  [ 481/600] linucb_27d_alpha1.5_seed42          | ✗ | acc=74.8% | cost=$0.0764
  [ 482/600] linucb_27d_alpha1.5_seed42          | ✓ | acc=74.9% | cost=$0.0764
  [ 483/600] linucb_27d_alpha1.5_seed42          | ✗ | acc=74.7% | cost=$0.0764
  [ 484/600] linucb_27d_alpha1.5_seed42          | ✓ | acc=74.8% | cost=$0.0764
  [ 485/600] linucb_27d_alpha1.5_seed42          | ✓ | acc=74.8% | cost=$0.0764
  [ 486/600] linucb_27d_alpha1.5_seed42          | ✓ | acc=74.9% | cost=$0.0765
  [ 487/600] linucb_27d_alpha1.5_seed42          | ✓ | acc=74.9% | cost=$0.0765
  [ 488/600] linucb_27d_alpha1.5_seed42          | ✓ | acc=75.0% | cost=$0.0765
  [ 489/600] linucb_27d_alpha1.5_seed42          | ✓ | acc=75.1% | cost=$0.0765
  [ 490/600] linucb_27d_alpha1.5_seed42          | ✓ | acc=75.1% | cost=$0.0765
  [ 491/600] linucb_27d_alpha1.5_seed42          | ✓ | acc=75.2% | cost=$0.0765
  [ 492/600] linucb_27d_alpha1.5_seed42          | ✓ | acc=75.2% | cost=$0.0766
  [ 493/600] linucb_27d_alpha1.5_seed42          | ✓ | acc=75.3% | cost=$0.0766
  [ 494/600] linucb_27d_alpha1.5_seed42          | ✗ | acc=75.1% | cost=$0.0766
  [ 495/600] linucb_27d_alpha1.5_seed42          | ✓ | acc=75.2% | cost=$0.0766
  [ 496/600] linucb_27d_alpha1.5_seed42          | ✗ | acc=75.0% | cost=$0.0766
  [ 497/600] linucb_27d_alpha1.5_seed42          | ✓ | acc=75.1% | cost=$0.0766
  [ 498/600] linucb_27d_alpha1.5_seed42          | ✓ | acc=75.1% | cost=$0.0767
  [ 499/600] linucb_27d_alpha1.5_seed42          | ✓ | acc=75.2% | cost=$0.0767
  [ 500/600] linucb_27d_alpha1.5_seed42          | ✓ | acc=75.2% | cost=$0.0771
  [ 501/600] linucb_27d_alpha1.5_seed42          | ✗ | acc=75.0% | cost=$0.0771
  [ 502/600] linucb_27d_alpha1.5_seed42          | ✓ | acc=75.1% | cost=$0.0772
  [ 503/600] linucb_27d_alpha1.5_seed42          | ✗ | acc=75.0% | cost=$0.0772
  [ 504/600] linucb_27d_alpha1.5_seed42          | ✓ | acc=75.0% | cost=$0.0772
  [ 505/600] linucb_27d_alpha1.5_seed42          | ✓ | acc=75.0% | cost=$0.0772
  [ 506/600] linucb_27d_alpha1.5_seed42          | ✓ | acc=75.1% | cost=$0.0772
  [ 507/600] linucb_27d_alpha1.5_seed42          | ✓ | acc=75.1% | cost=$0.0772
  [ 508/600] linucb_27d_alpha1.5_seed42          | ✓ | acc=75.2% | cost=$0.0777
  [ 509/600] linucb_27d_alpha1.5_seed42          | ✓ | acc=75.2% | cost=$0.0781
  [ 510/600] linucb_27d_alpha1.5_seed42          | ✓ | acc=75.3% | cost=$0.0785
  [ 511/600] linucb_27d_alpha1.5_seed42          | ✓ | acc=75.3% | cost=$0.0788
  [ 512/600] linucb_27d_alpha1.5_seed42          | ✓ | acc=75.4% | cost=$0.0788
  [ 513/600] linucb_27d_alpha1.5_seed42          | ✓ | acc=75.4% | cost=$0.0792
  [ 514/600] linucb_27d_alpha1.5_seed42          | ✗ | acc=75.3% | cost=$0.0796
  [ 515/600] linucb_27d_alpha1.5_seed42          | ✓ | acc=75.3% | cost=$0.0796
  [ 516/600] linucb_27d_alpha1.5_seed42          | ✓ | acc=75.4% | cost=$0.0796
  [ 517/600] linucb_27d_alpha1.5_seed42          | ✓ | acc=75.4% | cost=$0.0801
  [ 518/600] linucb_27d_alpha1.5_seed42          | ✓ | acc=75.5% | cost=$0.0804
  [ 519/600] linucb_27d_alpha1.5_seed42          | ✗ | acc=75.3% | cost=$0.0804
  [ 520/600] linucb_27d_alpha1.5_seed42          | ✓ | acc=75.4% | cost=$0.0804
  [ 521/600] linucb_27d_alpha1.5_seed42          | ✓ | acc=75.4% | cost=$0.0804
  [ 522/600] linucb_27d_alpha1.5_seed42          | ✓ | acc=75.5% | cost=$0.0804
  [ 523/600] linucb_27d_alpha1.5_seed42          | ✗ | acc=75.3% | cost=$0.0809
  [ 524/600] linucb_27d_alpha1.5_seed42          | ✓ | acc=75.4% | cost=$0.0812
  [ 525/600] linucb_27d_alpha1.5_seed42          | ✓ | acc=75.4% | cost=$0.0812
  [ 526/600] linucb_27d_alpha1.5_seed42          | ✓ | acc=75.5% | cost=$0.0812
  [ 527/600] linucb_27d_alpha1.5_seed42          | ✓ | acc=75.5% | cost=$0.0813
  [ 528/600] linucb_27d_alpha1.5_seed42          | ✓ | acc=75.6% | cost=$0.0813
  [ 529/600] linucb_27d_alpha1.5_seed42          | ✓ | acc=75.6% | cost=$0.0813
  [ 530/600] linucb_27d_alpha1.5_seed42          | ✓ | acc=75.7% | cost=$0.0813
  [ 531/600] linucb_27d_alpha1.5_seed42          | ✗ | acc=75.5% | cost=$0.0813
  [ 532/600] linucb_27d_alpha1.5_seed42          | ✓ | acc=75.6% | cost=$0.0813
  [ 533/600] linucb_27d_alpha1.5_seed42          | ✓ | acc=75.6% | cost=$0.0813
  [ 534/600] linucb_27d_alpha1.5_seed42          | ✓ | acc=75.7% | cost=$0.0814
  [ 535/600] linucb_27d_alpha1.5_seed42          | ✓ | acc=75.7% | cost=$0.0814
  [ 536/600] linucb_27d_alpha1.5_seed42          | ✗ | acc=75.6% | cost=$0.0814
  [ 537/600] linucb_27d_alpha1.5_seed42          | ✗ | acc=75.4% | cost=$0.0814
  [ 538/600] linucb_27d_alpha1.5_seed42          | ✓ | acc=75.5% | cost=$0.0814
  [ 539/600] linucb_27d_alpha1.5_seed42          | ✓ | acc=75.5% | cost=$0.0815
  [ 540/600] linucb_27d_alpha1.5_seed42          | ✓ | acc=75.6% | cost=$0.0815
  [ 541/600] linucb_27d_alpha1.5_seed42          | ✓ | acc=75.6% | cost=$0.0815
  [ 542/600] linucb_27d_alpha1.5_seed42          | ✓ | acc=75.6% | cost=$0.0815
  [ 543/600] linucb_27d_alpha1.5_seed42          | ✓ | acc=75.7% | cost=$0.0815
  [ 544/600] linucb_27d_alpha1.5_seed42          | ✗ | acc=75.6% | cost=$0.0818
  [ 545/600] linucb_27d_alpha1.5_seed42          | ✓ | acc=75.6% | cost=$0.0819
  [ 546/600] linucb_27d_alpha1.5_seed42          | ✓ | acc=75.6% | cost=$0.0819
  [ 547/600] linucb_27d_alpha1.5_seed42          | ✓ | acc=75.7% | cost=$0.0819
  [ 548/600] linucb_27d_alpha1.5_seed42          | ✓ | acc=75.7% | cost=$0.0819
  [ 549/600] linucb_27d_alpha1.5_seed42          | ✗ | acc=75.6% | cost=$0.0819
  [ 550/600] linucb_27d_alpha1.5_seed42          | ✗ | acc=75.5% | cost=$0.0819
  [ 551/600] linucb_27d_alpha1.5_seed42          | ✓ | acc=75.5% | cost=$0.0820
  [ 552/600] linucb_27d_alpha1.5_seed42          | ✓ | acc=75.5% | cost=$0.0820
  [ 553/600] linucb_27d_alpha1.5_seed42          | ✓ | acc=75.6% | cost=$0.0820
  [ 554/600] linucb_27d_alpha1.5_seed42          | ✓ | acc=75.6% | cost=$0.0820
  [ 555/600] linucb_27d_alpha1.5_seed42          | ✓ | acc=75.7% | cost=$0.0820
  [ 556/600] linucb_27d_alpha1.5_seed42          | ✓ | acc=75.7% | cost=$0.0820
  [ 557/600] linucb_27d_alpha1.5_seed42          | ✓ | acc=75.8% | cost=$0.0820
  [ 558/600] linucb_27d_alpha1.5_seed42          | ✓ | acc=75.8% | cost=$0.0821
  [ 559/600] linucb_27d_alpha1.5_seed42          | ✓ | acc=75.8% | cost=$0.0823
  [ 560/600] linucb_27d_alpha1.5_seed42          | ✓ | acc=75.9% | cost=$0.0823
  [ 561/600] linucb_27d_alpha1.5_seed42          | ✓ | acc=75.9% | cost=$0.0823
  [ 562/600] linucb_27d_alpha1.5_seed42          | ✗ | acc=75.8% | cost=$0.0823
  [ 563/600] linucb_27d_alpha1.5_seed42          | ✗ | acc=75.7% | cost=$0.0827
  [ 564/600] linucb_27d_alpha1.5_seed42          | ✓ | acc=75.7% | cost=$0.0827
  [ 565/600] linucb_27d_alpha1.5_seed42          | ✗ | acc=75.6% | cost=$0.0827
  [ 566/600] linucb_27d_alpha1.5_seed42          | ✓ | acc=75.6% | cost=$0.0827
  [ 567/600] linucb_27d_alpha1.5_seed42          | ✓ | acc=75.7% | cost=$0.0827
  [ 568/600] linucb_27d_alpha1.5_seed42          | ✓ | acc=75.7% | cost=$0.0827
  [ 569/600] linucb_27d_alpha1.5_seed42          | ✓ | acc=75.7% | cost=$0.0827
  [ 570/600] linucb_27d_alpha1.5_seed42          | ✓ | acc=75.8% | cost=$0.0830
  [ 571/600] linucb_27d_alpha1.5_seed42          | ✓ | acc=75.8% | cost=$0.0830
  [ 572/600] linucb_27d_alpha1.5_seed42          | ✓ | acc=75.9% | cost=$0.0830
  [ 573/600] linucb_27d_alpha1.5_seed42          | ✓ | acc=75.9% | cost=$0.0830
  [ 574/600] linucb_27d_alpha1.5_seed42          | ✓ | acc=76.0% | cost=$0.0835
  [ 575/600] linucb_27d_alpha1.5_seed42          | ✓ | acc=76.0% | cost=$0.0835
  [ 576/600] linucb_27d_alpha1.5_seed42          | ✓ | acc=76.0% | cost=$0.0835
  [ 577/600] linucb_27d_alpha1.5_seed42          | ✓ | acc=76.1% | cost=$0.0835
  [ 578/600] linucb_27d_alpha1.5_seed42          | ✓ | acc=76.1% | cost=$0.0835
  [ 579/600] linucb_27d_alpha1.5_seed42          | ✓ | acc=76.2% | cost=$0.0838
  [ 580/600] linucb_27d_alpha1.5_seed42          | ✗ | acc=76.0% | cost=$0.0838
  [ 581/600] linucb_27d_alpha1.5_seed42          | ✓ | acc=76.1% | cost=$0.0838
  [ 582/600] linucb_27d_alpha1.5_seed42          | ✓ | acc=76.1% | cost=$0.0841
  [ 583/600] linucb_27d_alpha1.5_seed42          | ✓ | acc=76.2% | cost=$0.0844
  [ 584/600] linucb_27d_alpha1.5_seed42          | ✓ | acc=76.2% | cost=$0.0846
  [ 585/600] linucb_27d_alpha1.5_seed42          | ✓ | acc=76.2% | cost=$0.0849
  [ 586/600] linucb_27d_alpha1.5_seed42          | ✗ | acc=76.1% | cost=$0.0852
  [ 587/600] linucb_27d_alpha1.5_seed42          | ✓ | acc=76.1% | cost=$0.0852
  [ 588/600] linucb_27d_alpha1.5_seed42          | ✓ | acc=76.2% | cost=$0.0853
  [ 589/600] linucb_27d_alpha1.5_seed42          | ✓ | acc=76.2% | cost=$0.0855
  [ 590/600] linucb_27d_alpha1.5_seed42          | ✓ | acc=76.3% | cost=$0.0855
  [ 591/600] linucb_27d_alpha1.5_seed42          | ✓ | acc=76.3% | cost=$0.0855
  [ 592/600] linucb_27d_alpha1.5_seed42          | ✓ | acc=76.4% | cost=$0.0858
  [ 593/600] linucb_27d_alpha1.5_seed42          | ✗ | acc=76.2% | cost=$0.0859
  [ 594/600] linucb_27d_alpha1.5_seed42          | ✓ | acc=76.3% | cost=$0.0862
  [ 595/600] linucb_27d_alpha1.5_seed42          | ✓ | acc=76.3% | cost=$0.0865
  [ 596/600] linucb_27d_alpha1.5_seed42          | ✓ | acc=76.3% | cost=$0.0865
  [ 597/600] linucb_27d_alpha1.5_seed42          | ✗ | acc=76.2% | cost=$0.0867
  [ 598/600] linucb_27d_alpha1.5_seed42          | ✓ | acc=76.3% | cost=$0.0868
  [ 599/600] linucb_27d_alpha1.5_seed42          | ✓ | acc=76.3% | cost=$0.0868
  [ 600/600] linucb_27d_alpha1.5_seed42          | ✗ | acc=76.2% | cost=$0.0868
  DONE: n=600, acc=76.2%, cost=$0.0868

--- LinUCB alpha=3.0 ---

=== linucb_27d_alpha3.0_seed42 (tag=beta_ablation, 600 queries) ===
  [   1/600] linucb_27d_alpha3.0_seed42          | ✗ | acc=0.0% | cost=$0.0000
  [   2/600] linucb_27d_alpha3.0_seed42          | ✗ | acc=0.0% | cost=$0.0003
  [   3/600] linucb_27d_alpha3.0_seed42          | ✗ | acc=0.0% | cost=$0.0003
  [   4/600] linucb_27d_alpha3.0_seed42          | ✓ | acc=25.0% | cost=$0.0008
  [   5/600] linucb_27d_alpha3.0_seed42          | ✓ | acc=40.0% | cost=$0.0010
  [   6/600] linucb_27d_alpha3.0_seed42          | ✗ | acc=33.3% | cost=$0.0013
  [   7/600] linucb_27d_alpha3.0_seed42          | ✗ | acc=28.6% | cost=$0.0019
  [   8/600] linucb_27d_alpha3.0_seed42          | ✗ | acc=25.0% | cost=$0.0019
  [   9/600] linucb_27d_alpha3.0_seed42          | ✗ | acc=22.2% | cost=$0.0022
  [  10/600] linucb_27d_alpha3.0_seed42          | ✓ | acc=30.0% | cost=$0.0022
  [  11/600] linucb_27d_alpha3.0_seed42          | ✗ | acc=27.3% | cost=$0.0023
  [  12/600] linucb_27d_alpha3.0_seed42          | ✗ | acc=25.0% | cost=$0.0023
  [  13/600] linucb_27d_alpha3.0_seed42          | ✓ | acc=30.8% | cost=$0.0025
  [  14/600] linucb_27d_alpha3.0_seed42          | ✗ | acc=28.6% | cost=$0.0027
  [  15/600] linucb_27d_alpha3.0_seed42          | ✗ | acc=26.7% | cost=$0.0031
  [  16/600] linucb_27d_alpha3.0_seed42          | ✗ | acc=25.0% | cost=$0.0031
  [  17/600] linucb_27d_alpha3.0_seed42          | ✗ | acc=23.5% | cost=$0.0035
  [  18/600] linucb_27d_alpha3.0_seed42          | ✗ | acc=22.2% | cost=$0.0035
  [  19/600] linucb_27d_alpha3.0_seed42          | ✓ | acc=26.3% | cost=$0.0035
  [  20/600] linucb_27d_alpha3.0_seed42          | ✓ | acc=30.0% | cost=$0.0035
  [  21/600] linucb_27d_alpha3.0_seed42          | ✓ | acc=33.3% | cost=$0.0036
  [  22/600] linucb_27d_alpha3.0_seed42          | ✓ | acc=36.4% | cost=$0.0036
  [  23/600] linucb_27d_alpha3.0_seed42          | ✗ | acc=34.8% | cost=$0.0036
  [  24/600] linucb_27d_alpha3.0_seed42          | ✓ | acc=37.5% | cost=$0.0036
  [  25/600] linucb_27d_alpha3.0_seed42          | ✗ | acc=36.0% | cost=$0.0036
  [  26/600] linucb_27d_alpha3.0_seed42          | ✓ | acc=38.5% | cost=$0.0039
  [  27/600] linucb_27d_alpha3.0_seed42          | ✗ | acc=37.0% | cost=$0.0039
  [  28/600] linucb_27d_alpha3.0_seed42          | ✓ | acc=39.3% | cost=$0.0039
  [  29/600] linucb_27d_alpha3.0_seed42          | ✓ | acc=41.4% | cost=$0.0041
  [  30/600] linucb_27d_alpha3.0_seed42          | ✗ | acc=40.0% | cost=$0.0041
  [  31/600] linucb_27d_alpha3.0_seed42          | ✗ | acc=38.7% | cost=$0.0044
  [  32/600] linucb_27d_alpha3.0_seed42          | ✗ | acc=37.5% | cost=$0.0047
  [  33/600] linucb_27d_alpha3.0_seed42          | ✗ | acc=36.4% | cost=$0.0047
  [  34/600] linucb_27d_alpha3.0_seed42          | ✓ | acc=38.2% | cost=$0.0051
  [  35/600] linucb_27d_alpha3.0_seed42          | ✗ | acc=37.1% | cost=$0.0051
  [  36/600] linucb_27d_alpha3.0_seed42          | ✗ | acc=36.1% | cost=$0.0054
  [  37/600] linucb_27d_alpha3.0_seed42          | ✗ | acc=35.1% | cost=$0.0054
  [  38/600] linucb_27d_alpha3.0_seed42          | ✓ | acc=36.8% | cost=$0.0057
  [  39/600] linucb_27d_alpha3.0_seed42          | ✗ | acc=35.9% | cost=$0.0058
  [  40/600] linucb_27d_alpha3.0_seed42          | ✗ | acc=35.0% | cost=$0.0062
  [  41/600] linucb_27d_alpha3.0_seed42          | ✗ | acc=34.1% | cost=$0.0062
  [  42/600] linucb_27d_alpha3.0_seed42          | ✗ | acc=33.3% | cost=$0.0066
  [  43/600] linucb_27d_alpha3.0_seed42          | ✗ | acc=32.6% | cost=$0.0066
  [  44/600] linucb_27d_alpha3.0_seed42          | ✗ | acc=31.8% | cost=$0.0066
  [  45/600] linucb_27d_alpha3.0_seed42          | ✓ | acc=33.3% | cost=$0.0070
  [  46/600] linucb_27d_alpha3.0_seed42          | ✗ | acc=32.6% | cost=$0.0074
  [  47/600] linucb_27d_alpha3.0_seed42          | ✗ | acc=31.9% | cost=$0.0078
  [  48/600] linucb_27d_alpha3.0_seed42          | ✗ | acc=31.2% | cost=$0.0078
  [  49/600] linucb_27d_alpha3.0_seed42          | ✓ | acc=32.7% | cost=$0.0078
  [  50/600] linucb_27d_alpha3.0_seed42          | ✗ | acc=32.0% | cost=$0.0078
  [  51/600] linucb_27d_alpha3.0_seed42          | ✗ | acc=31.4% | cost=$0.0078
  [  52/600] linucb_27d_alpha3.0_seed42          | ✗ | acc=30.8% | cost=$0.0079
  [  53/600] linucb_27d_alpha3.0_seed42          | ✓ | acc=32.1% | cost=$0.0084
  [  54/600] linucb_27d_alpha3.0_seed42          | ✗ | acc=31.5% | cost=$0.0088
  [  55/600] linucb_27d_alpha3.0_seed42          | ✗ | acc=30.9% | cost=$0.0088
  [  56/600] linucb_27d_alpha3.0_seed42          | ✓ | acc=32.1% | cost=$0.0090
  [  57/600] linucb_27d_alpha3.0_seed42          | ✓ | acc=33.3% | cost=$0.0095
  [  58/600] linucb_27d_alpha3.0_seed42          | ✓ | acc=34.5% | cost=$0.0096
  [  59/600] linucb_27d_alpha3.0_seed42          | ✗ | acc=33.9% | cost=$0.0099
  [  60/600] linucb_27d_alpha3.0_seed42          | ✗ | acc=33.3% | cost=$0.0099
  [  61/600] linucb_27d_alpha3.0_seed42          | ✗ | acc=32.8% | cost=$0.0102
  [  62/600] linucb_27d_alpha3.0_seed42          | ✗ | acc=32.3% | cost=$0.0102
  [  63/600] linucb_27d_alpha3.0_seed42          | ✗ | acc=31.7% | cost=$0.0106
  [  64/600] linucb_27d_alpha3.0_seed42          | ✗ | acc=31.2% | cost=$0.0106
  [  65/600] linucb_27d_alpha3.0_seed42          | ✗ | acc=30.8% | cost=$0.0108
  [  66/600] linucb_27d_alpha3.0_seed42          | ✗ | acc=30.3% | cost=$0.0108
  [  67/600] linucb_27d_alpha3.0_seed42          | ✗ | acc=29.9% | cost=$0.0108
  [  68/600] linucb_27d_alpha3.0_seed42          | ✗ | acc=29.4% | cost=$0.0109
  [  69/600] linucb_27d_alpha3.0_seed42          | ✓ | acc=30.4% | cost=$0.0111
  [  70/600] linucb_27d_alpha3.0_seed42          | ✗ | acc=30.0% | cost=$0.0115
  [  71/600] linucb_27d_alpha3.0_seed42          | ✗ | acc=29.6% | cost=$0.0119
  [  72/600] linucb_27d_alpha3.0_seed42          | ✗ | acc=29.2% | cost=$0.0119
  [  73/600] linucb_27d_alpha3.0_seed42          | ✗ | acc=28.8% | cost=$0.0123
  [  74/600] linucb_27d_alpha3.0_seed42          | ✗ | acc=28.4% | cost=$0.0123
  [  75/600] linucb_27d_alpha3.0_seed42          | ✓ | acc=29.3% | cost=$0.0126
  [  76/600] linucb_27d_alpha3.0_seed42          | ✗ | acc=28.9% | cost=$0.0126
  [  77/600] linucb_27d_alpha3.0_seed42          | ✗ | acc=28.6% | cost=$0.0126
  [  78/600] linucb_27d_alpha3.0_seed42          | ✓ | acc=29.5% | cost=$0.0130
  [  79/600] linucb_27d_alpha3.0_seed42          | ✗ | acc=29.1% | cost=$0.0133
  [  80/600] linucb_27d_alpha3.0_seed42          | ✓ | acc=30.0% | cost=$0.0136
  [  81/600] linucb_27d_alpha3.0_seed42          | ✗ | acc=29.6% | cost=$0.0139
  [  82/600] linucb_27d_alpha3.0_seed42          | ✓ | acc=30.5% | cost=$0.0139
  [  83/600] linucb_27d_alpha3.0_seed42          | ✗ | acc=30.1% | cost=$0.0141
  [  84/600] linucb_27d_alpha3.0_seed42          | ✓ | acc=31.0% | cost=$0.0146
  [  85/600] linucb_27d_alpha3.0_seed42          | ✓ | acc=31.8% | cost=$0.0154
  [  86/600] linucb_27d_alpha3.0_seed42          | ✓ | acc=32.6% | cost=$0.0157
  [  87/600] linucb_27d_alpha3.0_seed42          | ✗ | acc=32.2% | cost=$0.0160
  [  88/600] linucb_27d_alpha3.0_seed42          | ✗ | acc=31.8% | cost=$0.0164
  [  89/600] linucb_27d_alpha3.0_seed42          | ✗ | acc=31.5% | cost=$0.0164
  [  90/600] linucb_27d_alpha3.0_seed42          | ✗ | acc=31.1% | cost=$0.0164
  [  91/600] linucb_27d_alpha3.0_seed42          | ✗ | acc=30.8% | cost=$0.0164
  [  92/600] linucb_27d_alpha3.0_seed42          | ✓ | acc=31.5% | cost=$0.0168
  [  93/600] linucb_27d_alpha3.0_seed42          | ✓ | acc=32.3% | cost=$0.0171
  [  94/600] linucb_27d_alpha3.0_seed42          | ✗ | acc=31.9% | cost=$0.0175
  [  95/600] linucb_27d_alpha3.0_seed42          | ✗ | acc=31.6% | cost=$0.0179
  [  96/600] linucb_27d_alpha3.0_seed42          | ✓ | acc=32.3% | cost=$0.0179
  [  97/600] linucb_27d_alpha3.0_seed42          | ✗ | acc=32.0% | cost=$0.0179
  [  98/600] linucb_27d_alpha3.0_seed42          | ✓ | acc=32.7% | cost=$0.0179
  [  99/600] linucb_27d_alpha3.0_seed42          | ✗ | acc=32.3% | cost=$0.0180
  [ 100/600] linucb_27d_alpha3.0_seed42          | ✓ | acc=33.0% | cost=$0.0180
  [ 101/600] linucb_27d_alpha3.0_seed42          | ✓ | acc=33.7% | cost=$0.0182
  [ 102/600] linucb_27d_alpha3.0_seed42          | ✓ | acc=34.3% | cost=$0.0185
  [ 103/600] linucb_27d_alpha3.0_seed42          | ✓ | acc=35.0% | cost=$0.0185
  [ 104/600] linucb_27d_alpha3.0_seed42          | ✓ | acc=35.6% | cost=$0.0188
  [ 105/600] linucb_27d_alpha3.0_seed42          | ✗ | acc=35.2% | cost=$0.0188
  [ 106/600] linucb_27d_alpha3.0_seed42          | ✗ | acc=34.9% | cost=$0.0188
  [ 107/600] linucb_27d_alpha3.0_seed42          | ✗ | acc=34.6% | cost=$0.0189
  [ 108/600] linucb_27d_alpha3.0_seed42          | ✓ | acc=35.2% | cost=$0.0191
  [ 109/600] linucb_27d_alpha3.0_seed42          | ✗ | acc=34.9% | cost=$0.0191
  [ 110/600] linucb_27d_alpha3.0_seed42          | ✓ | acc=35.5% | cost=$0.0194
  [ 111/600] linucb_27d_alpha3.0_seed42          | ✓ | acc=36.0% | cost=$0.0197
  [ 112/600] linucb_27d_alpha3.0_seed42          | ✗ | acc=35.7% | cost=$0.0197
  [ 113/600] linucb_27d_alpha3.0_seed42          | ✓ | acc=36.3% | cost=$0.0201
  [ 114/600] linucb_27d_alpha3.0_seed42          | ✓ | acc=36.8% | cost=$0.0205
  [ 115/600] linucb_27d_alpha3.0_seed42          | ✗ | acc=36.5% | cost=$0.0205
  [ 116/600] linucb_27d_alpha3.0_seed42          | ✗ | acc=36.2% | cost=$0.0205
  [ 117/600] linucb_27d_alpha3.0_seed42          | ✗ | acc=35.9% | cost=$0.0205
  [ 118/600] linucb_27d_alpha3.0_seed42          | ✓ | acc=36.4% | cost=$0.0210
  [ 119/600] linucb_27d_alpha3.0_seed42          | ✗ | acc=36.1% | cost=$0.0213
  [ 120/600] linucb_27d_alpha3.0_seed42          | ✗ | acc=35.8% | cost=$0.0217
  [ 121/600] linucb_27d_alpha3.0_seed42          | ✓ | acc=36.4% | cost=$0.0220
  [ 122/600] linucb_27d_alpha3.0_seed42          | ✓ | acc=36.9% | cost=$0.0223
  [ 123/600] linucb_27d_alpha3.0_seed42          | ✓ | acc=37.4% | cost=$0.0227
  [ 124/600] linucb_27d_alpha3.0_seed42          | ✓ | acc=37.9% | cost=$0.0230
  [ 125/600] linucb_27d_alpha3.0_seed42          | ✓ | acc=38.4% | cost=$0.0232
  [ 126/600] linucb_27d_alpha3.0_seed42          | ✓ | acc=38.9% | cost=$0.0235
  [ 127/600] linucb_27d_alpha3.0_seed42          | ✓ | acc=39.4% | cost=$0.0238
  [ 128/600] linucb_27d_alpha3.0_seed42          | ✓ | acc=39.8% | cost=$0.0241
  [ 129/600] linucb_27d_alpha3.0_seed42          | ✓ | acc=40.3% | cost=$0.0243
  [ 130/600] linucb_27d_alpha3.0_seed42          | ✓ | acc=40.8% | cost=$0.0246
  [ 131/600] linucb_27d_alpha3.0_seed42          | ✓ | acc=41.2% | cost=$0.0250
  [ 132/600] linucb_27d_alpha3.0_seed42          | ✓ | acc=41.7% | cost=$0.0253
  [ 133/600] linucb_27d_alpha3.0_seed42          | ✓ | acc=42.1% | cost=$0.0256
  [ 134/600] linucb_27d_alpha3.0_seed42          | ✗ | acc=41.8% | cost=$0.0258
  [ 135/600] linucb_27d_alpha3.0_seed42          | ✓ | acc=42.2% | cost=$0.0260
  [ 136/600] linucb_27d_alpha3.0_seed42          | ✓ | acc=42.6% | cost=$0.0263
  [ 137/600] linucb_27d_alpha3.0_seed42          | ✗ | acc=42.3% | cost=$0.0263
  [ 138/600] linucb_27d_alpha3.0_seed42          | ✓ | acc=42.8% | cost=$0.0265
  [ 139/600] linucb_27d_alpha3.0_seed42          | ✓ | acc=43.2% | cost=$0.0268
  [ 140/600] linucb_27d_alpha3.0_seed42          | ✗ | acc=42.9% | cost=$0.0272
  [ 141/600] linucb_27d_alpha3.0_seed42          | ✗ | acc=42.6% | cost=$0.0275
  [ 142/600] linucb_27d_alpha3.0_seed42          | ✓ | acc=43.0% | cost=$0.0278
  [ 143/600] linucb_27d_alpha3.0_seed42          | ✓ | acc=43.4% | cost=$0.0281
  [ 144/600] linucb_27d_alpha3.0_seed42          | ✓ | acc=43.8% | cost=$0.0283
  [ 145/600] linucb_27d_alpha3.0_seed42          | ✓ | acc=44.1% | cost=$0.0285
  [ 146/600] linucb_27d_alpha3.0_seed42          | ✓ | acc=44.5% | cost=$0.0288
  [ 147/600] linucb_27d_alpha3.0_seed42          | ✗ | acc=44.2% | cost=$0.0293
  [ 148/600] linucb_27d_alpha3.0_seed42          | ✓ | acc=44.6% | cost=$0.0293
  [ 149/600] linucb_27d_alpha3.0_seed42          | ✓ | acc=45.0% | cost=$0.0293
  [ 150/600] linucb_27d_alpha3.0_seed42          | ✗ | acc=44.7% | cost=$0.0293
  [ 151/600] linucb_27d_alpha3.0_seed42          | ✓ | acc=45.0% | cost=$0.0297
  [ 152/600] linucb_27d_alpha3.0_seed42          | ✓ | acc=45.4% | cost=$0.0300
  [ 153/600] linucb_27d_alpha3.0_seed42          | ✓ | acc=45.8% | cost=$0.0303
  [ 154/600] linucb_27d_alpha3.0_seed42          | ✓ | acc=46.1% | cost=$0.0306
  [ 155/600] linucb_27d_alpha3.0_seed42          | ✗ | acc=45.8% | cost=$0.0309
  [ 156/600] linucb_27d_alpha3.0_seed42          | ✓ | acc=46.2% | cost=$0.0309
  [ 157/600] linucb_27d_alpha3.0_seed42          | ✗ | acc=45.9% | cost=$0.0309
  [ 158/600] linucb_27d_alpha3.0_seed42          | ✓ | acc=46.2% | cost=$0.0312
  [ 159/600] linucb_27d_alpha3.0_seed42          | ✗ | acc=45.9% | cost=$0.0315
  [ 160/600] linucb_27d_alpha3.0_seed42          | ✓ | acc=46.2% | cost=$0.0320
  [ 161/600] linucb_27d_alpha3.0_seed42          | ✗ | acc=46.0% | cost=$0.0323
  [ 162/600] linucb_27d_alpha3.0_seed42          | ✓ | acc=46.3% | cost=$0.0326
  [ 163/600] linucb_27d_alpha3.0_seed42          | ✗ | acc=46.0% | cost=$0.0329
  [ 164/600] linucb_27d_alpha3.0_seed42          | ✓ | acc=46.3% | cost=$0.0335
  [ 165/600] linucb_27d_alpha3.0_seed42          | ✓ | acc=46.7% | cost=$0.0337
  [ 166/600] linucb_27d_alpha3.0_seed42          | ✓ | acc=47.0% | cost=$0.0341
  [ 167/600] linucb_27d_alpha3.0_seed42          | ✓ | acc=47.3% | cost=$0.0344
  [ 168/600] linucb_27d_alpha3.0_seed42          | ✗ | acc=47.0% | cost=$0.0344
  [ 169/600] linucb_27d_alpha3.0_seed42          | ✓ | acc=47.3% | cost=$0.0348
  [ 170/600] linucb_27d_alpha3.0_seed42          | ✓ | acc=47.6% | cost=$0.0351
  [ 171/600] linucb_27d_alpha3.0_seed42          | ✓ | acc=48.0% | cost=$0.0354
  [ 172/600] linucb_27d_alpha3.0_seed42          | ✗ | acc=47.7% | cost=$0.0359
  [ 173/600] linucb_27d_alpha3.0_seed42          | ✓ | acc=48.0% | cost=$0.0361
  [ 174/600] linucb_27d_alpha3.0_seed42          | ✓ | acc=48.3% | cost=$0.0364
  [ 175/600] linucb_27d_alpha3.0_seed42          | ✗ | acc=48.0% | cost=$0.0366
  [ 176/600] linucb_27d_alpha3.0_seed42          | ✓ | acc=48.3% | cost=$0.0368
  [ 177/600] linucb_27d_alpha3.0_seed42          | ✓ | acc=48.6% | cost=$0.0369
  [ 178/600] linucb_27d_alpha3.0_seed42          | ✓ | acc=48.9% | cost=$0.0371
  [ 179/600] linucb_27d_alpha3.0_seed42          | ✓ | acc=49.2% | cost=$0.0374
  [ 180/600] linucb_27d_alpha3.0_seed42          | ✓ | acc=49.4% | cost=$0.0377
  [ 181/600] linucb_27d_alpha3.0_seed42          | ✓ | acc=49.7% | cost=$0.0379
  [ 182/600] linucb_27d_alpha3.0_seed42          | ✓ | acc=50.0% | cost=$0.0383
  [ 183/600] linucb_27d_alpha3.0_seed42          | ✓ | acc=50.3% | cost=$0.0385
  [ 184/600] linucb_27d_alpha3.0_seed42          | ✓ | acc=50.5% | cost=$0.0392
  [ 185/600] linucb_27d_alpha3.0_seed42          | ✓ | acc=50.8% | cost=$0.0394
  [ 186/600] linucb_27d_alpha3.0_seed42          | ✓ | acc=51.1% | cost=$0.0396
  [ 187/600] linucb_27d_alpha3.0_seed42          | ✓ | acc=51.3% | cost=$0.0400
  [ 188/600] linucb_27d_alpha3.0_seed42          | ✓ | acc=51.6% | cost=$0.0404
  [ 189/600] linucb_27d_alpha3.0_seed42          | ✓ | acc=51.9% | cost=$0.0407
  [ 190/600] linucb_27d_alpha3.0_seed42          | ✓ | acc=52.1% | cost=$0.0412
  [ 191/600] linucb_27d_alpha3.0_seed42          | ✓ | acc=52.4% | cost=$0.0415
  [ 192/600] linucb_27d_alpha3.0_seed42          | ✓ | acc=52.6% | cost=$0.0418
  [ 193/600] linucb_27d_alpha3.0_seed42          | ✓ | acc=52.8% | cost=$0.0422
  [ 194/600] linucb_27d_alpha3.0_seed42          | ✓ | acc=53.1% | cost=$0.0425
  [ 195/600] linucb_27d_alpha3.0_seed42          | ✗ | acc=52.8% | cost=$0.0428
  [ 196/600] linucb_27d_alpha3.0_seed42          | ✓ | acc=53.1% | cost=$0.0431
  [ 197/600] linucb_27d_alpha3.0_seed42          | ✓ | acc=53.3% | cost=$0.0434
  [ 198/600] linucb_27d_alpha3.0_seed42          | ✓ | acc=53.5% | cost=$0.0437
  [ 199/600] linucb_27d_alpha3.0_seed42          | ✗ | acc=53.3% | cost=$0.0439
  [ 200/600] linucb_27d_alpha3.0_seed42          | ✓ | acc=53.5% | cost=$0.0442
  [ 201/600] linucb_27d_alpha3.0_seed42          | ✓ | acc=53.7% | cost=$0.0447
  [ 202/600] linucb_27d_alpha3.0_seed42          | ✓ | acc=54.0% | cost=$0.0449
  [ 203/600] linucb_27d_alpha3.0_seed42          | ✓ | acc=54.2% | cost=$0.0453
  [ 204/600] linucb_27d_alpha3.0_seed42          | ✓ | acc=54.4% | cost=$0.0456
  [ 205/600] linucb_27d_alpha3.0_seed42          | ✓ | acc=54.6% | cost=$0.0458
  [ 206/600] linucb_27d_alpha3.0_seed42          | ✓ | acc=54.9% | cost=$0.0461
  [ 207/600] linucb_27d_alpha3.0_seed42          | ✓ | acc=55.1% | cost=$0.0465
  [ 208/600] linucb_27d_alpha3.0_seed42          | ✓ | acc=55.3% | cost=$0.0467
  [ 209/600] linucb_27d_alpha3.0_seed42          | ✓ | acc=55.5% | cost=$0.0470
  [ 210/600] linucb_27d_alpha3.0_seed42          | ✓ | acc=55.7% | cost=$0.0473
  [ 211/600] linucb_27d_alpha3.0_seed42          | ✗ | acc=55.5% | cost=$0.0478
  [ 212/600] linucb_27d_alpha3.0_seed42          | ✗ | acc=55.2% | cost=$0.0483
  [ 213/600] linucb_27d_alpha3.0_seed42          | ✓ | acc=55.4% | cost=$0.0486
  [ 214/600] linucb_27d_alpha3.0_seed42          | ✗ | acc=55.1% | cost=$0.0488
  [ 215/600] linucb_27d_alpha3.0_seed42          | ✓ | acc=55.3% | cost=$0.0491
  [ 216/600] linucb_27d_alpha3.0_seed42          | ✓ | acc=55.6% | cost=$0.0494
  [ 217/600] linucb_27d_alpha3.0_seed42          | ✓ | acc=55.8% | cost=$0.0497
  [ 218/600] linucb_27d_alpha3.0_seed42          | ✓ | acc=56.0% | cost=$0.0500
  [ 219/600] linucb_27d_alpha3.0_seed42          | ✓ | acc=56.2% | cost=$0.0502
  [ 220/600] linucb_27d_alpha3.0_seed42          | ✓ | acc=56.4% | cost=$0.0504
  [ 221/600] linucb_27d_alpha3.0_seed42          | ✓ | acc=56.6% | cost=$0.0509
  [ 222/600] linucb_27d_alpha3.0_seed42          | ✓ | acc=56.8% | cost=$0.0512
  [ 223/600] linucb_27d_alpha3.0_seed42          | ✓ | acc=57.0% | cost=$0.0515
  [ 224/600] linucb_27d_alpha3.0_seed42          | ✓ | acc=57.1% | cost=$0.0517
  [ 225/600] linucb_27d_alpha3.0_seed42          | ✓ | acc=57.3% | cost=$0.0520
  [ 226/600] linucb_27d_alpha3.0_seed42          | ✓ | acc=57.5% | cost=$0.0523
  [ 227/600] linucb_27d_alpha3.0_seed42          | ✗ | acc=57.3% | cost=$0.0525
  [ 228/600] linucb_27d_alpha3.0_seed42          | ✓ | acc=57.5% | cost=$0.0527
  [ 229/600] linucb_27d_alpha3.0_seed42          | ✓ | acc=57.6% | cost=$0.0529
  [ 230/600] linucb_27d_alpha3.0_seed42          | ✓ | acc=57.8% | cost=$0.0533
  [ 231/600] linucb_27d_alpha3.0_seed42          | ✓ | acc=58.0% | cost=$0.0537
  [ 232/600] linucb_27d_alpha3.0_seed42          | ✓ | acc=58.2% | cost=$0.0540
  [ 233/600] linucb_27d_alpha3.0_seed42          | ✓ | acc=58.4% | cost=$0.0540
  [ 234/600] linucb_27d_alpha3.0_seed42          | ✓ | acc=58.5% | cost=$0.0544
  [ 235/600] linucb_27d_alpha3.0_seed42          | ✓ | acc=58.7% | cost=$0.0547
  [ 236/600] linucb_27d_alpha3.0_seed42          | ✓ | acc=58.9% | cost=$0.0550
  [ 237/600] linucb_27d_alpha3.0_seed42          | ✓ | acc=59.1% | cost=$0.0554
  [ 238/600] linucb_27d_alpha3.0_seed42          | ✓ | acc=59.2% | cost=$0.0554
  [ 239/600] linucb_27d_alpha3.0_seed42          | ✓ | acc=59.4% | cost=$0.0554
  [ 240/600] linucb_27d_alpha3.0_seed42          | ✓ | acc=59.6% | cost=$0.0554
  [ 241/600] linucb_27d_alpha3.0_seed42          | ✗ | acc=59.3% | cost=$0.0554
  [ 242/600] linucb_27d_alpha3.0_seed42          | ✓ | acc=59.5% | cost=$0.0565
  [ 243/600] linucb_27d_alpha3.0_seed42          | ✓ | acc=59.7% | cost=$0.0569
  [ 244/600] linucb_27d_alpha3.0_seed42          | ✗ | acc=59.4% | cost=$0.0570
  [ 245/600] linucb_27d_alpha3.0_seed42          | ✓ | acc=59.6% | cost=$0.0581
  [ 246/600] linucb_27d_alpha3.0_seed42          | ✓ | acc=59.8% | cost=$0.0584
  [ 247/600] linucb_27d_alpha3.0_seed42          | ✓ | acc=59.9% | cost=$0.0598
  [ 248/600] linucb_27d_alpha3.0_seed42          | ✓ | acc=60.1% | cost=$0.0608
  [ 249/600] linucb_27d_alpha3.0_seed42          | ✓ | acc=60.2% | cost=$0.0610
  [ 250/600] linucb_27d_alpha3.0_seed42          | ✓ | acc=60.4% | cost=$0.0615
  [ 251/600] linucb_27d_alpha3.0_seed42          | ✗ | acc=60.2% | cost=$0.0619
  [ 252/600] linucb_27d_alpha3.0_seed42          | ✓ | acc=60.3% | cost=$0.0628
  [ 253/600] linucb_27d_alpha3.0_seed42          | ✓ | acc=60.5% | cost=$0.0635
  [ 254/600] linucb_27d_alpha3.0_seed42          | ✓ | acc=60.6% | cost=$0.0638
  [ 255/600] linucb_27d_alpha3.0_seed42          | ✓ | acc=60.8% | cost=$0.0640
  [ 256/600] linucb_27d_alpha3.0_seed42          | ✓ | acc=60.9% | cost=$0.0649
  [ 257/600] linucb_27d_alpha3.0_seed42          | ✓ | acc=61.1% | cost=$0.0659
  [ 258/600] linucb_27d_alpha3.0_seed42          | ✓ | acc=61.2% | cost=$0.0661
  [ 259/600] linucb_27d_alpha3.0_seed42          | ✗ | acc=61.0% | cost=$0.0668
  [ 260/600] linucb_27d_alpha3.0_seed42          | ✓ | acc=61.2% | cost=$0.0677
  [ 261/600] linucb_27d_alpha3.0_seed42          | ✓ | acc=61.3% | cost=$0.0686
  [ 262/600] linucb_27d_alpha3.0_seed42          | ✓ | acc=61.5% | cost=$0.0688
  [ 263/600] linucb_27d_alpha3.0_seed42          | ✓ | acc=61.6% | cost=$0.0691
  [ 264/600] linucb_27d_alpha3.0_seed42          | ✓ | acc=61.7% | cost=$0.0703
  [ 265/600] linucb_27d_alpha3.0_seed42          | ✓ | acc=61.9% | cost=$0.0710
  [ 266/600] linucb_27d_alpha3.0_seed42          | ✓ | acc=62.0% | cost=$0.0718
  [ 267/600] linucb_27d_alpha3.0_seed42          | ✓ | acc=62.2% | cost=$0.0729
  [ 268/600] linucb_27d_alpha3.0_seed42          | ✓ | acc=62.3% | cost=$0.0734
  [ 269/600] linucb_27d_alpha3.0_seed42          | ✓ | acc=62.5% | cost=$0.0739
  [ 270/600] linucb_27d_alpha3.0_seed42          | ✓ | acc=62.6% | cost=$0.0749
  [ 271/600] linucb_27d_alpha3.0_seed42          | ✓ | acc=62.7% | cost=$0.0758
  [ 272/600] linucb_27d_alpha3.0_seed42          | ✓ | acc=62.9% | cost=$0.0761
  [ 273/600] linucb_27d_alpha3.0_seed42          | ✓ | acc=63.0% | cost=$0.0763
  [ 274/600] linucb_27d_alpha3.0_seed42          | ✓ | acc=63.1% | cost=$0.0767
  [ 275/600] linucb_27d_alpha3.0_seed42          | ✓ | acc=63.3% | cost=$0.0774
  [ 276/600] linucb_27d_alpha3.0_seed42          | ✓ | acc=63.4% | cost=$0.0785
  [ 277/600] linucb_27d_alpha3.0_seed42          | ✓ | acc=63.5% | cost=$0.0787
  [ 278/600] linucb_27d_alpha3.0_seed42          | ✗ | acc=63.3% | cost=$0.0792
  [ 279/600] linucb_27d_alpha3.0_seed42          | ✓ | acc=63.4% | cost=$0.0794
  [ 280/600] linucb_27d_alpha3.0_seed42          | ✓ | acc=63.6% | cost=$0.0796
  [ 281/600] linucb_27d_alpha3.0_seed42          | ✓ | acc=63.7% | cost=$0.0799
  [ 282/600] linucb_27d_alpha3.0_seed42          | ✓ | acc=63.8% | cost=$0.0801
  [ 283/600] linucb_27d_alpha3.0_seed42          | ✓ | acc=64.0% | cost=$0.0804
  [ 284/600] linucb_27d_alpha3.0_seed42          | ✓ | acc=64.1% | cost=$0.0817
  [ 285/600] linucb_27d_alpha3.0_seed42          | ✓ | acc=64.2% | cost=$0.0825
  [ 286/600] linucb_27d_alpha3.0_seed42          | ✓ | acc=64.3% | cost=$0.0826
  [ 287/600] linucb_27d_alpha3.0_seed42          | ✓ | acc=64.5% | cost=$0.0838
  [ 288/600] linucb_27d_alpha3.0_seed42          | ✓ | acc=64.6% | cost=$0.0850
  [ 289/600] linucb_27d_alpha3.0_seed42          | ✓ | acc=64.7% | cost=$0.0853
  [ 290/600] linucb_27d_alpha3.0_seed42          | ✗ | acc=64.5% | cost=$0.0856
  [ 291/600] linucb_27d_alpha3.0_seed42          | ✓ | acc=64.6% | cost=$0.0858
  [ 292/600] linucb_27d_alpha3.0_seed42          | ✓ | acc=64.7% | cost=$0.0871
  [ 293/600] linucb_27d_alpha3.0_seed42          | ✓ | acc=64.8% | cost=$0.0874
  [ 294/600] linucb_27d_alpha3.0_seed42          | ✓ | acc=65.0% | cost=$0.0884
  [ 295/600] linucb_27d_alpha3.0_seed42          | ✓ | acc=65.1% | cost=$0.0894
  [ 296/600] linucb_27d_alpha3.0_seed42          | ✓ | acc=65.2% | cost=$0.0897
  [ 297/600] linucb_27d_alpha3.0_seed42          | ✓ | acc=65.3% | cost=$0.0899
  [ 298/600] linucb_27d_alpha3.0_seed42          | ✓ | acc=65.4% | cost=$0.0902
  [ 299/600] linucb_27d_alpha3.0_seed42          | ✓ | acc=65.6% | cost=$0.0905
  [ 300/600] linucb_27d_alpha3.0_seed42          | ✓ | acc=65.7% | cost=$0.0907
  [ 301/600] linucb_27d_alpha3.0_seed42          | ✓ | acc=65.8% | cost=$0.0916
  [ 302/600] linucb_27d_alpha3.0_seed42          | ✓ | acc=65.9% | cost=$0.0920
  [ 303/600] linucb_27d_alpha3.0_seed42          | ✓ | acc=66.0% | cost=$0.0923
  [ 304/600] linucb_27d_alpha3.0_seed42          | ✓ | acc=66.1% | cost=$0.0932
  [ 305/600] linucb_27d_alpha3.0_seed42          | ✓ | acc=66.2% | cost=$0.0942
  [ 306/600] linucb_27d_alpha3.0_seed42          | ✓ | acc=66.3% | cost=$0.0948
  [ 307/600] linucb_27d_alpha3.0_seed42          | ✓ | acc=66.4% | cost=$0.0951
  [ 308/600] linucb_27d_alpha3.0_seed42          | ✓ | acc=66.6% | cost=$0.0959
  [ 309/600] linucb_27d_alpha3.0_seed42          | ✓ | acc=66.7% | cost=$0.0962
  [ 310/600] linucb_27d_alpha3.0_seed42          | ✗ | acc=66.5% | cost=$0.0968
  [ 311/600] linucb_27d_alpha3.0_seed42          | ✓ | acc=66.6% | cost=$0.0975
  [ 312/600] linucb_27d_alpha3.0_seed42          | ✓ | acc=66.7% | cost=$0.0982
  [ 313/600] linucb_27d_alpha3.0_seed42          | ✓ | acc=66.8% | cost=$0.0984
  [ 314/600] linucb_27d_alpha3.0_seed42          | ✓ | acc=66.9% | cost=$0.0992
  [ 315/600] linucb_27d_alpha3.0_seed42          | ✗ | acc=66.7% | cost=$0.0995
  [ 316/600] linucb_27d_alpha3.0_seed42          | ✗ | acc=66.5% | cost=$0.0995
  [ 317/600] linucb_27d_alpha3.0_seed42          | ✓ | acc=66.6% | cost=$0.1007
  [ 318/600] linucb_27d_alpha3.0_seed42          | ✓ | acc=66.7% | cost=$0.1009
  [ 319/600] linucb_27d_alpha3.0_seed42          | ✓ | acc=66.8% | cost=$0.1015
  [ 320/600] linucb_27d_alpha3.0_seed42          | ✓ | acc=66.9% | cost=$0.1025
  [ 321/600] linucb_27d_alpha3.0_seed42          | ✓ | acc=67.0% | cost=$0.1028
  [ 322/600] linucb_27d_alpha3.0_seed42          | ✓ | acc=67.1% | cost=$0.1030
  [ 323/600] linucb_27d_alpha3.0_seed42          | ✓ | acc=67.2% | cost=$0.1032
  [ 324/600] linucb_27d_alpha3.0_seed42          | ✓ | acc=67.3% | cost=$0.1034
  [ 325/600] linucb_27d_alpha3.0_seed42          | ✓ | acc=67.4% | cost=$0.1045
  [ 326/600] linucb_27d_alpha3.0_seed42          | ✓ | acc=67.5% | cost=$0.1058
  [ 327/600] linucb_27d_alpha3.0_seed42          | ✓ | acc=67.6% | cost=$0.1068
  [ 328/600] linucb_27d_alpha3.0_seed42          | ✗ | acc=67.4% | cost=$0.1071
  [ 329/600] linucb_27d_alpha3.0_seed42          | ✓ | acc=67.5% | cost=$0.1073
  [ 330/600] linucb_27d_alpha3.0_seed42          | ✓ | acc=67.6% | cost=$0.1076
  [ 331/600] linucb_27d_alpha3.0_seed42          | ✓ | acc=67.7% | cost=$0.1086
  [ 332/600] linucb_27d_alpha3.0_seed42          | ✓ | acc=67.8% | cost=$0.1090
  [ 333/600] linucb_27d_alpha3.0_seed42          | ✓ | acc=67.9% | cost=$0.1095
  [ 334/600] linucb_27d_alpha3.0_seed42          | ✓ | acc=68.0% | cost=$0.1105
  [ 335/600] linucb_27d_alpha3.0_seed42          | ✓ | acc=68.1% | cost=$0.1107
  [ 336/600] linucb_27d_alpha3.0_seed42          | ✓ | acc=68.2% | cost=$0.1110
  [ 337/600] linucb_27d_alpha3.0_seed42          | ✓ | acc=68.2% | cost=$0.1122
  [ 338/600] linucb_27d_alpha3.0_seed42          | ✓ | acc=68.3% | cost=$0.1128
  [ 339/600] linucb_27d_alpha3.0_seed42          | ✓ | acc=68.4% | cost=$0.1131
  [ 340/600] linucb_27d_alpha3.0_seed42          | ✓ | acc=68.5% | cost=$0.1140
  [ 341/600] linucb_27d_alpha3.0_seed42          | ✓ | acc=68.6% | cost=$0.1150
  [ 342/600] linucb_27d_alpha3.0_seed42          | ✓ | acc=68.7% | cost=$0.1155
  [ 343/600] linucb_27d_alpha3.0_seed42          | ✓ | acc=68.8% | cost=$0.1158
  [ 344/600] linucb_27d_alpha3.0_seed42          | ✓ | acc=68.9% | cost=$0.1164
  [ 345/600] linucb_27d_alpha3.0_seed42          | ✓ | acc=69.0% | cost=$0.1172
  [ 346/600] linucb_27d_alpha3.0_seed42          | ✓ | acc=69.1% | cost=$0.1178
  [ 347/600] linucb_27d_alpha3.0_seed42          | ✓ | acc=69.2% | cost=$0.1181
  [ 348/600] linucb_27d_alpha3.0_seed42          | ✓ | acc=69.3% | cost=$0.1184
  [ 349/600] linucb_27d_alpha3.0_seed42          | ✓ | acc=69.3% | cost=$0.1187
  [ 350/600] linucb_27d_alpha3.0_seed42          | ✓ | acc=69.4% | cost=$0.1190
  [ 351/600] linucb_27d_alpha3.0_seed42          | ✗ | acc=69.2% | cost=$0.1197
  [ 352/600] linucb_27d_alpha3.0_seed42          | ✓ | acc=69.3% | cost=$0.1203
  [ 353/600] linucb_27d_alpha3.0_seed42          | ✓ | acc=69.4% | cost=$0.1205
  [ 354/600] linucb_27d_alpha3.0_seed42          | ✓ | acc=69.5% | cost=$0.1218
  [ 355/600] linucb_27d_alpha3.0_seed42          | ✓ | acc=69.6% | cost=$0.1232
  [ 356/600] linucb_27d_alpha3.0_seed42          | ✓ | acc=69.7% | cost=$0.1243
  [ 357/600] linucb_27d_alpha3.0_seed42          | ✓ | acc=69.7% | cost=$0.1246
  [ 358/600] linucb_27d_alpha3.0_seed42          | ✓ | acc=69.8% | cost=$0.1249
  [ 359/600] linucb_27d_alpha3.0_seed42          | ✓ | acc=69.9% | cost=$0.1251
  [ 360/600] linucb_27d_alpha3.0_seed42          | ✓ | acc=70.0% | cost=$0.1254
  [ 361/600] linucb_27d_alpha3.0_seed42          | ✓ | acc=70.1% | cost=$0.1257
  [ 362/600] linucb_27d_alpha3.0_seed42          | ✓ | acc=70.2% | cost=$0.1261
  [ 363/600] linucb_27d_alpha3.0_seed42          | ✓ | acc=70.2% | cost=$0.1264
  [ 364/600] linucb_27d_alpha3.0_seed42          | ✓ | acc=70.3% | cost=$0.1268
  [ 365/600] linucb_27d_alpha3.0_seed42          | ✓ | acc=70.4% | cost=$0.1271
  [ 366/600] linucb_27d_alpha3.0_seed42          | ✓ | acc=70.5% | cost=$0.1273
  [ 367/600] linucb_27d_alpha3.0_seed42          | ✓ | acc=70.6% | cost=$0.1277
  [ 368/600] linucb_27d_alpha3.0_seed42          | ✓ | acc=70.7% | cost=$0.1280
  [ 369/600] linucb_27d_alpha3.0_seed42          | ✓ | acc=70.7% | cost=$0.1283
  [ 370/600] linucb_27d_alpha3.0_seed42          | ✗ | acc=70.5% | cost=$0.1286
  [ 371/600] linucb_27d_alpha3.0_seed42          | ✓ | acc=70.6% | cost=$0.1289
  [ 372/600] linucb_27d_alpha3.0_seed42          | ✓ | acc=70.7% | cost=$0.1293
  [ 373/600] linucb_27d_alpha3.0_seed42          | ✓ | acc=70.8% | cost=$0.1295
  [ 374/600] linucb_27d_alpha3.0_seed42          | ✓ | acc=70.9% | cost=$0.1298
  [ 375/600] linucb_27d_alpha3.0_seed42          | ✓ | acc=70.9% | cost=$0.1300
  [ 376/600] linucb_27d_alpha3.0_seed42          | ✓ | acc=71.0% | cost=$0.1304
  [ 377/600] linucb_27d_alpha3.0_seed42          | ✓ | acc=71.1% | cost=$0.1307
  [ 378/600] linucb_27d_alpha3.0_seed42          | ✓ | acc=71.2% | cost=$0.1311
  [ 379/600] linucb_27d_alpha3.0_seed42          | ✗ | acc=71.0% | cost=$0.1313
  [ 380/600] linucb_27d_alpha3.0_seed42          | ✓ | acc=71.1% | cost=$0.1314
  [ 381/600] linucb_27d_alpha3.0_seed42          | ✓ | acc=71.1% | cost=$0.1316
  [ 382/600] linucb_27d_alpha3.0_seed42          | ✓ | acc=71.2% | cost=$0.1320
  [ 383/600] linucb_27d_alpha3.0_seed42          | ✓ | acc=71.3% | cost=$0.1320
  [ 384/600] linucb_27d_alpha3.0_seed42          | ✓ | acc=71.4% | cost=$0.1323
  [ 385/600] linucb_27d_alpha3.0_seed42          | ✗ | acc=71.2% | cost=$0.1327
  [ 386/600] linucb_27d_alpha3.0_seed42          | ✓ | acc=71.2% | cost=$0.1327
  [ 387/600] linucb_27d_alpha3.0_seed42          | ✓ | acc=71.3% | cost=$0.1327
  [ 388/600] linucb_27d_alpha3.0_seed42          | ✓ | acc=71.4% | cost=$0.1327
  [ 389/600] linucb_27d_alpha3.0_seed42          | ✓ | acc=71.5% | cost=$0.1328
  [ 390/600] linucb_27d_alpha3.0_seed42          | ✓ | acc=71.5% | cost=$0.1328
  [ 391/600] linucb_27d_alpha3.0_seed42          | ✓ | acc=71.6% | cost=$0.1328
  [ 392/600] linucb_27d_alpha3.0_seed42          | ✓ | acc=71.7% | cost=$0.1328
  [ 393/600] linucb_27d_alpha3.0_seed42          | ✓ | acc=71.8% | cost=$0.1328
  [ 394/600] linucb_27d_alpha3.0_seed42          | ✓ | acc=71.8% | cost=$0.1328
  [ 395/600] linucb_27d_alpha3.0_seed42          | ✓ | acc=71.9% | cost=$0.1328
  [ 396/600] linucb_27d_alpha3.0_seed42          | ✓ | acc=72.0% | cost=$0.1329
  [ 397/600] linucb_27d_alpha3.0_seed42          | ✓ | acc=72.0% | cost=$0.1329
  [ 398/600] linucb_27d_alpha3.0_seed42          | ✓ | acc=72.1% | cost=$0.1329
  [ 399/600] linucb_27d_alpha3.0_seed42          | ✓ | acc=72.2% | cost=$0.1329
  [ 400/600] linucb_27d_alpha3.0_seed42          | ✓ | acc=72.2% | cost=$0.1329
  [ 401/600] linucb_27d_alpha3.0_seed42          | ✓ | acc=72.3% | cost=$0.1329
  [ 402/600] linucb_27d_alpha3.0_seed42          | ✓ | acc=72.4% | cost=$0.1329
  [ 403/600] linucb_27d_alpha3.0_seed42          | ✓ | acc=72.5% | cost=$0.1330
  [ 404/600] linucb_27d_alpha3.0_seed42          | ✓ | acc=72.5% | cost=$0.1330
  [ 405/600] linucb_27d_alpha3.0_seed42          | ✗ | acc=72.3% | cost=$0.1330
  [ 406/600] linucb_27d_alpha3.0_seed42          | ✓ | acc=72.4% | cost=$0.1330
  [ 407/600] linucb_27d_alpha3.0_seed42          | ✓ | acc=72.5% | cost=$0.1330
  [ 408/600] linucb_27d_alpha3.0_seed42          | ✓ | acc=72.5% | cost=$0.1330
  [ 409/600] linucb_27d_alpha3.0_seed42          | ✓ | acc=72.6% | cost=$0.1331
  [ 410/600] linucb_27d_alpha3.0_seed42          | ✓ | acc=72.7% | cost=$0.1331
  [ 411/600] linucb_27d_alpha3.0_seed42          | ✓ | acc=72.7% | cost=$0.1331
  [ 412/600] linucb_27d_alpha3.0_seed42          | ✓ | acc=72.8% | cost=$0.1331
  [ 413/600] linucb_27d_alpha3.0_seed42          | ✓ | acc=72.9% | cost=$0.1331
  [ 414/600] linucb_27d_alpha3.0_seed42          | ✓ | acc=72.9% | cost=$0.1331
  [ 415/600] linucb_27d_alpha3.0_seed42          | ✓ | acc=73.0% | cost=$0.1331
  [ 416/600] linucb_27d_alpha3.0_seed42          | ✓ | acc=73.1% | cost=$0.1332
  [ 417/600] linucb_27d_alpha3.0_seed42          | ✓ | acc=73.1% | cost=$0.1332
  [ 418/600] linucb_27d_alpha3.0_seed42          | ✓ | acc=73.2% | cost=$0.1332
  [ 419/600] linucb_27d_alpha3.0_seed42          | ✓ | acc=73.3% | cost=$0.1332
  [ 420/600] linucb_27d_alpha3.0_seed42          | ✓ | acc=73.3% | cost=$0.1332
  [ 421/600] linucb_27d_alpha3.0_seed42          | ✓ | acc=73.4% | cost=$0.1332
  [ 422/600] linucb_27d_alpha3.0_seed42          | ✓ | acc=73.5% | cost=$0.1332
  [ 423/600] linucb_27d_alpha3.0_seed42          | ✓ | acc=73.5% | cost=$0.1333
  [ 424/600] linucb_27d_alpha3.0_seed42          | ✓ | acc=73.6% | cost=$0.1333
  [ 425/600] linucb_27d_alpha3.0_seed42          | ✓ | acc=73.6% | cost=$0.1333
  [ 426/600] linucb_27d_alpha3.0_seed42          | ✓ | acc=73.7% | cost=$0.1333
  [ 427/600] linucb_27d_alpha3.0_seed42          | ✓ | acc=73.8% | cost=$0.1333
  [ 428/600] linucb_27d_alpha3.0_seed42          | ✓ | acc=73.8% | cost=$0.1333
  [ 429/600] linucb_27d_alpha3.0_seed42          | ✓ | acc=73.9% | cost=$0.1333
  [ 430/600] linucb_27d_alpha3.0_seed42          | ✓ | acc=74.0% | cost=$0.1334
  [ 431/600] linucb_27d_alpha3.0_seed42          | ✓ | acc=74.0% | cost=$0.1334
  [ 432/600] linucb_27d_alpha3.0_seed42          | ✓ | acc=74.1% | cost=$0.1334
  [ 433/600] linucb_27d_alpha3.0_seed42          | ✓ | acc=74.1% | cost=$0.1334
  [ 434/600] linucb_27d_alpha3.0_seed42          | ✓ | acc=74.2% | cost=$0.1334
  [ 435/600] linucb_27d_alpha3.0_seed42          | ✓ | acc=74.3% | cost=$0.1334
  [ 436/600] linucb_27d_alpha3.0_seed42          | ✗ | acc=74.1% | cost=$0.1334
  [ 437/600] linucb_27d_alpha3.0_seed42          | ✓ | acc=74.1% | cost=$0.1335
  [ 438/600] linucb_27d_alpha3.0_seed42          | ✓ | acc=74.2% | cost=$0.1335
  [ 439/600] linucb_27d_alpha3.0_seed42          | ✓ | acc=74.3% | cost=$0.1335
  [ 440/600] linucb_27d_alpha3.0_seed42          | ✓ | acc=74.3% | cost=$0.1335
  [ 441/600] linucb_27d_alpha3.0_seed42          | ✗ | acc=74.1% | cost=$0.1335
  [ 442/600] linucb_27d_alpha3.0_seed42          | ✗ | acc=74.0% | cost=$0.1335
  [ 443/600] linucb_27d_alpha3.0_seed42          | ✓ | acc=74.0% | cost=$0.1335
  [ 444/600] linucb_27d_alpha3.0_seed42          | ✓ | acc=74.1% | cost=$0.1335
  [ 445/600] linucb_27d_alpha3.0_seed42          | ✗ | acc=73.9% | cost=$0.1336
  [ 446/600] linucb_27d_alpha3.0_seed42          | ✓ | acc=74.0% | cost=$0.1336
  [ 447/600] linucb_27d_alpha3.0_seed42          | ✓ | acc=74.0% | cost=$0.1336
  [ 448/600] linucb_27d_alpha3.0_seed42          | ✓ | acc=74.1% | cost=$0.1336
  [ 449/600] linucb_27d_alpha3.0_seed42          | ✓ | acc=74.2% | cost=$0.1336
  [ 450/600] linucb_27d_alpha3.0_seed42          | ✓ | acc=74.2% | cost=$0.1336
  [ 451/600] linucb_27d_alpha3.0_seed42          | ✓ | acc=74.3% | cost=$0.1336
  [ 452/600] linucb_27d_alpha3.0_seed42          | ✓ | acc=74.3% | cost=$0.1337
  [ 453/600] linucb_27d_alpha3.0_seed42          | ✓ | acc=74.4% | cost=$0.1337
  [ 454/600] linucb_27d_alpha3.0_seed42          | ✓ | acc=74.4% | cost=$0.1337
  [ 455/600] linucb_27d_alpha3.0_seed42          | ✓ | acc=74.5% | cost=$0.1337
  [ 456/600] linucb_27d_alpha3.0_seed42          | ✓ | acc=74.6% | cost=$0.1337
  [ 457/600] linucb_27d_alpha3.0_seed42          | ✓ | acc=74.6% | cost=$0.1337
  [ 458/600] linucb_27d_alpha3.0_seed42          | ✓ | acc=74.7% | cost=$0.1337
  [ 459/600] linucb_27d_alpha3.0_seed42          | ✓ | acc=74.7% | cost=$0.1338
  [ 460/600] linucb_27d_alpha3.0_seed42          | ✓ | acc=74.8% | cost=$0.1341
  [ 461/600] linucb_27d_alpha3.0_seed42          | ✓ | acc=74.8% | cost=$0.1341
  [ 462/600] linucb_27d_alpha3.0_seed42          | ✓ | acc=74.9% | cost=$0.1341
  [ 463/600] linucb_27d_alpha3.0_seed42          | ✓ | acc=74.9% | cost=$0.1342
  [ 464/600] linucb_27d_alpha3.0_seed42          | ✓ | acc=75.0% | cost=$0.1342
  [ 465/600] linucb_27d_alpha3.0_seed42          | ✓ | acc=75.1% | cost=$0.1342
  [ 466/600] linucb_27d_alpha3.0_seed42          | ✓ | acc=75.1% | cost=$0.1342
  [ 467/600] linucb_27d_alpha3.0_seed42          | ✓ | acc=75.2% | cost=$0.1342
  [ 468/600] linucb_27d_alpha3.0_seed42          | ✓ | acc=75.2% | cost=$0.1342
  [ 469/600] linucb_27d_alpha3.0_seed42          | ✓ | acc=75.3% | cost=$0.1342
  [ 470/600] linucb_27d_alpha3.0_seed42          | ✓ | acc=75.3% | cost=$0.1343
  [ 471/600] linucb_27d_alpha3.0_seed42          | ✓ | acc=75.4% | cost=$0.1343
  [ 472/600] linucb_27d_alpha3.0_seed42          | ✓ | acc=75.4% | cost=$0.1343
  [ 473/600] linucb_27d_alpha3.0_seed42          | ✓ | acc=75.5% | cost=$0.1343
  [ 474/600] linucb_27d_alpha3.0_seed42          | ✓ | acc=75.5% | cost=$0.1343
  [ 475/600] linucb_27d_alpha3.0_seed42          | ✓ | acc=75.6% | cost=$0.1343
  [ 476/600] linucb_27d_alpha3.0_seed42          | ✓ | acc=75.6% | cost=$0.1343
  [ 477/600] linucb_27d_alpha3.0_seed42          | ✓ | acc=75.7% | cost=$0.1344
  [ 478/600] linucb_27d_alpha3.0_seed42          | ✓ | acc=75.7% | cost=$0.1344
  [ 479/600] linucb_27d_alpha3.0_seed42          | ✓ | acc=75.8% | cost=$0.1344
  [ 480/600] linucb_27d_alpha3.0_seed42          | ✓ | acc=75.8% | cost=$0.1344
  [ 481/600] linucb_27d_alpha3.0_seed42          | ✗ | acc=75.7% | cost=$0.1345
  [ 482/600] linucb_27d_alpha3.0_seed42          | ✓ | acc=75.7% | cost=$0.1345
  [ 483/600] linucb_27d_alpha3.0_seed42          | ✗ | acc=75.6% | cost=$0.1345
  [ 484/600] linucb_27d_alpha3.0_seed42          | ✓ | acc=75.6% | cost=$0.1345
  [ 485/600] linucb_27d_alpha3.0_seed42          | ✓ | acc=75.7% | cost=$0.1345
  [ 486/600] linucb_27d_alpha3.0_seed42          | ✓ | acc=75.7% | cost=$0.1345
  [ 487/600] linucb_27d_alpha3.0_seed42          | ✓ | acc=75.8% | cost=$0.1346
  [ 488/600] linucb_27d_alpha3.0_seed42          | ✓ | acc=75.8% | cost=$0.1346
  [ 489/600] linucb_27d_alpha3.0_seed42          | ✓ | acc=75.9% | cost=$0.1346
  [ 490/600] linucb_27d_alpha3.0_seed42          | ✓ | acc=75.9% | cost=$0.1346
  [ 491/600] linucb_27d_alpha3.0_seed42          | ✓ | acc=76.0% | cost=$0.1346
  [ 492/600] linucb_27d_alpha3.0_seed42          | ✓ | acc=76.0% | cost=$0.1346
  [ 493/600] linucb_27d_alpha3.0_seed42          | ✓ | acc=76.1% | cost=$0.1346
  [ 494/600] linucb_27d_alpha3.0_seed42          | ✗ | acc=75.9% | cost=$0.1347
  [ 495/600] linucb_27d_alpha3.0_seed42          | ✓ | acc=76.0% | cost=$0.1347
  [ 496/600] linucb_27d_alpha3.0_seed42          | ✗ | acc=75.8% | cost=$0.1347
  [ 497/600] linucb_27d_alpha3.0_seed42          | ✓ | acc=75.9% | cost=$0.1347
  [ 498/600] linucb_27d_alpha3.0_seed42          | ✓ | acc=75.9% | cost=$0.1347
  [ 499/600] linucb_27d_alpha3.0_seed42          | ✓ | acc=76.0% | cost=$0.1347
  [ 500/600] linucb_27d_alpha3.0_seed42          | ✗ | acc=75.8% | cost=$0.1348
  [ 501/600] linucb_27d_alpha3.0_seed42          | ✗ | acc=75.6% | cost=$0.1348
  [ 502/600] linucb_27d_alpha3.0_seed42          | ✓ | acc=75.7% | cost=$0.1348
  [ 503/600] linucb_27d_alpha3.0_seed42          | ✓ | acc=75.7% | cost=$0.1348
  [ 504/600] linucb_27d_alpha3.0_seed42          | ✓ | acc=75.8% | cost=$0.1348
  [ 505/600] linucb_27d_alpha3.0_seed42          | ✓ | acc=75.8% | cost=$0.1348
  [ 506/600] linucb_27d_alpha3.0_seed42          | ✓ | acc=75.9% | cost=$0.1349
  [ 507/600] linucb_27d_alpha3.0_seed42          | ✓ | acc=75.9% | cost=$0.1349
  [ 508/600] linucb_27d_alpha3.0_seed42          | ✗ | acc=75.8% | cost=$0.1349
  [ 509/600] linucb_27d_alpha3.0_seed42          | ✗ | acc=75.6% | cost=$0.1349
  [ 510/600] linucb_27d_alpha3.0_seed42          | ✓ | acc=75.7% | cost=$0.1353
  [ 511/600] linucb_27d_alpha3.0_seed42          | ✓ | acc=75.7% | cost=$0.1353
  [ 512/600] linucb_27d_alpha3.0_seed42          | ✓ | acc=75.8% | cost=$0.1353
  [ 513/600] linucb_27d_alpha3.0_seed42          | ✗ | acc=75.6% | cost=$0.1353
  [ 514/600] linucb_27d_alpha3.0_seed42          | ✗ | acc=75.5% | cost=$0.1357
  [ 515/600] linucb_27d_alpha3.0_seed42          | ✓ | acc=75.5% | cost=$0.1361
  [ 516/600] linucb_27d_alpha3.0_seed42          | ✓ | acc=75.6% | cost=$0.1361
  [ 517/600] linucb_27d_alpha3.0_seed42          | ✓ | acc=75.6% | cost=$0.1365
  [ 518/600] linucb_27d_alpha3.0_seed42          | ✓ | acc=75.7% | cost=$0.1368
  [ 519/600] linucb_27d_alpha3.0_seed42          | ✗ | acc=75.5% | cost=$0.1371
  [ 520/600] linucb_27d_alpha3.0_seed42          | ✓ | acc=75.6% | cost=$0.1371
  [ 521/600] linucb_27d_alpha3.0_seed42          | ✓ | acc=75.6% | cost=$0.1371
  [ 522/600] linucb_27d_alpha3.0_seed42          | ✓ | acc=75.7% | cost=$0.1371
  [ 523/600] linucb_27d_alpha3.0_seed42          | ✗ | acc=75.5% | cost=$0.1376
  [ 524/600] linucb_27d_alpha3.0_seed42          | ✓ | acc=75.6% | cost=$0.1376
  [ 525/600] linucb_27d_alpha3.0_seed42          | ✓ | acc=75.6% | cost=$0.1376
  [ 526/600] linucb_27d_alpha3.0_seed42          | ✓ | acc=75.7% | cost=$0.1376
  [ 527/600] linucb_27d_alpha3.0_seed42          | ✓ | acc=75.7% | cost=$0.1376
  [ 528/600] linucb_27d_alpha3.0_seed42          | ✓ | acc=75.8% | cost=$0.1377
  [ 529/600] linucb_27d_alpha3.0_seed42          | ✓ | acc=75.8% | cost=$0.1377
  [ 530/600] linucb_27d_alpha3.0_seed42          | ✓ | acc=75.8% | cost=$0.1377
  [ 531/600] linucb_27d_alpha3.0_seed42          | ✗ | acc=75.7% | cost=$0.1377
  [ 532/600] linucb_27d_alpha3.0_seed42          | ✓ | acc=75.8% | cost=$0.1377
  [ 533/600] linucb_27d_alpha3.0_seed42          | ✓ | acc=75.8% | cost=$0.1377
  [ 534/600] linucb_27d_alpha3.0_seed42          | ✓ | acc=75.8% | cost=$0.1377
  [ 535/600] linucb_27d_alpha3.0_seed42          | ✓ | acc=75.9% | cost=$0.1378
  [ 536/600] linucb_27d_alpha3.0_seed42          | ✗ | acc=75.7% | cost=$0.1378
  [ 537/600] linucb_27d_alpha3.0_seed42          | ✗ | acc=75.6% | cost=$0.1382
  [ 538/600] linucb_27d_alpha3.0_seed42          | ✓ | acc=75.7% | cost=$0.1382
  [ 539/600] linucb_27d_alpha3.0_seed42          | ✓ | acc=75.7% | cost=$0.1387
  [ 540/600] linucb_27d_alpha3.0_seed42          | ✓ | acc=75.7% | cost=$0.1387
  [ 541/600] linucb_27d_alpha3.0_seed42          | ✓ | acc=75.8% | cost=$0.1387
  [ 542/600] linucb_27d_alpha3.0_seed42          | ✓ | acc=75.8% | cost=$0.1387
  [ 543/600] linucb_27d_alpha3.0_seed42          | ✓ | acc=75.9% | cost=$0.1387
  [ 544/600] linucb_27d_alpha3.0_seed42          | ✗ | acc=75.7% | cost=$0.1387
  [ 545/600] linucb_27d_alpha3.0_seed42          | ✓ | acc=75.8% | cost=$0.1388
  [ 546/600] linucb_27d_alpha3.0_seed42          | ✓ | acc=75.8% | cost=$0.1388
  [ 547/600] linucb_27d_alpha3.0_seed42          | ✓ | acc=75.9% | cost=$0.1388
  [ 548/600] linucb_27d_alpha3.0_seed42          | ✓ | acc=75.9% | cost=$0.1388
  [ 549/600] linucb_27d_alpha3.0_seed42          | ✗ | acc=75.8% | cost=$0.1388
  [ 550/600] linucb_27d_alpha3.0_seed42          | ✗ | acc=75.6% | cost=$0.1388
  [ 551/600] linucb_27d_alpha3.0_seed42          | ✓ | acc=75.7% | cost=$0.1389
  [ 552/600] linucb_27d_alpha3.0_seed42          | ✓ | acc=75.7% | cost=$0.1389
  [ 553/600] linucb_27d_alpha3.0_seed42          | ✓ | acc=75.8% | cost=$0.1389
  [ 554/600] linucb_27d_alpha3.0_seed42          | ✓ | acc=75.8% | cost=$0.1389
  [ 555/600] linucb_27d_alpha3.0_seed42          | ✓ | acc=75.9% | cost=$0.1389
  [ 556/600] linucb_27d_alpha3.0_seed42          | ✓ | acc=75.9% | cost=$0.1389
  [ 557/600] linucb_27d_alpha3.0_seed42          | ✓ | acc=75.9% | cost=$0.1390
  [ 558/600] linucb_27d_alpha3.0_seed42          | ✓ | acc=76.0% | cost=$0.1393
  [ 559/600] linucb_27d_alpha3.0_seed42          | ✓ | acc=76.0% | cost=$0.1393
  [ 560/600] linucb_27d_alpha3.0_seed42          | ✓ | acc=76.1% | cost=$0.1394
  [ 561/600] linucb_27d_alpha3.0_seed42          | ✓ | acc=76.1% | cost=$0.1397
  [ 562/600] linucb_27d_alpha3.0_seed42          | ✗ | acc=76.0% | cost=$0.1397
  [ 563/600] linucb_27d_alpha3.0_seed42          | ✗ | acc=75.8% | cost=$0.1400
  [ 564/600] linucb_27d_alpha3.0_seed42          | ✓ | acc=75.9% | cost=$0.1403
  [ 565/600] linucb_27d_alpha3.0_seed42          | ✗ | acc=75.8% | cost=$0.1404
  [ 566/600] linucb_27d_alpha3.0_seed42          | ✓ | acc=75.8% | cost=$0.1404
  [ 567/600] linucb_27d_alpha3.0_seed42          | ✓ | acc=75.8% | cost=$0.1407
  [ 568/600] linucb_27d_alpha3.0_seed42          | ✓ | acc=75.9% | cost=$0.1407
  [ 569/600] linucb_27d_alpha3.0_seed42          | ✓ | acc=75.9% | cost=$0.1407
  [ 570/600] linucb_27d_alpha3.0_seed42          | ✓ | acc=76.0% | cost=$0.1410
  [ 571/600] linucb_27d_alpha3.0_seed42          | ✓ | acc=76.0% | cost=$0.1410
  [ 572/600] linucb_27d_alpha3.0_seed42          | ✓ | acc=76.0% | cost=$0.1410
  [ 573/600] linucb_27d_alpha3.0_seed42          | ✓ | acc=76.1% | cost=$0.1410
  [ 574/600] linucb_27d_alpha3.0_seed42          | ✓ | acc=76.1% | cost=$0.1414
  [ 575/600] linucb_27d_alpha3.0_seed42          | ✓ | acc=76.2% | cost=$0.1414
  [ 576/600] linucb_27d_alpha3.0_seed42          | ✓ | acc=76.2% | cost=$0.1415
  [ 577/600] linucb_27d_alpha3.0_seed42          | ✓ | acc=76.3% | cost=$0.1415
  [ 578/600] linucb_27d_alpha3.0_seed42          | ✓ | acc=76.3% | cost=$0.1418
  [ 579/600] linucb_27d_alpha3.0_seed42          | ✓ | acc=76.3% | cost=$0.1420
  [ 580/600] linucb_27d_alpha3.0_seed42          | ✗ | acc=76.2% | cost=$0.1421
  [ 581/600] linucb_27d_alpha3.0_seed42          | ✓ | acc=76.2% | cost=$0.1424
  [ 582/600] linucb_27d_alpha3.0_seed42          | ✓ | acc=76.3% | cost=$0.1427
  [ 583/600] linucb_27d_alpha3.0_seed42          | ✓ | acc=76.3% | cost=$0.1430
  [ 584/600] linucb_27d_alpha3.0_seed42          | ✓ | acc=76.4% | cost=$0.1430
  [ 585/600] linucb_27d_alpha3.0_seed42          | ✓ | acc=76.4% | cost=$0.1433
  [ 586/600] linucb_27d_alpha3.0_seed42          | ✗ | acc=76.3% | cost=$0.1436
  [ 587/600] linucb_27d_alpha3.0_seed42          | ✓ | acc=76.3% | cost=$0.1436
  [ 588/600] linucb_27d_alpha3.0_seed42          | ✓ | acc=76.4% | cost=$0.1436
  [ 589/600] linucb_27d_alpha3.0_seed42          | ✓ | acc=76.4% | cost=$0.1436
  [ 590/600] linucb_27d_alpha3.0_seed42          | ✓ | acc=76.4% | cost=$0.1437
  [ 591/600] linucb_27d_alpha3.0_seed42          | ✓ | acc=76.5% | cost=$0.1437
  [ 592/600] linucb_27d_alpha3.0_seed42          | ✓ | acc=76.5% | cost=$0.1437
  [ 593/600] linucb_27d_alpha3.0_seed42          | ✗ | acc=76.4% | cost=$0.1437
  [ 594/600] linucb_27d_alpha3.0_seed42          | ✓ | acc=76.4% | cost=$0.1441
  [ 595/600] linucb_27d_alpha3.0_seed42          | ✓ | acc=76.5% | cost=$0.1441
  [ 596/600] linucb_27d_alpha3.0_seed42          | ✓ | acc=76.5% | cost=$0.1441
  [ 597/600] linucb_27d_alpha3.0_seed42          | ✗ | acc=76.4% | cost=$0.1441
  [ 598/600] linucb_27d_alpha3.0_seed42          | ✓ | acc=76.4% | cost=$0.1441
  [ 599/600] linucb_27d_alpha3.0_seed42          | ✓ | acc=76.5% | cost=$0.1442
  [ 600/600] linucb_27d_alpha3.0_seed42          | ✓ | acc=76.5% | cost=$0.1444
  DONE: n=600, acc=76.5%, cost=$0.1444

--- LinTS (no beta) ---

=== lints_27d_vsq1.0_seed42 (tag=beta_ablation, 600 queries) ===
  [   1/600] lints_27d_vsq1.0_seed42             | ✗ | acc=0.0% | cost=$0.0005
  [   2/600] lints_27d_vsq1.0_seed42             | ✗ | acc=0.0% | cost=$0.0007
  [   3/600] lints_27d_vsq1.0_seed42             | ✗ | acc=0.0% | cost=$0.0011
  [   4/600] lints_27d_vsq1.0_seed42             | ✓ | acc=25.0% | cost=$0.0011
  [   5/600] lints_27d_vsq1.0_seed42             | ✓ | acc=40.0% | cost=$0.0011
  [   6/600] lints_27d_vsq1.0_seed42             | ✗ | acc=33.3% | cost=$0.0011
  [   7/600] lints_27d_vsq1.0_seed42             | ✗ | acc=28.6% | cost=$0.0017
  [   8/600] lints_27d_vsq1.0_seed42             | ✗ | acc=25.0% | cost=$0.0017
  [   9/600] lints_27d_vsq1.0_seed42             | ✗ | acc=22.2% | cost=$0.0017
  [  10/600] lints_27d_vsq1.0_seed42             | ✓ | acc=30.0% | cost=$0.0017
  [  11/600] lints_27d_vsq1.0_seed42             | ✗ | acc=27.3% | cost=$0.0018
  [  12/600] lints_27d_vsq1.0_seed42             | ✗ | acc=25.0% | cost=$0.0018
  [  13/600] lints_27d_vsq1.0_seed42             | ✓ | acc=30.8% | cost=$0.0018
  [  14/600] lints_27d_vsq1.0_seed42             | ✗ | acc=28.6% | cost=$0.0020
  [  15/600] lints_27d_vsq1.0_seed42             | ✓ | acc=33.3% | cost=$0.0021
  [  16/600] lints_27d_vsq1.0_seed42             | ✗ | acc=31.2% | cost=$0.0021
  [  17/600] lints_27d_vsq1.0_seed42             | ✗ | acc=29.4% | cost=$0.0021
  [  18/600] lints_27d_vsq1.0_seed42             | ✗ | acc=27.8% | cost=$0.0025
  [  19/600] lints_27d_vsq1.0_seed42             | ✓ | acc=31.6% | cost=$0.0025
  [  20/600] lints_27d_vsq1.0_seed42             | ✓ | acc=35.0% | cost=$0.0025
  [  21/600] lints_27d_vsq1.0_seed42             | ✓ | acc=38.1% | cost=$0.0025
  [  22/600] lints_27d_vsq1.0_seed42             | ✓ | acc=40.9% | cost=$0.0025
  [  23/600] lints_27d_vsq1.0_seed42             | ✗ | acc=39.1% | cost=$0.0026
  [  24/600] lints_27d_vsq1.0_seed42             | ✓ | acc=41.7% | cost=$0.0028
  [  25/600] lints_27d_vsq1.0_seed42             | ✗ | acc=40.0% | cost=$0.0028
  [  26/600] lints_27d_vsq1.0_seed42             | ✓ | acc=42.3% | cost=$0.0028
  [  27/600] lints_27d_vsq1.0_seed42             | ✗ | acc=40.7% | cost=$0.0029
  [  28/600] lints_27d_vsq1.0_seed42             | ✓ | acc=42.9% | cost=$0.0029
  [  29/600] lints_27d_vsq1.0_seed42             | ✓ | acc=44.8% | cost=$0.0029
  [  30/600] lints_27d_vsq1.0_seed42             | ✗ | acc=43.3% | cost=$0.0029
  [  31/600] lints_27d_vsq1.0_seed42             | ✗ | acc=41.9% | cost=$0.0029
  [  32/600] lints_27d_vsq1.0_seed42             | ✗ | acc=40.6% | cost=$0.0029
  [  33/600] lints_27d_vsq1.0_seed42             | ✗ | acc=39.4% | cost=$0.0032
  [  34/600] lints_27d_vsq1.0_seed42             | ✓ | acc=41.2% | cost=$0.0036
  [  35/600] lints_27d_vsq1.0_seed42             | ✗ | acc=40.0% | cost=$0.0036
  [  36/600] lints_27d_vsq1.0_seed42             | ✗ | acc=38.9% | cost=$0.0039
  [  37/600] lints_27d_vsq1.0_seed42             | ✗ | acc=37.8% | cost=$0.0039
  [  38/600] lints_27d_vsq1.0_seed42             | ✓ | acc=39.5% | cost=$0.0042
  [  39/600] lints_27d_vsq1.0_seed42             | ✗ | acc=38.5% | cost=$0.0042
  [  40/600] lints_27d_vsq1.0_seed42             | ✗ | acc=37.5% | cost=$0.0047
  [  41/600] lints_27d_vsq1.0_seed42             | ✗ | acc=36.6% | cost=$0.0047
  [  42/600] lints_27d_vsq1.0_seed42             | ✗ | acc=35.7% | cost=$0.0050
  [  43/600] lints_27d_vsq1.0_seed42             | ✗ | acc=34.9% | cost=$0.0050
  [  44/600] lints_27d_vsq1.0_seed42             | ✗ | acc=34.1% | cost=$0.0055
  [  45/600] lints_27d_vsq1.0_seed42             | ✓ | acc=35.6% | cost=$0.0055
  [  46/600] lints_27d_vsq1.0_seed42             | ✗ | acc=34.8% | cost=$0.0055
  [  47/600] lints_27d_vsq1.0_seed42             | ✗ | acc=34.0% | cost=$0.0059
  [  48/600] lints_27d_vsq1.0_seed42             | ✗ | acc=33.3% | cost=$0.0059
  [  49/600] lints_27d_vsq1.0_seed42             | ✗ | acc=32.7% | cost=$0.0062
  [  50/600] lints_27d_vsq1.0_seed42             | ✗ | acc=32.0% | cost=$0.0062
  [  51/600] lints_27d_vsq1.0_seed42             | ✓ | acc=33.3% | cost=$0.0065
  [  52/600] lints_27d_vsq1.0_seed42             | ✗ | acc=32.7% | cost=$0.0068
  [  53/600] lints_27d_vsq1.0_seed42             | ✓ | acc=34.0% | cost=$0.0068
  [  54/600] lints_27d_vsq1.0_seed42             | ✓ | acc=35.2% | cost=$0.0068
  [  55/600] lints_27d_vsq1.0_seed42             | ✗ | acc=34.5% | cost=$0.0068
  [  56/600] lints_27d_vsq1.0_seed42             | ✗ | acc=33.9% | cost=$0.0069
  [  57/600] lints_27d_vsq1.0_seed42             | ✓ | acc=35.1% | cost=$0.0074
  [  58/600] lints_27d_vsq1.0_seed42             | ✓ | acc=36.2% | cost=$0.0074
  [  59/600] lints_27d_vsq1.0_seed42             | ✗ | acc=35.6% | cost=$0.0074
  [  60/600] lints_27d_vsq1.0_seed42             | ✗ | acc=35.0% | cost=$0.0077
  [  61/600] lints_27d_vsq1.0_seed42             | ✗ | acc=34.4% | cost=$0.0079
  [  62/600] lints_27d_vsq1.0_seed42             | ✗ | acc=33.9% | cost=$0.0082
  [  63/600] lints_27d_vsq1.0_seed42             | ✗ | acc=33.3% | cost=$0.0082
  [  64/600] lints_27d_vsq1.0_seed42             | ✗ | acc=32.8% | cost=$0.0083
  [  65/600] lints_27d_vsq1.0_seed42             | ✗ | acc=32.3% | cost=$0.0083
  [  66/600] lints_27d_vsq1.0_seed42             | ✗ | acc=31.8% | cost=$0.0083
  [  67/600] lints_27d_vsq1.0_seed42             | ✗ | acc=31.3% | cost=$0.0083
  [  68/600] lints_27d_vsq1.0_seed42             | ✗ | acc=30.9% | cost=$0.0083
  [  69/600] lints_27d_vsq1.0_seed42             | ✓ | acc=31.9% | cost=$0.0086
  [  70/600] lints_27d_vsq1.0_seed42             | ✗ | acc=31.4% | cost=$0.0086
  [  71/600] lints_27d_vsq1.0_seed42             | ✗ | acc=31.0% | cost=$0.0086
  [  72/600] lints_27d_vsq1.0_seed42             | ✗ | acc=30.6% | cost=$0.0086
  [  73/600] lints_27d_vsq1.0_seed42             | ✗ | acc=30.1% | cost=$0.0090
  [  74/600] lints_27d_vsq1.0_seed42             | ✗ | acc=29.7% | cost=$0.0091
  [  75/600] lints_27d_vsq1.0_seed42             | ✓ | acc=30.7% | cost=$0.0093
  [  76/600] lints_27d_vsq1.0_seed42             | ✓ | acc=31.6% | cost=$0.0098
  [  77/600] lints_27d_vsq1.0_seed42             | ✗ | acc=31.2% | cost=$0.0099
  [  78/600] lints_27d_vsq1.0_seed42             | ✓ | acc=32.1% | cost=$0.0103
  [  79/600] lints_27d_vsq1.0_seed42             | ✗ | acc=31.6% | cost=$0.0103
  [  80/600] lints_27d_vsq1.0_seed42             | ✓ | acc=32.5% | cost=$0.0106
  [  81/600] lints_27d_vsq1.0_seed42             | ✗ | acc=32.1% | cost=$0.0106
  [  82/600] lints_27d_vsq1.0_seed42             | ✗ | acc=31.7% | cost=$0.0110
  [  83/600] lints_27d_vsq1.0_seed42             | ✗ | acc=31.3% | cost=$0.0112
  [  84/600] lints_27d_vsq1.0_seed42             | ✓ | acc=32.1% | cost=$0.0117
  [  85/600] lints_27d_vsq1.0_seed42             | ✓ | acc=32.9% | cost=$0.0118
  [  86/600] lints_27d_vsq1.0_seed42             | ✓ | acc=33.7% | cost=$0.0120
  [  87/600] lints_27d_vsq1.0_seed42             | ✗ | acc=33.3% | cost=$0.0123
  [  88/600] lints_27d_vsq1.0_seed42             | ✗ | acc=33.0% | cost=$0.0123
  [  89/600] lints_27d_vsq1.0_seed42             | ✗ | acc=32.6% | cost=$0.0126
  [  90/600] lints_27d_vsq1.0_seed42             | ✗ | acc=32.2% | cost=$0.0129
  [  91/600] lints_27d_vsq1.0_seed42             | ✗ | acc=31.9% | cost=$0.0134
  [  92/600] lints_27d_vsq1.0_seed42             | ✓ | acc=32.6% | cost=$0.0134
  [  93/600] lints_27d_vsq1.0_seed42             | ✓ | acc=33.3% | cost=$0.0134
  [  94/600] lints_27d_vsq1.0_seed42             | ✗ | acc=33.0% | cost=$0.0138
  [  95/600] lints_27d_vsq1.0_seed42             | ✗ | acc=32.6% | cost=$0.0138
  [  96/600] lints_27d_vsq1.0_seed42             | ✓ | acc=33.3% | cost=$0.0138
  [  97/600] lints_27d_vsq1.0_seed42             | ✗ | acc=33.0% | cost=$0.0143
  [  98/600] lints_27d_vsq1.0_seed42             | ✓ | acc=33.7% | cost=$0.0143
  [  99/600] lints_27d_vsq1.0_seed42             | ✗ | acc=33.3% | cost=$0.0143
  [ 100/600] lints_27d_vsq1.0_seed42             | ✓ | acc=34.0% | cost=$0.0146
  [ 101/600] lints_27d_vsq1.0_seed42             | ✓ | acc=34.7% | cost=$0.0149
  [ 102/600] lints_27d_vsq1.0_seed42             | ✓ | acc=35.3% | cost=$0.0149
  [ 103/600] lints_27d_vsq1.0_seed42             | ✓ | acc=35.9% | cost=$0.0152
  [ 104/600] lints_27d_vsq1.0_seed42             | ✓ | acc=36.5% | cost=$0.0155
  [ 105/600] lints_27d_vsq1.0_seed42             | ✗ | acc=36.2% | cost=$0.0159
  [ 106/600] lints_27d_vsq1.0_seed42             | ✗ | acc=35.8% | cost=$0.0163
  [ 107/600] lints_27d_vsq1.0_seed42             | ✗ | acc=35.5% | cost=$0.0163
  [ 108/600] lints_27d_vsq1.0_seed42             | ✓ | acc=36.1% | cost=$0.0166
  [ 109/600] lints_27d_vsq1.0_seed42             | ✗ | acc=35.8% | cost=$0.0169
  [ 110/600] lints_27d_vsq1.0_seed42             | ✓ | acc=36.4% | cost=$0.0169
  [ 111/600] lints_27d_vsq1.0_seed42             | ✓ | acc=36.9% | cost=$0.0172
  [ 112/600] lints_27d_vsq1.0_seed42             | ✗ | acc=36.6% | cost=$0.0174
  [ 113/600] lints_27d_vsq1.0_seed42             | ✗ | acc=36.3% | cost=$0.0179
  [ 114/600] lints_27d_vsq1.0_seed42             | ✓ | acc=36.8% | cost=$0.0179
  [ 115/600] lints_27d_vsq1.0_seed42             | ✗ | acc=36.5% | cost=$0.0179
  [ 116/600] lints_27d_vsq1.0_seed42             | ✗ | acc=36.2% | cost=$0.0182
  [ 117/600] lints_27d_vsq1.0_seed42             | ✗ | acc=35.9% | cost=$0.0187
  [ 118/600] lints_27d_vsq1.0_seed42             | ✓ | acc=36.4% | cost=$0.0187
  [ 119/600] lints_27d_vsq1.0_seed42             | ✗ | acc=36.1% | cost=$0.0187
  [ 120/600] lints_27d_vsq1.0_seed42             | ✗ | acc=35.8% | cost=$0.0187
  [ 121/600] lints_27d_vsq1.0_seed42             | ✓ | acc=36.4% | cost=$0.0188
  [ 122/600] lints_27d_vsq1.0_seed42             | ✓ | acc=36.9% | cost=$0.0188
  [ 123/600] lints_27d_vsq1.0_seed42             | ✓ | acc=37.4% | cost=$0.0188
  [ 124/600] lints_27d_vsq1.0_seed42             | ✓ | acc=37.9% | cost=$0.0190
  [ 125/600] lints_27d_vsq1.0_seed42             | ✓ | acc=38.4% | cost=$0.0193
  [ 126/600] lints_27d_vsq1.0_seed42             | ✓ | acc=38.9% | cost=$0.0196
  [ 127/600] lints_27d_vsq1.0_seed42             | ✓ | acc=39.4% | cost=$0.0196
  [ 128/600] lints_27d_vsq1.0_seed42             | ✓ | acc=39.8% | cost=$0.0196
  [ 129/600] lints_27d_vsq1.0_seed42             | ✗ | acc=39.5% | cost=$0.0196
  [ 130/600] lints_27d_vsq1.0_seed42             | ✓ | acc=40.0% | cost=$0.0199
  [ 131/600] lints_27d_vsq1.0_seed42             | ✗ | acc=39.7% | cost=$0.0199
  [ 132/600] lints_27d_vsq1.0_seed42             | ✓ | acc=40.2% | cost=$0.0199
  [ 133/600] lints_27d_vsq1.0_seed42             | ✗ | acc=39.8% | cost=$0.0200
  [ 134/600] lints_27d_vsq1.0_seed42             | ✓ | acc=40.3% | cost=$0.0226
  [ 135/600] lints_27d_vsq1.0_seed42             | ✓ | acc=40.7% | cost=$0.0229
  [ 136/600] lints_27d_vsq1.0_seed42             | ✓ | acc=41.2% | cost=$0.0231
  [ 137/600] lints_27d_vsq1.0_seed42             | ✗ | acc=40.9% | cost=$0.0231
  [ 138/600] lints_27d_vsq1.0_seed42             | ✓ | acc=41.3% | cost=$0.0234
  [ 139/600] lints_27d_vsq1.0_seed42             | ✓ | acc=41.7% | cost=$0.0237
  [ 140/600] lints_27d_vsq1.0_seed42             | ✗ | acc=41.4% | cost=$0.0241
  [ 141/600] lints_27d_vsq1.0_seed42             | ✗ | acc=41.1% | cost=$0.0241
  [ 142/600] lints_27d_vsq1.0_seed42             | ✓ | acc=41.5% | cost=$0.0244
  [ 143/600] lints_27d_vsq1.0_seed42             | ✓ | acc=42.0% | cost=$0.0247
  [ 144/600] lints_27d_vsq1.0_seed42             | ✓ | acc=42.4% | cost=$0.0249
  [ 145/600] lints_27d_vsq1.0_seed42             | ✓ | acc=42.8% | cost=$0.0251
  [ 146/600] lints_27d_vsq1.0_seed42             | ✓ | acc=43.2% | cost=$0.0254
  [ 147/600] lints_27d_vsq1.0_seed42             | ✗ | acc=42.9% | cost=$0.0255
  [ 148/600] lints_27d_vsq1.0_seed42             | ✓ | acc=43.2% | cost=$0.0257
  [ 149/600] lints_27d_vsq1.0_seed42             | ✓ | acc=43.6% | cost=$0.0260
  [ 150/600] lints_27d_vsq1.0_seed42             | ✗ | acc=43.3% | cost=$0.0262
  [ 151/600] lints_27d_vsq1.0_seed42             | ✓ | acc=43.7% | cost=$0.0263
  [ 152/600] lints_27d_vsq1.0_seed42             | ✓ | acc=44.1% | cost=$0.0265
  [ 153/600] lints_27d_vsq1.0_seed42             | ✓ | acc=44.4% | cost=$0.0268
  [ 154/600] lints_27d_vsq1.0_seed42             | ✓ | acc=44.8% | cost=$0.0272
  [ 155/600] lints_27d_vsq1.0_seed42             | ✗ | acc=44.5% | cost=$0.0274
  [ 156/600] lints_27d_vsq1.0_seed42             | ✓ | acc=44.9% | cost=$0.0278
  [ 157/600] lints_27d_vsq1.0_seed42             | ✗ | acc=44.6% | cost=$0.0281
  [ 158/600] lints_27d_vsq1.0_seed42             | ✓ | acc=44.9% | cost=$0.0285
  [ 159/600] lints_27d_vsq1.0_seed42             | ✗ | acc=44.7% | cost=$0.0288
  [ 160/600] lints_27d_vsq1.0_seed42             | ✓ | acc=45.0% | cost=$0.0292
  [ 161/600] lints_27d_vsq1.0_seed42             | ✗ | acc=44.7% | cost=$0.0292
  [ 162/600] lints_27d_vsq1.0_seed42             | ✓ | acc=45.1% | cost=$0.0293
  [ 163/600] lints_27d_vsq1.0_seed42             | ✗ | acc=44.8% | cost=$0.0293
  [ 164/600] lints_27d_vsq1.0_seed42             | ✓ | acc=45.1% | cost=$0.0298
  [ 165/600] lints_27d_vsq1.0_seed42             | ✓ | acc=45.5% | cost=$0.0299
  [ 166/600] lints_27d_vsq1.0_seed42             | ✓ | acc=45.8% | cost=$0.0303
  [ 167/600] lints_27d_vsq1.0_seed42             | ✓ | acc=46.1% | cost=$0.0303
  [ 168/600] lints_27d_vsq1.0_seed42             | ✓ | acc=46.4% | cost=$0.0305
  [ 169/600] lints_27d_vsq1.0_seed42             | ✓ | acc=46.7% | cost=$0.0310
  [ 170/600] lints_27d_vsq1.0_seed42             | ✓ | acc=47.1% | cost=$0.0310
  [ 171/600] lints_27d_vsq1.0_seed42             | ✓ | acc=47.4% | cost=$0.0313
  [ 172/600] lints_27d_vsq1.0_seed42             | ✗ | acc=47.1% | cost=$0.0318
  [ 173/600] lints_27d_vsq1.0_seed42             | ✓ | acc=47.4% | cost=$0.0320
  [ 174/600] lints_27d_vsq1.0_seed42             | ✓ | acc=47.7% | cost=$0.0320
  [ 175/600] lints_27d_vsq1.0_seed42             | ✗ | acc=47.4% | cost=$0.0323
  [ 176/600] lints_27d_vsq1.0_seed42             | ✓ | acc=47.7% | cost=$0.0323
  [ 177/600] lints_27d_vsq1.0_seed42             | ✓ | acc=48.0% | cost=$0.0323
  [ 178/600] lints_27d_vsq1.0_seed42             | ✓ | acc=48.3% | cost=$0.0326
  [ 179/600] lints_27d_vsq1.0_seed42             | ✓ | acc=48.6% | cost=$0.0329
  [ 180/600] lints_27d_vsq1.0_seed42             | ✓ | acc=48.9% | cost=$0.0332
  [ 181/600] lints_27d_vsq1.0_seed42             | ✓ | acc=49.2% | cost=$0.0332
  [ 182/600] lints_27d_vsq1.0_seed42             | ✓ | acc=49.5% | cost=$0.0335
  [ 183/600] lints_27d_vsq1.0_seed42             | ✓ | acc=49.7% | cost=$0.0335
  [ 184/600] lints_27d_vsq1.0_seed42             | ✗ | acc=49.5% | cost=$0.0336
  [ 185/600] lints_27d_vsq1.0_seed42             | ✓ | acc=49.7% | cost=$0.0336
  [ 186/600] lints_27d_vsq1.0_seed42             | ✓ | acc=50.0% | cost=$0.0336
  [ 187/600] lints_27d_vsq1.0_seed42             | ✓ | acc=50.3% | cost=$0.0336
  [ 188/600] lints_27d_vsq1.0_seed42             | ✓ | acc=50.5% | cost=$0.0336
  [ 189/600] lints_27d_vsq1.0_seed42             | ✓ | acc=50.8% | cost=$0.0336
  [ 190/600] lints_27d_vsq1.0_seed42             | ✓ | acc=51.1% | cost=$0.0337
  [ 191/600] lints_27d_vsq1.0_seed42             | ✓ | acc=51.3% | cost=$0.0337
  [ 192/600] lints_27d_vsq1.0_seed42             | ✓ | acc=51.6% | cost=$0.0337
  [ 193/600] lints_27d_vsq1.0_seed42             | ✗ | acc=51.3% | cost=$0.0337
  [ 194/600] lints_27d_vsq1.0_seed42             | ✓ | acc=51.5% | cost=$0.0337
  [ 195/600] lints_27d_vsq1.0_seed42             | ✗ | acc=51.3% | cost=$0.0340
  [ 196/600] lints_27d_vsq1.0_seed42             | ✓ | acc=51.5% | cost=$0.0340
  [ 197/600] lints_27d_vsq1.0_seed42             | ✓ | acc=51.8% | cost=$0.0343
  [ 198/600] lints_27d_vsq1.0_seed42             | ✓ | acc=52.0% | cost=$0.0343
  [ 199/600] lints_27d_vsq1.0_seed42             | ✗ | acc=51.8% | cost=$0.0345
  [ 200/600] lints_27d_vsq1.0_seed42             | ✓ | acc=52.0% | cost=$0.0345
  [ 201/600] lints_27d_vsq1.0_seed42             | ✓ | acc=52.2% | cost=$0.0346
  [ 202/600] lints_27d_vsq1.0_seed42             | ✓ | acc=52.5% | cost=$0.0348
  [ 203/600] lints_27d_vsq1.0_seed42             | ✓ | acc=52.7% | cost=$0.0349
  [ 204/600] lints_27d_vsq1.0_seed42             | ✓ | acc=52.9% | cost=$0.0349
  [ 205/600] lints_27d_vsq1.0_seed42             | ✓ | acc=53.2% | cost=$0.0351
  [ 206/600] lints_27d_vsq1.0_seed42             | ✓ | acc=53.4% | cost=$0.0354
  [ 207/600] lints_27d_vsq1.0_seed42             | ✓ | acc=53.6% | cost=$0.0354
  [ 208/600] lints_27d_vsq1.0_seed42             | ✓ | acc=53.8% | cost=$0.0354
  [ 209/600] lints_27d_vsq1.0_seed42             | ✓ | acc=54.1% | cost=$0.0355
  [ 210/600] lints_27d_vsq1.0_seed42             | ✓ | acc=54.3% | cost=$0.0355
  [ 211/600] lints_27d_vsq1.0_seed42             | ✗ | acc=54.0% | cost=$0.0361
  [ 212/600] lints_27d_vsq1.0_seed42             | ✗ | acc=53.8% | cost=$0.0361
  [ 213/600] lints_27d_vsq1.0_seed42             | ✓ | acc=54.0% | cost=$0.0364
  [ 214/600] lints_27d_vsq1.0_seed42             | ✗ | acc=53.7% | cost=$0.0364
  [ 215/600] lints_27d_vsq1.0_seed42             | ✓ | acc=54.0% | cost=$0.0366
  [ 216/600] lints_27d_vsq1.0_seed42             | ✓ | acc=54.2% | cost=$0.0369
  [ 217/600] lints_27d_vsq1.0_seed42             | ✓ | acc=54.4% | cost=$0.0372
  [ 218/600] lints_27d_vsq1.0_seed42             | ✓ | acc=54.6% | cost=$0.0375
  [ 219/600] lints_27d_vsq1.0_seed42             | ✓ | acc=54.8% | cost=$0.0375
  [ 220/600] lints_27d_vsq1.0_seed42             | ✓ | acc=55.0% | cost=$0.0377
  [ 221/600] lints_27d_vsq1.0_seed42             | ✗ | acc=54.8% | cost=$0.0377
  [ 222/600] lints_27d_vsq1.0_seed42             | ✓ | acc=55.0% | cost=$0.0380
  [ 223/600] lints_27d_vsq1.0_seed42             | ✓ | acc=55.2% | cost=$0.0380
  [ 224/600] lints_27d_vsq1.0_seed42             | ✓ | acc=55.4% | cost=$0.0383
  [ 225/600] lints_27d_vsq1.0_seed42             | ✓ | acc=55.6% | cost=$0.0383
  [ 226/600] lints_27d_vsq1.0_seed42             | ✓ | acc=55.8% | cost=$0.0383
  [ 227/600] lints_27d_vsq1.0_seed42             | ✗ | acc=55.5% | cost=$0.0385
  [ 228/600] lints_27d_vsq1.0_seed42             | ✓ | acc=55.7% | cost=$0.0388
  [ 229/600] lints_27d_vsq1.0_seed42             | ✓ | acc=55.9% | cost=$0.0390
  [ 230/600] lints_27d_vsq1.0_seed42             | ✓ | acc=56.1% | cost=$0.0390
  [ 231/600] lints_27d_vsq1.0_seed42             | ✗ | acc=55.8% | cost=$0.0391
  [ 232/600] lints_27d_vsq1.0_seed42             | ✗ | acc=55.6% | cost=$0.0391
  [ 233/600] lints_27d_vsq1.0_seed42             | ✓ | acc=55.8% | cost=$0.0391
  [ 234/600] lints_27d_vsq1.0_seed42             | ✓ | acc=56.0% | cost=$0.0394
  [ 235/600] lints_27d_vsq1.0_seed42             | ✓ | acc=56.2% | cost=$0.0397
  [ 236/600] lints_27d_vsq1.0_seed42             | ✗ | acc=55.9% | cost=$0.0397
  [ 237/600] lints_27d_vsq1.0_seed42             | ✓ | acc=56.1% | cost=$0.0398
  [ 238/600] lints_27d_vsq1.0_seed42             | ✓ | acc=56.3% | cost=$0.0400
  [ 239/600] lints_27d_vsq1.0_seed42             | ✓ | acc=56.5% | cost=$0.0400
  [ 240/600] lints_27d_vsq1.0_seed42             | ✓ | acc=56.7% | cost=$0.0402
  [ 241/600] lints_27d_vsq1.0_seed42             | ✓ | acc=56.8% | cost=$0.0405
  [ 242/600] lints_27d_vsq1.0_seed42             | ✓ | acc=57.0% | cost=$0.0406
  [ 243/600] lints_27d_vsq1.0_seed42             | ✓ | acc=57.2% | cost=$0.0410
  [ 244/600] lints_27d_vsq1.0_seed42             | ✗ | acc=57.0% | cost=$0.0411
  [ 245/600] lints_27d_vsq1.0_seed42             | ✓ | acc=57.1% | cost=$0.0422
  [ 246/600] lints_27d_vsq1.0_seed42             | ✓ | acc=57.3% | cost=$0.0424
  [ 247/600] lints_27d_vsq1.0_seed42             | ✓ | acc=57.5% | cost=$0.0439
  [ 248/600] lints_27d_vsq1.0_seed42             | ✓ | acc=57.7% | cost=$0.0439
  [ 249/600] lints_27d_vsq1.0_seed42             | ✓ | acc=57.8% | cost=$0.0441
  [ 250/600] lints_27d_vsq1.0_seed42             | ✓ | acc=58.0% | cost=$0.0446
  [ 251/600] lints_27d_vsq1.0_seed42             | ✗ | acc=57.8% | cost=$0.0450
  [ 252/600] lints_27d_vsq1.0_seed42             | ✓ | acc=57.9% | cost=$0.0459
  [ 253/600] lints_27d_vsq1.0_seed42             | ✓ | acc=58.1% | cost=$0.0466
  [ 254/600] lints_27d_vsq1.0_seed42             | ✓ | acc=58.3% | cost=$0.0469
  [ 255/600] lints_27d_vsq1.0_seed42             | ✓ | acc=58.4% | cost=$0.0471
  [ 256/600] lints_27d_vsq1.0_seed42             | ✓ | acc=58.6% | cost=$0.0472
  [ 257/600] lints_27d_vsq1.0_seed42             | ✓ | acc=58.8% | cost=$0.0472
  [ 258/600] lints_27d_vsq1.0_seed42             | ✓ | acc=58.9% | cost=$0.0474
  [ 259/600] lints_27d_vsq1.0_seed42             | ✗ | acc=58.7% | cost=$0.0475
  [ 260/600] lints_27d_vsq1.0_seed42             | ✓ | acc=58.8% | cost=$0.0475
  [ 261/600] lints_27d_vsq1.0_seed42             | ✓ | acc=59.0% | cost=$0.0484
  [ 262/600] lints_27d_vsq1.0_seed42             | ✓ | acc=59.2% | cost=$0.0484
  [ 263/600] lints_27d_vsq1.0_seed42             | ✗ | acc=58.9% | cost=$0.0484
  [ 264/600] lints_27d_vsq1.0_seed42             | ✓ | acc=59.1% | cost=$0.0485
  [ 265/600] lints_27d_vsq1.0_seed42             | ✓ | acc=59.2% | cost=$0.0492
  [ 266/600] lints_27d_vsq1.0_seed42             | ✓ | acc=59.4% | cost=$0.0492
  [ 267/600] lints_27d_vsq1.0_seed42             | ✗ | acc=59.2% | cost=$0.0493
  [ 268/600] lints_27d_vsq1.0_seed42             | ✓ | acc=59.3% | cost=$0.0498
  [ 269/600] lints_27d_vsq1.0_seed42             | ✓ | acc=59.5% | cost=$0.0503
  [ 270/600] lints_27d_vsq1.0_seed42             | ✓ | acc=59.6% | cost=$0.0503
  [ 271/600] lints_27d_vsq1.0_seed42             | ✓ | acc=59.8% | cost=$0.0513
  [ 272/600] lints_27d_vsq1.0_seed42             | ✓ | acc=59.9% | cost=$0.0513
  [ 273/600] lints_27d_vsq1.0_seed42             | ✓ | acc=60.1% | cost=$0.0516
  [ 274/600] lints_27d_vsq1.0_seed42             | ✓ | acc=60.2% | cost=$0.0519
  [ 275/600] lints_27d_vsq1.0_seed42             | ✓ | acc=60.4% | cost=$0.0526
  [ 276/600] lints_27d_vsq1.0_seed42             | ✓ | acc=60.5% | cost=$0.0537
  [ 277/600] lints_27d_vsq1.0_seed42             | ✓ | acc=60.6% | cost=$0.0537
  [ 278/600] lints_27d_vsq1.0_seed42             | ✓ | acc=60.8% | cost=$0.0538
  [ 279/600] lints_27d_vsq1.0_seed42             | ✓ | acc=60.9% | cost=$0.0538
  [ 280/600] lints_27d_vsq1.0_seed42             | ✓ | acc=61.1% | cost=$0.0538
  [ 281/600] lints_27d_vsq1.0_seed42             | ✓ | acc=61.2% | cost=$0.0540
  [ 282/600] lints_27d_vsq1.0_seed42             | ✓ | acc=61.3% | cost=$0.0543
  [ 283/600] lints_27d_vsq1.0_seed42             | ✓ | acc=61.5% | cost=$0.0543
  [ 284/600] lints_27d_vsq1.0_seed42             | ✓ | acc=61.6% | cost=$0.0543
  [ 285/600] lints_27d_vsq1.0_seed42             | ✓ | acc=61.8% | cost=$0.0544
  [ 286/600] lints_27d_vsq1.0_seed42             | ✓ | acc=61.9% | cost=$0.0545
  [ 287/600] lints_27d_vsq1.0_seed42             | ✓ | acc=62.0% | cost=$0.0557
  [ 288/600] lints_27d_vsq1.0_seed42             | ✓ | acc=62.2% | cost=$0.0558
  [ 289/600] lints_27d_vsq1.0_seed42             | ✓ | acc=62.3% | cost=$0.0558
  [ 290/600] lints_27d_vsq1.0_seed42             | ✗ | acc=62.1% | cost=$0.0558
  [ 291/600] lints_27d_vsq1.0_seed42             | ✓ | acc=62.2% | cost=$0.0560
  [ 292/600] lints_27d_vsq1.0_seed42             | ✓ | acc=62.3% | cost=$0.0561
  [ 293/600] lints_27d_vsq1.0_seed42             | ✓ | acc=62.5% | cost=$0.0561
  [ 294/600] lints_27d_vsq1.0_seed42             | ✓ | acc=62.6% | cost=$0.0562
  [ 295/600] lints_27d_vsq1.0_seed42             | ✓ | acc=62.7% | cost=$0.0562
  [ 296/600] lints_27d_vsq1.0_seed42             | ✓ | acc=62.8% | cost=$0.0562
  [ 297/600] lints_27d_vsq1.0_seed42             | ✓ | acc=63.0% | cost=$0.0565
  [ 298/600] lints_27d_vsq1.0_seed42             | ✓ | acc=63.1% | cost=$0.0568
  [ 299/600] lints_27d_vsq1.0_seed42             | ✗ | acc=62.9% | cost=$0.0568
  [ 300/600] lints_27d_vsq1.0_seed42             | ✓ | acc=63.0% | cost=$0.0570
  [ 301/600] lints_27d_vsq1.0_seed42             | ✓ | acc=63.1% | cost=$0.0571
  [ 302/600] lints_27d_vsq1.0_seed42             | ✓ | acc=63.2% | cost=$0.0571
  [ 303/600] lints_27d_vsq1.0_seed42             | ✓ | acc=63.4% | cost=$0.0575
  [ 304/600] lints_27d_vsq1.0_seed42             | ✓ | acc=63.5% | cost=$0.0583
  [ 305/600] lints_27d_vsq1.0_seed42             | ✓ | acc=63.6% | cost=$0.0593
  [ 306/600] lints_27d_vsq1.0_seed42             | ✓ | acc=63.7% | cost=$0.0599
  [ 307/600] lints_27d_vsq1.0_seed42             | ✗ | acc=63.5% | cost=$0.0600
  [ 308/600] lints_27d_vsq1.0_seed42             | ✓ | acc=63.6% | cost=$0.0600
  [ 309/600] lints_27d_vsq1.0_seed42             | ✓ | acc=63.8% | cost=$0.0602
  [ 310/600] lints_27d_vsq1.0_seed42             | ✗ | acc=63.5% | cost=$0.0609
  [ 311/600] lints_27d_vsq1.0_seed42             | ✓ | acc=63.7% | cost=$0.0616
  [ 312/600] lints_27d_vsq1.0_seed42             | ✓ | acc=63.8% | cost=$0.0616
  [ 313/600] lints_27d_vsq1.0_seed42             | ✓ | acc=63.9% | cost=$0.0618
  [ 314/600] lints_27d_vsq1.0_seed42             | ✓ | acc=64.0% | cost=$0.0626
  [ 315/600] lints_27d_vsq1.0_seed42             | ✗ | acc=63.8% | cost=$0.0629
  [ 316/600] lints_27d_vsq1.0_seed42             | ✗ | acc=63.6% | cost=$0.0629
  [ 317/600] lints_27d_vsq1.0_seed42             | ✓ | acc=63.7% | cost=$0.0629
  [ 318/600] lints_27d_vsq1.0_seed42             | ✓ | acc=63.8% | cost=$0.0632
  [ 319/600] lints_27d_vsq1.0_seed42             | ✓ | acc=63.9% | cost=$0.0632
  [ 320/600] lints_27d_vsq1.0_seed42             | ✓ | acc=64.1% | cost=$0.0633
  [ 321/600] lints_27d_vsq1.0_seed42             | ✓ | acc=64.2% | cost=$0.0636
  [ 322/600] lints_27d_vsq1.0_seed42             | ✓ | acc=64.3% | cost=$0.0636
  [ 323/600] lints_27d_vsq1.0_seed42             | ✓ | acc=64.4% | cost=$0.0636
  [ 324/600] lints_27d_vsq1.0_seed42             | ✗ | acc=64.2% | cost=$0.0636
  [ 325/600] lints_27d_vsq1.0_seed42             | ✓ | acc=64.3% | cost=$0.0647
  [ 326/600] lints_27d_vsq1.0_seed42             | ✓ | acc=64.4% | cost=$0.0647
  [ 327/600] lints_27d_vsq1.0_seed42             | ✓ | acc=64.5% | cost=$0.0657
  [ 328/600] lints_27d_vsq1.0_seed42             | ✗ | acc=64.3% | cost=$0.0660
  [ 329/600] lints_27d_vsq1.0_seed42             | ✓ | acc=64.4% | cost=$0.0660
  [ 330/600] lints_27d_vsq1.0_seed42             | ✗ | acc=64.2% | cost=$0.0664
  [ 331/600] lints_27d_vsq1.0_seed42             | ✓ | acc=64.4% | cost=$0.0673
  [ 332/600] lints_27d_vsq1.0_seed42             | ✓ | acc=64.5% | cost=$0.0677
  [ 333/600] lints_27d_vsq1.0_seed42             | ✓ | acc=64.6% | cost=$0.0677
  [ 334/600] lints_27d_vsq1.0_seed42             | ✓ | acc=64.7% | cost=$0.0677
  [ 335/600] lints_27d_vsq1.0_seed42             | ✓ | acc=64.8% | cost=$0.0680
  [ 336/600] lints_27d_vsq1.0_seed42             | ✓ | acc=64.9% | cost=$0.0683
  [ 337/600] lints_27d_vsq1.0_seed42             | ✓ | acc=65.0% | cost=$0.0683
  [ 338/600] lints_27d_vsq1.0_seed42             | ✓ | acc=65.1% | cost=$0.0684
  [ 339/600] lints_27d_vsq1.0_seed42             | ✓ | acc=65.2% | cost=$0.0684
  [ 340/600] lints_27d_vsq1.0_seed42             | ✓ | acc=65.3% | cost=$0.0684
  [ 341/600] lints_27d_vsq1.0_seed42             | ✓ | acc=65.4% | cost=$0.0685
  [ 342/600] lints_27d_vsq1.0_seed42             | ✓ | acc=65.5% | cost=$0.0689
  [ 343/600] lints_27d_vsq1.0_seed42             | ✓ | acc=65.6% | cost=$0.0692
  [ 344/600] lints_27d_vsq1.0_seed42             | ✓ | acc=65.7% | cost=$0.0693
  [ 345/600] lints_27d_vsq1.0_seed42             | ✓ | acc=65.8% | cost=$0.0693
  [ 346/600] lints_27d_vsq1.0_seed42             | ✓ | acc=65.9% | cost=$0.0694
  [ 347/600] lints_27d_vsq1.0_seed42             | ✓ | acc=66.0% | cost=$0.0694
  [ 348/600] lints_27d_vsq1.0_seed42             | ✓ | acc=66.1% | cost=$0.0694
  [ 349/600] lints_27d_vsq1.0_seed42             | ✗ | acc=65.9% | cost=$0.0694
  [ 350/600] lints_27d_vsq1.0_seed42             | ✓ | acc=66.0% | cost=$0.0698
  [ 351/600] lints_27d_vsq1.0_seed42             | ✗ | acc=65.8% | cost=$0.0704
  [ 352/600] lints_27d_vsq1.0_seed42             | ✗ | acc=65.6% | cost=$0.0705
  [ 353/600] lints_27d_vsq1.0_seed42             | ✓ | acc=65.7% | cost=$0.0707
  [ 354/600] lints_27d_vsq1.0_seed42             | ✓ | acc=65.8% | cost=$0.0719
  [ 355/600] lints_27d_vsq1.0_seed42             | ✓ | acc=65.9% | cost=$0.0734
  [ 356/600] lints_27d_vsq1.0_seed42             | ✓ | acc=66.0% | cost=$0.0734
  [ 357/600] lints_27d_vsq1.0_seed42             | ✓ | acc=66.1% | cost=$0.0734
  [ 358/600] lints_27d_vsq1.0_seed42             | ✓ | acc=66.2% | cost=$0.0737
  [ 359/600] lints_27d_vsq1.0_seed42             | ✓ | acc=66.3% | cost=$0.0738
  [ 360/600] lints_27d_vsq1.0_seed42             | ✓ | acc=66.4% | cost=$0.0740
  [ 361/600] lints_27d_vsq1.0_seed42             | ✓ | acc=66.5% | cost=$0.0743
  [ 362/600] lints_27d_vsq1.0_seed42             | ✓ | acc=66.6% | cost=$0.0748
  [ 363/600] lints_27d_vsq1.0_seed42             | ✓ | acc=66.7% | cost=$0.0751
  [ 364/600] lints_27d_vsq1.0_seed42             | ✓ | acc=66.8% | cost=$0.0754
  [ 365/600] lints_27d_vsq1.0_seed42             | ✓ | acc=66.8% | cost=$0.0757
  [ 366/600] lints_27d_vsq1.0_seed42             | ✓ | acc=66.9% | cost=$0.0760
  [ 367/600] lints_27d_vsq1.0_seed42             | ✓ | acc=67.0% | cost=$0.0763
  [ 368/600] lints_27d_vsq1.0_seed42             | ✓ | acc=67.1% | cost=$0.0764
  [ 369/600] lints_27d_vsq1.0_seed42             | ✓ | acc=67.2% | cost=$0.0764
  [ 370/600] lints_27d_vsq1.0_seed42             | ✓ | acc=67.3% | cost=$0.0764
  [ 371/600] lints_27d_vsq1.0_seed42             | ✓ | acc=67.4% | cost=$0.0764
  [ 372/600] lints_27d_vsq1.0_seed42             | ✓ | acc=67.5% | cost=$0.0768
  [ 373/600] lints_27d_vsq1.0_seed42             | ✓ | acc=67.6% | cost=$0.0770
  [ 374/600] lints_27d_vsq1.0_seed42             | ✓ | acc=67.6% | cost=$0.0773
  [ 375/600] lints_27d_vsq1.0_seed42             | ✓ | acc=67.7% | cost=$0.0773
  [ 376/600] lints_27d_vsq1.0_seed42             | ✓ | acc=67.8% | cost=$0.0773
  [ 377/600] lints_27d_vsq1.0_seed42             | ✓ | acc=67.9% | cost=$0.0773
  [ 378/600] lints_27d_vsq1.0_seed42             | ✓ | acc=68.0% | cost=$0.0777
  [ 379/600] lints_27d_vsq1.0_seed42             | ✓ | acc=68.1% | cost=$0.0779
  [ 380/600] lints_27d_vsq1.0_seed42             | ✓ | acc=68.2% | cost=$0.0780
  [ 381/600] lints_27d_vsq1.0_seed42             | ✓ | acc=68.2% | cost=$0.0780
  [ 382/600] lints_27d_vsq1.0_seed42             | ✓ | acc=68.3% | cost=$0.0780
  [ 383/600] lints_27d_vsq1.0_seed42             | ✓ | acc=68.4% | cost=$0.0783
  [ 384/600] lints_27d_vsq1.0_seed42             | ✓ | acc=68.5% | cost=$0.0786
  [ 385/600] lints_27d_vsq1.0_seed42             | ✗ | acc=68.3% | cost=$0.0790
  [ 386/600] lints_27d_vsq1.0_seed42             | ✓ | acc=68.4% | cost=$0.0790
  [ 387/600] lints_27d_vsq1.0_seed42             | ✓ | acc=68.5% | cost=$0.0790
  [ 388/600] lints_27d_vsq1.0_seed42             | ✓ | acc=68.6% | cost=$0.0797
  [ 389/600] lints_27d_vsq1.0_seed42             | ✓ | acc=68.6% | cost=$0.0797
  [ 390/600] lints_27d_vsq1.0_seed42             | ✓ | acc=68.7% | cost=$0.0800
  [ 391/600] lints_27d_vsq1.0_seed42             | ✓ | acc=68.8% | cost=$0.0800
  [ 392/600] lints_27d_vsq1.0_seed42             | ✓ | acc=68.9% | cost=$0.0800
  [ 393/600] lints_27d_vsq1.0_seed42             | ✓ | acc=69.0% | cost=$0.0803
  [ 394/600] lints_27d_vsq1.0_seed42             | ✓ | acc=69.0% | cost=$0.0803
  [ 395/600] lints_27d_vsq1.0_seed42             | ✓ | acc=69.1% | cost=$0.0806
  [ 396/600] lints_27d_vsq1.0_seed42             | ✓ | acc=69.2% | cost=$0.0806
  [ 397/600] lints_27d_vsq1.0_seed42             | ✓ | acc=69.3% | cost=$0.0809
  [ 398/600] lints_27d_vsq1.0_seed42             | ✓ | acc=69.3% | cost=$0.0809
  [ 399/600] lints_27d_vsq1.0_seed42             | ✓ | acc=69.4% | cost=$0.0809
  [ 400/600] lints_27d_vsq1.0_seed42             | ✓ | acc=69.5% | cost=$0.0813
  [ 401/600] lints_27d_vsq1.0_seed42             | ✓ | acc=69.6% | cost=$0.0813
  [ 402/600] lints_27d_vsq1.0_seed42             | ✓ | acc=69.7% | cost=$0.0813
  [ 403/600] lints_27d_vsq1.0_seed42             | ✓ | acc=69.7% | cost=$0.0814
  [ 404/600] lints_27d_vsq1.0_seed42             | ✓ | acc=69.8% | cost=$0.0814
  [ 405/600] lints_27d_vsq1.0_seed42             | ✓ | acc=69.9% | cost=$0.0817
  [ 406/600] lints_27d_vsq1.0_seed42             | ✓ | acc=70.0% | cost=$0.0820
  [ 407/600] lints_27d_vsq1.0_seed42             | ✓ | acc=70.0% | cost=$0.0824
  [ 408/600] lints_27d_vsq1.0_seed42             | ✓ | acc=70.1% | cost=$0.0826
  [ 409/600] lints_27d_vsq1.0_seed42             | ✓ | acc=70.2% | cost=$0.0829
  [ 410/600] lints_27d_vsq1.0_seed42             | ✓ | acc=70.2% | cost=$0.0833
  [ 411/600] lints_27d_vsq1.0_seed42             | ✓ | acc=70.3% | cost=$0.0835
  [ 412/600] lints_27d_vsq1.0_seed42             | ✓ | acc=70.4% | cost=$0.0837
  [ 413/600] lints_27d_vsq1.0_seed42             | ✓ | acc=70.5% | cost=$0.0837
  [ 414/600] lints_27d_vsq1.0_seed42             | ✓ | acc=70.5% | cost=$0.0838
  [ 415/600] lints_27d_vsq1.0_seed42             | ✓ | acc=70.6% | cost=$0.0840
  [ 416/600] lints_27d_vsq1.0_seed42             | ✓ | acc=70.7% | cost=$0.0843
  [ 417/600] lints_27d_vsq1.0_seed42             | ✓ | acc=70.7% | cost=$0.0843
  [ 418/600] lints_27d_vsq1.0_seed42             | ✓ | acc=70.8% | cost=$0.0843
  [ 419/600] lints_27d_vsq1.0_seed42             | ✓ | acc=70.9% | cost=$0.0845
  [ 420/600] lints_27d_vsq1.0_seed42             | ✓ | acc=71.0% | cost=$0.0848
  [ 421/600] lints_27d_vsq1.0_seed42             | ✓ | acc=71.0% | cost=$0.0850
  [ 422/600] lints_27d_vsq1.0_seed42             | ✓ | acc=71.1% | cost=$0.0850
  [ 423/600] lints_27d_vsq1.0_seed42             | ✓ | acc=71.2% | cost=$0.0853
  [ 424/600] lints_27d_vsq1.0_seed42             | ✓ | acc=71.2% | cost=$0.0856
  [ 425/600] lints_27d_vsq1.0_seed42             | ✓ | acc=71.3% | cost=$0.0858
  [ 426/600] lints_27d_vsq1.0_seed42             | ✓ | acc=71.4% | cost=$0.0858
  [ 427/600] lints_27d_vsq1.0_seed42             | ✓ | acc=71.4% | cost=$0.0859
  [ 428/600] lints_27d_vsq1.0_seed42             | ✓ | acc=71.5% | cost=$0.0862
  [ 429/600] lints_27d_vsq1.0_seed42             | ✓ | acc=71.6% | cost=$0.0862
  [ 430/600] lints_27d_vsq1.0_seed42             | ✓ | acc=71.6% | cost=$0.0862
  [ 431/600] lints_27d_vsq1.0_seed42             | ✓ | acc=71.7% | cost=$0.0865
  [ 432/600] lints_27d_vsq1.0_seed42             | ✓ | acc=71.8% | cost=$0.0868
  [ 433/600] lints_27d_vsq1.0_seed42             | ✓ | acc=71.8% | cost=$0.0868
  [ 434/600] lints_27d_vsq1.0_seed42             | ✓ | acc=71.9% | cost=$0.0871
  [ 435/600] lints_27d_vsq1.0_seed42             | ✓ | acc=72.0% | cost=$0.0873
  [ 436/600] lints_27d_vsq1.0_seed42             | ✗ | acc=71.8% | cost=$0.0873
  [ 437/600] lints_27d_vsq1.0_seed42             | ✓ | acc=71.9% | cost=$0.0876
  [ 438/600] lints_27d_vsq1.0_seed42             | ✓ | acc=71.9% | cost=$0.0876
  [ 439/600] lints_27d_vsq1.0_seed42             | ✓ | acc=72.0% | cost=$0.0876
  [ 440/600] lints_27d_vsq1.0_seed42             | ✓ | acc=72.0% | cost=$0.0878
  [ 441/600] lints_27d_vsq1.0_seed42             | ✗ | acc=71.9% | cost=$0.0878
  [ 442/600] lints_27d_vsq1.0_seed42             | ✓ | acc=71.9% | cost=$0.0881
  [ 443/600] lints_27d_vsq1.0_seed42             | ✓ | acc=72.0% | cost=$0.0883
  [ 444/600] lints_27d_vsq1.0_seed42             | ✓ | acc=72.1% | cost=$0.0883
  [ 445/600] lints_27d_vsq1.0_seed42             | ✗ | acc=71.9% | cost=$0.0884
  [ 446/600] lints_27d_vsq1.0_seed42             | ✓ | acc=72.0% | cost=$0.0884
  [ 447/600] lints_27d_vsq1.0_seed42             | ✓ | acc=72.0% | cost=$0.0886
  [ 448/600] lints_27d_vsq1.0_seed42             | ✓ | acc=72.1% | cost=$0.0890
  [ 449/600] lints_27d_vsq1.0_seed42             | ✓ | acc=72.2% | cost=$0.0890
  [ 450/600] lints_27d_vsq1.0_seed42             | ✓ | acc=72.2% | cost=$0.0895
  [ 451/600] lints_27d_vsq1.0_seed42             | ✓ | acc=72.3% | cost=$0.0897
  [ 452/600] lints_27d_vsq1.0_seed42             | ✓ | acc=72.3% | cost=$0.0900
  [ 453/600] lints_27d_vsq1.0_seed42             | ✓ | acc=72.4% | cost=$0.0902
  [ 454/600] lints_27d_vsq1.0_seed42             | ✓ | acc=72.5% | cost=$0.0902
  [ 455/600] lints_27d_vsq1.0_seed42             | ✓ | acc=72.5% | cost=$0.0904
  [ 456/600] lints_27d_vsq1.0_seed42             | ✓ | acc=72.6% | cost=$0.0904
  [ 457/600] lints_27d_vsq1.0_seed42             | ✓ | acc=72.6% | cost=$0.0905
  [ 458/600] lints_27d_vsq1.0_seed42             | ✓ | acc=72.7% | cost=$0.0905
  [ 459/600] lints_27d_vsq1.0_seed42             | ✓ | acc=72.8% | cost=$0.0908
  [ 460/600] lints_27d_vsq1.0_seed42             | ✓ | acc=72.8% | cost=$0.0912
  [ 461/600] lints_27d_vsq1.0_seed42             | ✓ | acc=72.9% | cost=$0.0912
  [ 462/600] lints_27d_vsq1.0_seed42             | ✓ | acc=72.9% | cost=$0.0914
  [ 463/600] lints_27d_vsq1.0_seed42             | ✓ | acc=73.0% | cost=$0.0914
  [ 464/600] lints_27d_vsq1.0_seed42             | ✓ | acc=73.1% | cost=$0.0917
  [ 465/600] lints_27d_vsq1.0_seed42             | ✓ | acc=73.1% | cost=$0.0919
  [ 466/600] lints_27d_vsq1.0_seed42             | ✓ | acc=73.2% | cost=$0.0922
  [ 467/600] lints_27d_vsq1.0_seed42             | ✓ | acc=73.2% | cost=$0.0925
  [ 468/600] lints_27d_vsq1.0_seed42             | ✓ | acc=73.3% | cost=$0.0927
  [ 469/600] lints_27d_vsq1.0_seed42             | ✓ | acc=73.3% | cost=$0.0930
  [ 470/600] lints_27d_vsq1.0_seed42             | ✓ | acc=73.4% | cost=$0.0933
  [ 471/600] lints_27d_vsq1.0_seed42             | ✓ | acc=73.5% | cost=$0.0933
  [ 472/600] lints_27d_vsq1.0_seed42             | ✓ | acc=73.5% | cost=$0.0933
  [ 473/600] lints_27d_vsq1.0_seed42             | ✓ | acc=73.6% | cost=$0.0933
  [ 474/600] lints_27d_vsq1.0_seed42             | ✓ | acc=73.6% | cost=$0.0933
  [ 475/600] lints_27d_vsq1.0_seed42             | ✓ | acc=73.7% | cost=$0.0936
  [ 476/600] lints_27d_vsq1.0_seed42             | ✓ | acc=73.7% | cost=$0.0939
  [ 477/600] lints_27d_vsq1.0_seed42             | ✓ | acc=73.8% | cost=$0.0939
  [ 478/600] lints_27d_vsq1.0_seed42             | ✓ | acc=73.8% | cost=$0.0939
  [ 479/600] lints_27d_vsq1.0_seed42             | ✓ | acc=73.9% | cost=$0.0942
  [ 480/600] lints_27d_vsq1.0_seed42             | ✓ | acc=74.0% | cost=$0.0942
  [ 481/600] lints_27d_vsq1.0_seed42             | ✗ | acc=73.8% | cost=$0.0943
  [ 482/600] lints_27d_vsq1.0_seed42             | ✓ | acc=73.9% | cost=$0.0946
  [ 483/600] lints_27d_vsq1.0_seed42             | ✗ | acc=73.7% | cost=$0.0946
  [ 484/600] lints_27d_vsq1.0_seed42             | ✓ | acc=73.8% | cost=$0.0946
  [ 485/600] lints_27d_vsq1.0_seed42             | ✓ | acc=73.8% | cost=$0.0950
  [ 486/600] lints_27d_vsq1.0_seed42             | ✓ | acc=73.9% | cost=$0.0953
  [ 487/600] lints_27d_vsq1.0_seed42             | ✓ | acc=73.9% | cost=$0.0953
  [ 488/600] lints_27d_vsq1.0_seed42             | ✓ | acc=74.0% | cost=$0.0956
  [ 489/600] lints_27d_vsq1.0_seed42             | ✓ | acc=74.0% | cost=$0.0956
  [ 490/600] lints_27d_vsq1.0_seed42             | ✓ | acc=74.1% | cost=$0.0956
  [ 491/600] lints_27d_vsq1.0_seed42             | ✓ | acc=74.1% | cost=$0.0956
  [ 492/600] lints_27d_vsq1.0_seed42             | ✓ | acc=74.2% | cost=$0.0959
  [ 493/600] lints_27d_vsq1.0_seed42             | ✓ | acc=74.2% | cost=$0.0961
  [ 494/600] lints_27d_vsq1.0_seed42             | ✗ | acc=74.1% | cost=$0.0961
  [ 495/600] lints_27d_vsq1.0_seed42             | ✓ | acc=74.1% | cost=$0.0964
  [ 496/600] lints_27d_vsq1.0_seed42             | ✓ | acc=74.2% | cost=$0.0969
  [ 497/600] lints_27d_vsq1.0_seed42             | ✓ | acc=74.2% | cost=$0.0972
  [ 498/600] lints_27d_vsq1.0_seed42             | ✓ | acc=74.3% | cost=$0.0975
  [ 499/600] lints_27d_vsq1.0_seed42             | ✓ | acc=74.3% | cost=$0.0977
  [ 500/600] lints_27d_vsq1.0_seed42             | ✓ | acc=74.4% | cost=$0.0982
  [ 501/600] lints_27d_vsq1.0_seed42             | ✗ | acc=74.3% | cost=$0.0985
  [ 502/600] lints_27d_vsq1.0_seed42             | ✓ | acc=74.3% | cost=$0.0988
  [ 503/600] lints_27d_vsq1.0_seed42             | ✓ | acc=74.4% | cost=$0.0991
  [ 504/600] lints_27d_vsq1.0_seed42             | ✓ | acc=74.4% | cost=$0.0994
  [ 505/600] lints_27d_vsq1.0_seed42             | ✓ | acc=74.5% | cost=$0.0996
  [ 506/600] lints_27d_vsq1.0_seed42             | ✓ | acc=74.5% | cost=$0.0997
  [ 507/600] lints_27d_vsq1.0_seed42             | ✓ | acc=74.6% | cost=$0.0999
  [ 508/600] lints_27d_vsq1.0_seed42             | ✓ | acc=74.6% | cost=$0.1003
  [ 509/600] lints_27d_vsq1.0_seed42             | ✓ | acc=74.7% | cost=$0.1008
  [ 510/600] lints_27d_vsq1.0_seed42             | ✓ | acc=74.7% | cost=$0.1012
  [ 511/600] lints_27d_vsq1.0_seed42             | ✓ | acc=74.8% | cost=$0.1015
  [ 512/600] lints_27d_vsq1.0_seed42             | ✓ | acc=74.8% | cost=$0.1017
  [ 513/600] lints_27d_vsq1.0_seed42             | ✓ | acc=74.9% | cost=$0.1021
  [ 514/600] lints_27d_vsq1.0_seed42             | ✗ | acc=74.7% | cost=$0.1025
  [ 515/600] lints_27d_vsq1.0_seed42             | ✓ | acc=74.8% | cost=$0.1029
  [ 516/600] lints_27d_vsq1.0_seed42             | ✓ | acc=74.8% | cost=$0.1031
  [ 517/600] lints_27d_vsq1.0_seed42             | ✗ | acc=74.7% | cost=$0.1036
  [ 518/600] lints_27d_vsq1.0_seed42             | ✓ | acc=74.7% | cost=$0.1036
  [ 519/600] lints_27d_vsq1.0_seed42             | ✗ | acc=74.6% | cost=$0.1036
  [ 520/600] lints_27d_vsq1.0_seed42             | ✓ | acc=74.6% | cost=$0.1038
  [ 521/600] lints_27d_vsq1.0_seed42             | ✓ | acc=74.7% | cost=$0.1040
  [ 522/600] lints_27d_vsq1.0_seed42             | ✓ | acc=74.7% | cost=$0.1043
  [ 523/600] lints_27d_vsq1.0_seed42             | ✗ | acc=74.6% | cost=$0.1043
  [ 524/600] lints_27d_vsq1.0_seed42             | ✓ | acc=74.6% | cost=$0.1046
  [ 525/600] lints_27d_vsq1.0_seed42             | ✓ | acc=74.7% | cost=$0.1049
  [ 526/600] lints_27d_vsq1.0_seed42             | ✓ | acc=74.7% | cost=$0.1053
  [ 527/600] lints_27d_vsq1.0_seed42             | ✓ | acc=74.8% | cost=$0.1056
  [ 528/600] lints_27d_vsq1.0_seed42             | ✓ | acc=74.8% | cost=$0.1058
  [ 529/600] lints_27d_vsq1.0_seed42             | ✓ | acc=74.9% | cost=$0.1061
  [ 530/600] lints_27d_vsq1.0_seed42             | ✓ | acc=74.9% | cost=$0.1061
  [ 531/600] lints_27d_vsq1.0_seed42             | ✗ | acc=74.8% | cost=$0.1061
  [ 532/600] lints_27d_vsq1.0_seed42             | ✓ | acc=74.8% | cost=$0.1063
  [ 533/600] lints_27d_vsq1.0_seed42             | ✓ | acc=74.9% | cost=$0.1067
  [ 534/600] lints_27d_vsq1.0_seed42             | ✓ | acc=74.9% | cost=$0.1070
  [ 535/600] lints_27d_vsq1.0_seed42             | ✓ | acc=75.0% | cost=$0.1073
  [ 536/600] lints_27d_vsq1.0_seed42             | ✗ | acc=74.8% | cost=$0.1073
  [ 537/600] lints_27d_vsq1.0_seed42             | ✗ | acc=74.7% | cost=$0.1074
  [ 538/600] lints_27d_vsq1.0_seed42             | ✓ | acc=74.7% | cost=$0.1076
  [ 539/600] lints_27d_vsq1.0_seed42             | ✓ | acc=74.8% | cost=$0.1081
  [ 540/600] lints_27d_vsq1.0_seed42             | ✓ | acc=74.8% | cost=$0.1083
  [ 541/600] lints_27d_vsq1.0_seed42             | ✓ | acc=74.9% | cost=$0.1083
  [ 542/600] lints_27d_vsq1.0_seed42             | ✓ | acc=74.9% | cost=$0.1086
  [ 543/600] lints_27d_vsq1.0_seed42             | ✓ | acc=75.0% | cost=$0.1086
  [ 544/600] lints_27d_vsq1.0_seed42             | ✗ | acc=74.8% | cost=$0.1086
  [ 545/600] lints_27d_vsq1.0_seed42             | ✓ | acc=74.9% | cost=$0.1089
  [ 546/600] lints_27d_vsq1.0_seed42             | ✓ | acc=74.9% | cost=$0.1089
  [ 547/600] lints_27d_vsq1.0_seed42             | ✓ | acc=75.0% | cost=$0.1092
  [ 548/600] lints_27d_vsq1.0_seed42             | ✓ | acc=75.0% | cost=$0.1095
  [ 549/600] lints_27d_vsq1.0_seed42             | ✗ | acc=74.9% | cost=$0.1095
  [ 550/600] lints_27d_vsq1.0_seed42             | ✗ | acc=74.7% | cost=$0.1100
  [ 551/600] lints_27d_vsq1.0_seed42             | ✓ | acc=74.8% | cost=$0.1100
  [ 552/600] lints_27d_vsq1.0_seed42             | ✓ | acc=74.8% | cost=$0.1100
  [ 553/600] lints_27d_vsq1.0_seed42             | ✓ | acc=74.9% | cost=$0.1100
  [ 554/600] lints_27d_vsq1.0_seed42             | ✓ | acc=74.9% | cost=$0.1101
  [ 555/600] lints_27d_vsq1.0_seed42             | ✓ | acc=75.0% | cost=$0.1103
  [ 556/600] lints_27d_vsq1.0_seed42             | ✓ | acc=75.0% | cost=$0.1106
  [ 557/600] lints_27d_vsq1.0_seed42             | ✓ | acc=75.0% | cost=$0.1109
  [ 558/600] lints_27d_vsq1.0_seed42             | ✓ | acc=75.1% | cost=$0.1109
  [ 559/600] lints_27d_vsq1.0_seed42             | ✓ | acc=75.1% | cost=$0.1109
  [ 560/600] lints_27d_vsq1.0_seed42             | ✓ | acc=75.2% | cost=$0.1112
  [ 561/600] lints_27d_vsq1.0_seed42             | ✓ | acc=75.2% | cost=$0.1115
  [ 562/600] lints_27d_vsq1.0_seed42             | ✗ | acc=75.1% | cost=$0.1115
  [ 563/600] lints_27d_vsq1.0_seed42             | ✗ | acc=75.0% | cost=$0.1115
  [ 564/600] lints_27d_vsq1.0_seed42             | ✓ | acc=75.0% | cost=$0.1118
  [ 565/600] lints_27d_vsq1.0_seed42             | ✗ | acc=74.9% | cost=$0.1118
  [ 566/600] lints_27d_vsq1.0_seed42             | ✓ | acc=74.9% | cost=$0.1121
  [ 567/600] lints_27d_vsq1.0_seed42             | ✓ | acc=75.0% | cost=$0.1124
  [ 568/600] lints_27d_vsq1.0_seed42             | ✓ | acc=75.0% | cost=$0.1126
  [ 569/600] lints_27d_vsq1.0_seed42             | ✓ | acc=75.0% | cost=$0.1128
  [ 570/600] lints_27d_vsq1.0_seed42             | ✓ | acc=75.1% | cost=$0.1131
  [ 571/600] lints_27d_vsq1.0_seed42             | ✓ | acc=75.1% | cost=$0.1131
  [ 572/600] lints_27d_vsq1.0_seed42             | ✓ | acc=75.2% | cost=$0.1134
  [ 573/600] lints_27d_vsq1.0_seed42             | ✓ | acc=75.2% | cost=$0.1134
  [ 574/600] lints_27d_vsq1.0_seed42             | ✓ | acc=75.3% | cost=$0.1138
  [ 575/600] lints_27d_vsq1.0_seed42             | ✓ | acc=75.3% | cost=$0.1141
  [ 576/600] lints_27d_vsq1.0_seed42             | ✓ | acc=75.3% | cost=$0.1141
  [ 577/600] lints_27d_vsq1.0_seed42             | ✓ | acc=75.4% | cost=$0.1141
  [ 578/600] lints_27d_vsq1.0_seed42             | ✓ | acc=75.4% | cost=$0.1141
  [ 579/600] lints_27d_vsq1.0_seed42             | ✓ | acc=75.5% | cost=$0.1144
  [ 580/600] lints_27d_vsq1.0_seed42             | ✓ | acc=75.5% | cost=$0.1146
  [ 581/600] lints_27d_vsq1.0_seed42             | ✓ | acc=75.6% | cost=$0.1150
  [ 582/600] lints_27d_vsq1.0_seed42             | ✓ | acc=75.6% | cost=$0.1150
  [ 583/600] lints_27d_vsq1.0_seed42             | ✓ | acc=75.6% | cost=$0.1153
  [ 584/600] lints_27d_vsq1.0_seed42             | ✓ | acc=75.7% | cost=$0.1155
  [ 585/600] lints_27d_vsq1.0_seed42             | ✓ | acc=75.7% | cost=$0.1155
  [ 586/600] lints_27d_vsq1.0_seed42             | ✗ | acc=75.6% | cost=$0.1159
  [ 587/600] lints_27d_vsq1.0_seed42             | ✓ | acc=75.6% | cost=$0.1161
  [ 588/600] lints_27d_vsq1.0_seed42             | ✓ | acc=75.7% | cost=$0.1162
  [ 589/600] lints_27d_vsq1.0_seed42             | ✓ | acc=75.7% | cost=$0.1164
  [ 590/600] lints_27d_vsq1.0_seed42             | ✓ | acc=75.8% | cost=$0.1167
  [ 591/600] lints_27d_vsq1.0_seed42             | ✓ | acc=75.8% | cost=$0.1167
  [ 592/600] lints_27d_vsq1.0_seed42             | ✓ | acc=75.8% | cost=$0.1170
  [ 593/600] lints_27d_vsq1.0_seed42             | ✗ | acc=75.7% | cost=$0.1173
  [ 594/600] lints_27d_vsq1.0_seed42             | ✓ | acc=75.8% | cost=$0.1173
  [ 595/600] lints_27d_vsq1.0_seed42             | ✓ | acc=75.8% | cost=$0.1176
  [ 596/600] lints_27d_vsq1.0_seed42             | ✓ | acc=75.8% | cost=$0.1180
  [ 597/600] lints_27d_vsq1.0_seed42             | ✗ | acc=75.7% | cost=$0.1182
  [ 598/600] lints_27d_vsq1.0_seed42             | ✓ | acc=75.8% | cost=$0.1182
  [ 599/600] lints_27d_vsq1.0_seed42             | ✗ | acc=75.6% | cost=$0.1186
  [ 600/600] lints_27d_vsq1.0_seed42             | ✗ | acc=75.5% | cost=$0.1186
  DONE: n=600, acc=75.5%, cost=$0.1186

=== Ablation: Warm-Start Labels ===

--- LinTS warm-start=0 labels ---

=== lints_warmstart0_seed42 (tag=warmstart0_ablation, 600 queries) ===
  [   1/600] lints_warmstart0_seed42             | ✗ | acc=0.0% | cost=$0.0005
  [   2/600] lints_warmstart0_seed42             | ✗ | acc=0.0% | cost=$0.0007
  [   3/600] lints_warmstart0_seed42             | ✗ | acc=0.0% | cost=$0.0011
  [   4/600] lints_warmstart0_seed42             | ✓ | acc=25.0% | cost=$0.0011
  [   5/600] lints_warmstart0_seed42             | ✓ | acc=40.0% | cost=$0.0011
  [   6/600] lints_warmstart0_seed42             | ✗ | acc=33.3% | cost=$0.0011
  [   7/600] lints_warmstart0_seed42             | ✗ | acc=28.6% | cost=$0.0017
  [   8/600] lints_warmstart0_seed42             | ✗ | acc=25.0% | cost=$0.0017
  [   9/600] lints_warmstart0_seed42             | ✗ | acc=22.2% | cost=$0.0017
  [  10/600] lints_warmstart0_seed42             | ✓ | acc=30.0% | cost=$0.0017
  [  11/600] lints_warmstart0_seed42             | ✗ | acc=27.3% | cost=$0.0018
  [  12/600] lints_warmstart0_seed42             | ✗ | acc=25.0% | cost=$0.0018
  [  13/600] lints_warmstart0_seed42             | ✓ | acc=30.8% | cost=$0.0018
  [  14/600] lints_warmstart0_seed42             | ✗ | acc=28.6% | cost=$0.0020
  [  15/600] lints_warmstart0_seed42             | ✓ | acc=33.3% | cost=$0.0021
  [  16/600] lints_warmstart0_seed42             | ✗ | acc=31.2% | cost=$0.0021
  [  17/600] lints_warmstart0_seed42             | ✗ | acc=29.4% | cost=$0.0021
  [  18/600] lints_warmstart0_seed42             | ✗ | acc=27.8% | cost=$0.0025
  [  19/600] lints_warmstart0_seed42             | ✓ | acc=31.6% | cost=$0.0025
  [  20/600] lints_warmstart0_seed42             | ✓ | acc=35.0% | cost=$0.0025
  [  21/600] lints_warmstart0_seed42             | ✓ | acc=38.1% | cost=$0.0025
  [  22/600] lints_warmstart0_seed42             | ✓ | acc=40.9% | cost=$0.0025
  [  23/600] lints_warmstart0_seed42             | ✗ | acc=39.1% | cost=$0.0026
  [  24/600] lints_warmstart0_seed42             | ✓ | acc=41.7% | cost=$0.0028
  [  25/600] lints_warmstart0_seed42             | ✗ | acc=40.0% | cost=$0.0028
  [  26/600] lints_warmstart0_seed42             | ✓ | acc=42.3% | cost=$0.0028
  [  27/600] lints_warmstart0_seed42             | ✗ | acc=40.7% | cost=$0.0029
  [  28/600] lints_warmstart0_seed42             | ✓ | acc=42.9% | cost=$0.0029
  [  29/600] lints_warmstart0_seed42             | ✓ | acc=44.8% | cost=$0.0029
  [  30/600] lints_warmstart0_seed42             | ✓ | acc=46.7% | cost=$0.0029
  [  31/600] lints_warmstart0_seed42             | ✗ | acc=45.2% | cost=$0.0029
  [  32/600] lints_warmstart0_seed42             | ✗ | acc=43.8% | cost=$0.0029
  [  33/600] lints_warmstart0_seed42             | ✗ | acc=42.4% | cost=$0.0032
  [  34/600] lints_warmstart0_seed42             | ✓ | acc=44.1% | cost=$0.0036
  [  35/600] lints_warmstart0_seed42             | ✗ | acc=42.9% | cost=$0.0036
  [  36/600] lints_warmstart0_seed42             | ✗ | acc=41.7% | cost=$0.0039
  [  37/600] lints_warmstart0_seed42             | ✗ | acc=40.5% | cost=$0.0039
  [  38/600] lints_warmstart0_seed42             | ✓ | acc=42.1% | cost=$0.0042
  [  39/600] lints_warmstart0_seed42             | ✗ | acc=41.0% | cost=$0.0042
  [  40/600] lints_warmstart0_seed42             | ✗ | acc=40.0% | cost=$0.0047
  [  41/600] lints_warmstart0_seed42             | ✗ | acc=39.0% | cost=$0.0047
  [  42/600] lints_warmstart0_seed42             | ✗ | acc=38.1% | cost=$0.0050
  [  43/600] lints_warmstart0_seed42             | ✗ | acc=37.2% | cost=$0.0050
  [  44/600] lints_warmstart0_seed42             | ✗ | acc=36.4% | cost=$0.0055
  [  45/600] lints_warmstart0_seed42             | ✓ | acc=37.8% | cost=$0.0055
  [  46/600] lints_warmstart0_seed42             | ✗ | acc=37.0% | cost=$0.0055
  [  47/600] lints_warmstart0_seed42             | ✗ | acc=36.2% | cost=$0.0059
  [  48/600] lints_warmstart0_seed42             | ✗ | acc=35.4% | cost=$0.0059
  [  49/600] lints_warmstart0_seed42             | ✗ | acc=34.7% | cost=$0.0062
  [  50/600] lints_warmstart0_seed42             | ✗ | acc=34.0% | cost=$0.0062
  [  51/600] lints_warmstart0_seed42             | ✓ | acc=35.3% | cost=$0.0065
  [  52/600] lints_warmstart0_seed42             | ✗ | acc=34.6% | cost=$0.0068
  [  53/600] lints_warmstart0_seed42             | ✓ | acc=35.8% | cost=$0.0068
  [  54/600] lints_warmstart0_seed42             | ✓ | acc=37.0% | cost=$0.0068
  [  55/600] lints_warmstart0_seed42             | ✗ | acc=36.4% | cost=$0.0068
  [  56/600] lints_warmstart0_seed42             | ✗ | acc=35.7% | cost=$0.0069
  [  57/600] lints_warmstart0_seed42             | ✓ | acc=36.8% | cost=$0.0074
  [  58/600] lints_warmstart0_seed42             | ✓ | acc=37.9% | cost=$0.0074
  [  59/600] lints_warmstart0_seed42             | ✗ | acc=37.3% | cost=$0.0074
  [  60/600] lints_warmstart0_seed42             | ✗ | acc=36.7% | cost=$0.0077
  [  61/600] lints_warmstart0_seed42             | ✓ | acc=37.7% | cost=$0.0079
  [  62/600] lints_warmstart0_seed42             | ✗ | acc=37.1% | cost=$0.0082
  [  63/600] lints_warmstart0_seed42             | ✗ | acc=36.5% | cost=$0.0082
  [  64/600] lints_warmstart0_seed42             | ✗ | acc=35.9% | cost=$0.0082
  [  65/600] lints_warmstart0_seed42             | ✗ | acc=35.4% | cost=$0.0082
  [  66/600] lints_warmstart0_seed42             | ✗ | acc=34.8% | cost=$0.0082
  [  67/600] lints_warmstart0_seed42             | ✗ | acc=34.3% | cost=$0.0083
  [  68/600] lints_warmstart0_seed42             | ✗ | acc=33.8% | cost=$0.0083
  [  69/600] lints_warmstart0_seed42             | ✓ | acc=34.8% | cost=$0.0085
  [  70/600] lints_warmstart0_seed42             | ✗ | acc=34.3% | cost=$0.0086
  [  71/600] lints_warmstart0_seed42             | ✗ | acc=33.8% | cost=$0.0086
  [  72/600] lints_warmstart0_seed42             | ✗ | acc=33.3% | cost=$0.0086
  [  73/600] lints_warmstart0_seed42             | ✗ | acc=32.9% | cost=$0.0090
  [  74/600] lints_warmstart0_seed42             | ✗ | acc=32.4% | cost=$0.0090
  [  75/600] lints_warmstart0_seed42             | ✓ | acc=33.3% | cost=$0.0093
  [  76/600] lints_warmstart0_seed42             | ✓ | acc=34.2% | cost=$0.0098
  [  77/600] lints_warmstart0_seed42             | ✗ | acc=33.8% | cost=$0.0098
  [  78/600] lints_warmstart0_seed42             | ✓ | acc=34.6% | cost=$0.0102
  [  79/600] lints_warmstart0_seed42             | ✗ | acc=34.2% | cost=$0.0103
  [  80/600] lints_warmstart0_seed42             | ✓ | acc=35.0% | cost=$0.0105
  [  81/600] lints_warmstart0_seed42             | ✗ | acc=34.6% | cost=$0.0105
  [  82/600] lints_warmstart0_seed42             | ✗ | acc=34.1% | cost=$0.0110
  [  83/600] lints_warmstart0_seed42             | ✗ | acc=33.7% | cost=$0.0112
  [  84/600] lints_warmstart0_seed42             | ✓ | acc=34.5% | cost=$0.0117
  [  85/600] lints_warmstart0_seed42             | ✓ | acc=35.3% | cost=$0.0118
  [  86/600] lints_warmstart0_seed42             | ✓ | acc=36.0% | cost=$0.0120
  [  87/600] lints_warmstart0_seed42             | ✗ | acc=35.6% | cost=$0.0123
  [  88/600] lints_warmstart0_seed42             | ✗ | acc=35.2% | cost=$0.0123
  [  89/600] lints_warmstart0_seed42             | ✗ | acc=34.8% | cost=$0.0126
  [  90/600] lints_warmstart0_seed42             | ✗ | acc=34.4% | cost=$0.0129
  [  91/600] lints_warmstart0_seed42             | ✗ | acc=34.1% | cost=$0.0134
  [  92/600] lints_warmstart0_seed42             | ✓ | acc=34.8% | cost=$0.0134
  [  93/600] lints_warmstart0_seed42             | ✓ | acc=35.5% | cost=$0.0134
  [  94/600] lints_warmstart0_seed42             | ✗ | acc=35.1% | cost=$0.0138
  [  95/600] lints_warmstart0_seed42             | ✗ | acc=34.7% | cost=$0.0138
  [  96/600] lints_warmstart0_seed42             | ✓ | acc=35.4% | cost=$0.0138
  [  97/600] lints_warmstart0_seed42             | ✗ | acc=35.1% | cost=$0.0142
  [  98/600] lints_warmstart0_seed42             | ✓ | acc=35.7% | cost=$0.0143
  [  99/600] lints_warmstart0_seed42             | ✗ | acc=35.4% | cost=$0.0143
  [ 100/600] lints_warmstart0_seed42             | ✓ | acc=36.0% | cost=$0.0146
  [ 101/600] lints_warmstart0_seed42             | ✓ | acc=36.6% | cost=$0.0149
  [ 102/600] lints_warmstart0_seed42             | ✓ | acc=37.3% | cost=$0.0149
  [ 103/600] lints_warmstart0_seed42             | ✓ | acc=37.9% | cost=$0.0152
  [ 104/600] lints_warmstart0_seed42             | ✓ | acc=38.5% | cost=$0.0155
  [ 105/600] lints_warmstart0_seed42             | ✗ | acc=38.1% | cost=$0.0159
  [ 106/600] lints_warmstart0_seed42             | ✗ | acc=37.7% | cost=$0.0163
  [ 107/600] lints_warmstart0_seed42             | ✗ | acc=37.4% | cost=$0.0163
  [ 108/600] lints_warmstart0_seed42             | ✓ | acc=38.0% | cost=$0.0166
  [ 109/600] lints_warmstart0_seed42             | ✗ | acc=37.6% | cost=$0.0169
  [ 110/600] lints_warmstart0_seed42             | ✓ | acc=38.2% | cost=$0.0169
  [ 111/600] lints_warmstart0_seed42             | ✓ | acc=38.7% | cost=$0.0172
  [ 112/600] lints_warmstart0_seed42             | ✗ | acc=38.4% | cost=$0.0174
  [ 113/600] lints_warmstart0_seed42             | ✓ | acc=38.9% | cost=$0.0179
  [ 114/600] lints_warmstart0_seed42             | ✓ | acc=39.5% | cost=$0.0179
  [ 115/600] lints_warmstart0_seed42             | ✗ | acc=39.1% | cost=$0.0179
  [ 116/600] lints_warmstart0_seed42             | ✗ | acc=38.8% | cost=$0.0182
  [ 117/600] lints_warmstart0_seed42             | ✗ | acc=38.5% | cost=$0.0187
  [ 118/600] lints_warmstart0_seed42             | ✓ | acc=39.0% | cost=$0.0187
  [ 119/600] lints_warmstart0_seed42             | ✗ | acc=38.7% | cost=$0.0187
  [ 120/600] lints_warmstart0_seed42             | ✗ | acc=38.3% | cost=$0.0187
  [ 121/600] lints_warmstart0_seed42             | ✓ | acc=38.8% | cost=$0.0187
  [ 122/600] lints_warmstart0_seed42             | ✓ | acc=39.3% | cost=$0.0188
  [ 123/600] lints_warmstart0_seed42             | ✓ | acc=39.8% | cost=$0.0188
  [ 124/600] lints_warmstart0_seed42             | ✓ | acc=40.3% | cost=$0.0190
  [ 125/600] lints_warmstart0_seed42             | ✓ | acc=40.8% | cost=$0.0193
  [ 126/600] lints_warmstart0_seed42             | ✓ | acc=41.3% | cost=$0.0195
  [ 127/600] lints_warmstart0_seed42             | ✓ | acc=41.7% | cost=$0.0196
  [ 128/600] lints_warmstart0_seed42             | ✓ | acc=42.2% | cost=$0.0196
  [ 129/600] lints_warmstart0_seed42             | ✗ | acc=41.9% | cost=$0.0196
  [ 130/600] lints_warmstart0_seed42             | ✓ | acc=42.3% | cost=$0.0199
  [ 131/600] lints_warmstart0_seed42             | ✗ | acc=42.0% | cost=$0.0199
  [ 132/600] lints_warmstart0_seed42             | ✓ | acc=42.4% | cost=$0.0199
  [ 133/600] lints_warmstart0_seed42             | ✗ | acc=42.1% | cost=$0.0199
  [ 134/600] lints_warmstart0_seed42             | ✓ | acc=42.5% | cost=$0.0226
  [ 135/600] lints_warmstart0_seed42             | ✓ | acc=43.0% | cost=$0.0228
  [ 136/600] lints_warmstart0_seed42             | ✓ | acc=43.4% | cost=$0.0230
  [ 137/600] lints_warmstart0_seed42             | ✗ | acc=43.1% | cost=$0.0231
  [ 138/600] lints_warmstart0_seed42             | ✓ | acc=43.5% | cost=$0.0233
  [ 139/600] lints_warmstart0_seed42             | ✓ | acc=43.9% | cost=$0.0236
  [ 140/600] lints_warmstart0_seed42             | ✗ | acc=43.6% | cost=$0.0240
  [ 141/600] lints_warmstart0_seed42             | ✗ | acc=43.3% | cost=$0.0240
  [ 142/600] lints_warmstart0_seed42             | ✓ | acc=43.7% | cost=$0.0243
  [ 143/600] lints_warmstart0_seed42             | ✓ | acc=44.1% | cost=$0.0246
  [ 144/600] lints_warmstart0_seed42             | ✓ | acc=44.4% | cost=$0.0249
  [ 145/600] lints_warmstart0_seed42             | ✓ | acc=44.8% | cost=$0.0251
  [ 146/600] lints_warmstart0_seed42             | ✓ | acc=45.2% | cost=$0.0254
  [ 147/600] lints_warmstart0_seed42             | ✗ | acc=44.9% | cost=$0.0254
  [ 148/600] lints_warmstart0_seed42             | ✓ | acc=45.3% | cost=$0.0257
  [ 149/600] lints_warmstart0_seed42             | ✓ | acc=45.6% | cost=$0.0259
  [ 150/600] lints_warmstart0_seed42             | ✗ | acc=45.3% | cost=$0.0262
  [ 151/600] lints_warmstart0_seed42             | ✓ | acc=45.7% | cost=$0.0262
  [ 152/600] lints_warmstart0_seed42             | ✓ | acc=46.1% | cost=$0.0264
  [ 153/600] lints_warmstart0_seed42             | ✓ | acc=46.4% | cost=$0.0267
  [ 154/600] lints_warmstart0_seed42             | ✓ | acc=46.8% | cost=$0.0270
  [ 155/600] lints_warmstart0_seed42             | ✗ | acc=46.5% | cost=$0.0273
  [ 156/600] lints_warmstart0_seed42             | ✓ | acc=46.8% | cost=$0.0277
  [ 157/600] lints_warmstart0_seed42             | ✗ | acc=46.5% | cost=$0.0280
  [ 158/600] lints_warmstart0_seed42             | ✓ | acc=46.8% | cost=$0.0283
  [ 159/600] lints_warmstart0_seed42             | ✗ | acc=46.5% | cost=$0.0286
  [ 160/600] lints_warmstart0_seed42             | ✓ | acc=46.9% | cost=$0.0291
  [ 161/600] lints_warmstart0_seed42             | ✓ | acc=47.2% | cost=$0.0291
  [ 162/600] lints_warmstart0_seed42             | ✓ | acc=47.5% | cost=$0.0292
  [ 163/600] lints_warmstart0_seed42             | ✗ | acc=47.2% | cost=$0.0292
  [ 164/600] lints_warmstart0_seed42             | ✓ | acc=47.6% | cost=$0.0297
  [ 165/600] lints_warmstart0_seed42             | ✓ | acc=47.9% | cost=$0.0298
  [ 166/600] lints_warmstart0_seed42             | ✓ | acc=48.2% | cost=$0.0301
  [ 167/600] lints_warmstart0_seed42             | ✓ | acc=48.5% | cost=$0.0302
  [ 168/600] lints_warmstart0_seed42             | ✓ | acc=48.8% | cost=$0.0304
  [ 169/600] lints_warmstart0_seed42             | ✓ | acc=49.1% | cost=$0.0308
  [ 170/600] lints_warmstart0_seed42             | ✓ | acc=49.4% | cost=$0.0309
  [ 171/600] lints_warmstart0_seed42             | ✓ | acc=49.7% | cost=$0.0311
  [ 172/600] lints_warmstart0_seed42             | ✗ | acc=49.4% | cost=$0.0316
  [ 173/600] lints_warmstart0_seed42             | ✓ | acc=49.7% | cost=$0.0319
  [ 174/600] lints_warmstart0_seed42             | ✓ | acc=50.0% | cost=$0.0319
  [ 175/600] lints_warmstart0_seed42             | ✗ | acc=49.7% | cost=$0.0321
  [ 176/600] lints_warmstart0_seed42             | ✓ | acc=50.0% | cost=$0.0321
  [ 177/600] lints_warmstart0_seed42             | ✓ | acc=50.3% | cost=$0.0322
  [ 178/600] lints_warmstart0_seed42             | ✓ | acc=50.6% | cost=$0.0324
  [ 179/600] lints_warmstart0_seed42             | ✓ | acc=50.8% | cost=$0.0327
  [ 180/600] lints_warmstart0_seed42             | ✓ | acc=51.1% | cost=$0.0327
  [ 181/600] lints_warmstart0_seed42             | ✓ | acc=51.4% | cost=$0.0329
  [ 182/600] lints_warmstart0_seed42             | ✓ | acc=51.6% | cost=$0.0333
  [ 183/600] lints_warmstart0_seed42             | ✓ | acc=51.9% | cost=$0.0333
  [ 184/600] lints_warmstart0_seed42             | ✗ | acc=51.6% | cost=$0.0333
  [ 185/600] lints_warmstart0_seed42             | ✓ | acc=51.9% | cost=$0.0333
  [ 186/600] lints_warmstart0_seed42             | ✓ | acc=52.2% | cost=$0.0334
  [ 187/600] lints_warmstart0_seed42             | ✓ | acc=52.4% | cost=$0.0337
  [ 188/600] lints_warmstart0_seed42             | ✓ | acc=52.7% | cost=$0.0337
  [ 189/600] lints_warmstart0_seed42             | ✓ | acc=52.9% | cost=$0.0338
  [ 190/600] lints_warmstart0_seed42             | ✓ | acc=53.2% | cost=$0.0338
  [ 191/600] lints_warmstart0_seed42             | ✓ | acc=53.4% | cost=$0.0338
  [ 192/600] lints_warmstart0_seed42             | ✓ | acc=53.6% | cost=$0.0338
  [ 193/600] lints_warmstart0_seed42             | ✗ | acc=53.4% | cost=$0.0338
  [ 194/600] lints_warmstart0_seed42             | ✓ | acc=53.6% | cost=$0.0339
  [ 195/600] lints_warmstart0_seed42             | ✗ | acc=53.3% | cost=$0.0341
  [ 196/600] lints_warmstart0_seed42             | ✓ | acc=53.6% | cost=$0.0342
  [ 197/600] lints_warmstart0_seed42             | ✓ | acc=53.8% | cost=$0.0342
  [ 198/600] lints_warmstart0_seed42             | ✓ | acc=54.0% | cost=$0.0342
  [ 199/600] lints_warmstart0_seed42             | ✗ | acc=53.8% | cost=$0.0344
  [ 200/600] lints_warmstart0_seed42             | ✓ | acc=54.0% | cost=$0.0344
  [ 201/600] lints_warmstart0_seed42             | ✓ | acc=54.2% | cost=$0.0345
  [ 202/600] lints_warmstart0_seed42             | ✓ | acc=54.5% | cost=$0.0347
  [ 203/600] lints_warmstart0_seed42             | ✓ | acc=54.7% | cost=$0.0351
  [ 204/600] lints_warmstart0_seed42             | ✓ | acc=54.9% | cost=$0.0351
  [ 205/600] lints_warmstart0_seed42             | ✓ | acc=55.1% | cost=$0.0353
  [ 206/600] lints_warmstart0_seed42             | ✓ | acc=55.3% | cost=$0.0356
  [ 207/600] lints_warmstart0_seed42             | ✓ | acc=55.6% | cost=$0.0356
  [ 208/600] lints_warmstart0_seed42             | ✓ | acc=55.8% | cost=$0.0356
  [ 209/600] lints_warmstart0_seed42             | ✓ | acc=56.0% | cost=$0.0356
  [ 210/600] lints_warmstart0_seed42             | ✓ | acc=56.2% | cost=$0.0357
  [ 211/600] lints_warmstart0_seed42             | ✗ | acc=55.9% | cost=$0.0357
  [ 212/600] lints_warmstart0_seed42             | ✗ | acc=55.7% | cost=$0.0357
  [ 213/600] lints_warmstart0_seed42             | ✓ | acc=55.9% | cost=$0.0360
  [ 214/600] lints_warmstart0_seed42             | ✗ | acc=55.6% | cost=$0.0362
  [ 215/600] lints_warmstart0_seed42             | ✓ | acc=55.8% | cost=$0.0365
  [ 216/600] lints_warmstart0_seed42             | ✓ | acc=56.0% | cost=$0.0368
  [ 217/600] lints_warmstart0_seed42             | ✓ | acc=56.2% | cost=$0.0371
  [ 218/600] lints_warmstart0_seed42             | ✓ | acc=56.4% | cost=$0.0373
  [ 219/600] lints_warmstart0_seed42             | ✓ | acc=56.6% | cost=$0.0373
  [ 220/600] lints_warmstart0_seed42             | ✓ | acc=56.8% | cost=$0.0376
  [ 221/600] lints_warmstart0_seed42             | ✗ | acc=56.6% | cost=$0.0376
  [ 222/600] lints_warmstart0_seed42             | ✓ | acc=56.8% | cost=$0.0379
  [ 223/600] lints_warmstart0_seed42             | ✗ | acc=56.5% | cost=$0.0379
  [ 224/600] lints_warmstart0_seed42             | ✓ | acc=56.7% | cost=$0.0381
  [ 225/600] lints_warmstart0_seed42             | ✓ | acc=56.9% | cost=$0.0382
  [ 226/600] lints_warmstart0_seed42             | ✓ | acc=57.1% | cost=$0.0382
  [ 227/600] lints_warmstart0_seed42             | ✗ | acc=56.8% | cost=$0.0384
  [ 228/600] lints_warmstart0_seed42             | ✓ | acc=57.0% | cost=$0.0386
  [ 229/600] lints_warmstart0_seed42             | ✓ | acc=57.2% | cost=$0.0388
  [ 230/600] lints_warmstart0_seed42             | ✓ | acc=57.4% | cost=$0.0388
  [ 231/600] lints_warmstart0_seed42             | ✓ | acc=57.6% | cost=$0.0392
  [ 232/600] lints_warmstart0_seed42             | ✓ | acc=57.8% | cost=$0.0396
  [ 233/600] lints_warmstart0_seed42             | ✓ | acc=57.9% | cost=$0.0396
  [ 234/600] lints_warmstart0_seed42             | ✓ | acc=58.1% | cost=$0.0396
  [ 235/600] lints_warmstart0_seed42             | ✓ | acc=58.3% | cost=$0.0399
  [ 236/600] lints_warmstart0_seed42             | ✗ | acc=58.1% | cost=$0.0399
  [ 237/600] lints_warmstart0_seed42             | ✓ | acc=58.2% | cost=$0.0399
  [ 238/600] lints_warmstart0_seed42             | ✓ | acc=58.4% | cost=$0.0399
  [ 239/600] lints_warmstart0_seed42             | ✓ | acc=58.6% | cost=$0.0400
  [ 240/600] lints_warmstart0_seed42             | ✓ | acc=58.8% | cost=$0.0402
  [ 241/600] lints_warmstart0_seed42             | ✓ | acc=58.9% | cost=$0.0404
  [ 242/600] lints_warmstart0_seed42             | ✓ | acc=59.1% | cost=$0.0405
  [ 243/600] lints_warmstart0_seed42             | ✓ | acc=59.3% | cost=$0.0405
  [ 244/600] lints_warmstart0_seed42             | ✗ | acc=59.0% | cost=$0.0406
  [ 245/600] lints_warmstart0_seed42             | ✓ | acc=59.2% | cost=$0.0417
  [ 246/600] lints_warmstart0_seed42             | ✓ | acc=59.3% | cost=$0.0419
  [ 247/600] lints_warmstart0_seed42             | ✓ | acc=59.5% | cost=$0.0433
  [ 248/600] lints_warmstart0_seed42             | ✓ | acc=59.7% | cost=$0.0434
  [ 249/600] lints_warmstart0_seed42             | ✓ | acc=59.8% | cost=$0.0436
  [ 250/600] lints_warmstart0_seed42             | ✓ | acc=60.0% | cost=$0.0441
  [ 251/600] lints_warmstart0_seed42             | ✗ | acc=59.8% | cost=$0.0444
  [ 252/600] lints_warmstart0_seed42             | ✓ | acc=59.9% | cost=$0.0453
  [ 253/600] lints_warmstart0_seed42             | ✓ | acc=60.1% | cost=$0.0460
  [ 254/600] lints_warmstart0_seed42             | ✓ | acc=60.2% | cost=$0.0463
  [ 255/600] lints_warmstart0_seed42             | ✓ | acc=60.4% | cost=$0.0466
  [ 256/600] lints_warmstart0_seed42             | ✓ | acc=60.5% | cost=$0.0466
  [ 257/600] lints_warmstart0_seed42             | ✓ | acc=60.7% | cost=$0.0467
  [ 258/600] lints_warmstart0_seed42             | ✓ | acc=60.9% | cost=$0.0469
  [ 259/600] lints_warmstart0_seed42             | ✗ | acc=60.6% | cost=$0.0469
  [ 260/600] lints_warmstart0_seed42             | ✓ | acc=60.8% | cost=$0.0470
  [ 261/600] lints_warmstart0_seed42             | ✓ | acc=60.9% | cost=$0.0478
  [ 262/600] lints_warmstart0_seed42             | ✓ | acc=61.1% | cost=$0.0478
  [ 263/600] lints_warmstart0_seed42             | ✗ | acc=60.8% | cost=$0.0478
  [ 264/600] lints_warmstart0_seed42             | ✓ | acc=61.0% | cost=$0.0479
  [ 265/600] lints_warmstart0_seed42             | ✓ | acc=61.1% | cost=$0.0487
  [ 266/600] lints_warmstart0_seed42             | ✓ | acc=61.3% | cost=$0.0487
  [ 267/600] lints_warmstart0_seed42             | ✗ | acc=61.0% | cost=$0.0488
  [ 268/600] lints_warmstart0_seed42             | ✓ | acc=61.2% | cost=$0.0493
  [ 269/600] lints_warmstart0_seed42             | ✓ | acc=61.3% | cost=$0.0498
  [ 270/600] lints_warmstart0_seed42             | ✓ | acc=61.5% | cost=$0.0498
  [ 271/600] lints_warmstart0_seed42             | ✓ | acc=61.6% | cost=$0.0507
  [ 272/600] lints_warmstart0_seed42             | ✓ | acc=61.8% | cost=$0.0507
  [ 273/600] lints_warmstart0_seed42             | ✓ | acc=61.9% | cost=$0.0510
  [ 274/600] lints_warmstart0_seed42             | ✓ | acc=62.0% | cost=$0.0514
  [ 275/600] lints_warmstart0_seed42             | ✓ | acc=62.2% | cost=$0.0521
  [ 276/600] lints_warmstart0_seed42             | ✓ | acc=62.3% | cost=$0.0532
  [ 277/600] lints_warmstart0_seed42             | ✓ | acc=62.5% | cost=$0.0532
  [ 278/600] lints_warmstart0_seed42             | ✓ | acc=62.6% | cost=$0.0532
  [ 279/600] lints_warmstart0_seed42             | ✓ | acc=62.7% | cost=$0.0532
  [ 280/600] lints_warmstart0_seed42             | ✓ | acc=62.9% | cost=$0.0532
  [ 281/600] lints_warmstart0_seed42             | ✓ | acc=63.0% | cost=$0.0532
  [ 282/600] lints_warmstart0_seed42             | ✓ | acc=63.1% | cost=$0.0535
  [ 283/600] lints_warmstart0_seed42             | ✓ | acc=63.3% | cost=$0.0535
  [ 284/600] lints_warmstart0_seed42             | ✓ | acc=63.4% | cost=$0.0535
  [ 285/600] lints_warmstart0_seed42             | ✓ | acc=63.5% | cost=$0.0544
  [ 286/600] lints_warmstart0_seed42             | ✓ | acc=63.6% | cost=$0.0545
  [ 287/600] lints_warmstart0_seed42             | ✓ | acc=63.8% | cost=$0.0557
  [ 288/600] lints_warmstart0_seed42             | ✓ | acc=63.9% | cost=$0.0558
  [ 289/600] lints_warmstart0_seed42             | ✓ | acc=64.0% | cost=$0.0560
  [ 290/600] lints_warmstart0_seed42             | ✗ | acc=63.8% | cost=$0.0561
  [ 291/600] lints_warmstart0_seed42             | ✓ | acc=63.9% | cost=$0.0563
  [ 292/600] lints_warmstart0_seed42             | ✓ | acc=64.0% | cost=$0.0564
  [ 293/600] lints_warmstart0_seed42             | ✓ | acc=64.2% | cost=$0.0564
  [ 294/600] lints_warmstart0_seed42             | ✓ | acc=64.3% | cost=$0.0565
  [ 295/600] lints_warmstart0_seed42             | ✓ | acc=64.4% | cost=$0.0565
  [ 296/600] lints_warmstart0_seed42             | ✓ | acc=64.5% | cost=$0.0565
  [ 297/600] lints_warmstart0_seed42             | ✓ | acc=64.6% | cost=$0.0568
  [ 298/600] lints_warmstart0_seed42             | ✓ | acc=64.8% | cost=$0.0570
  [ 299/600] lints_warmstart0_seed42             | ✗ | acc=64.5% | cost=$0.0571
  [ 300/600] lints_warmstart0_seed42             | ✓ | acc=64.7% | cost=$0.0573
  [ 301/600] lints_warmstart0_seed42             | ✓ | acc=64.8% | cost=$0.0574
  [ 302/600] lints_warmstart0_seed42             | ✓ | acc=64.9% | cost=$0.0574
  [ 303/600] lints_warmstart0_seed42             | ✓ | acc=65.0% | cost=$0.0577
  [ 304/600] lints_warmstart0_seed42             | ✓ | acc=65.1% | cost=$0.0586
  [ 305/600] lints_warmstart0_seed42             | ✓ | acc=65.2% | cost=$0.0595
  [ 306/600] lints_warmstart0_seed42             | ✓ | acc=65.4% | cost=$0.0602
  [ 307/600] lints_warmstart0_seed42             | ✗ | acc=65.1% | cost=$0.0602
  [ 308/600] lints_warmstart0_seed42             | ✓ | acc=65.3% | cost=$0.0603
  [ 309/600] lints_warmstart0_seed42             | ✓ | acc=65.4% | cost=$0.0605
  [ 310/600] lints_warmstart0_seed42             | ✗ | acc=65.2% | cost=$0.0612
  [ 311/600] lints_warmstart0_seed42             | ✓ | acc=65.3% | cost=$0.0618
  [ 312/600] lints_warmstart0_seed42             | ✓ | acc=65.4% | cost=$0.0619
  [ 313/600] lints_warmstart0_seed42             | ✓ | acc=65.5% | cost=$0.0621
  [ 314/600] lints_warmstart0_seed42             | ✓ | acc=65.6% | cost=$0.0629
  [ 315/600] lints_warmstart0_seed42             | ✗ | acc=65.4% | cost=$0.0632
  [ 316/600] lints_warmstart0_seed42             | ✗ | acc=65.2% | cost=$0.0632
  [ 317/600] lints_warmstart0_seed42             | ✓ | acc=65.3% | cost=$0.0632
  [ 318/600] lints_warmstart0_seed42             | ✓ | acc=65.4% | cost=$0.0635
  [ 319/600] lints_warmstart0_seed42             | ✓ | acc=65.5% | cost=$0.0635
  [ 320/600] lints_warmstart0_seed42             | ✓ | acc=65.6% | cost=$0.0636
  [ 321/600] lints_warmstart0_seed42             | ✓ | acc=65.7% | cost=$0.0638
  [ 322/600] lints_warmstart0_seed42             | ✓ | acc=65.8% | cost=$0.0638
  [ 323/600] lints_warmstart0_seed42             | ✓ | acc=65.9% | cost=$0.0639
  [ 324/600] lints_warmstart0_seed42             | ✗ | acc=65.7% | cost=$0.0639
  [ 325/600] lints_warmstart0_seed42             | ✓ | acc=65.8% | cost=$0.0649
  [ 326/600] lints_warmstart0_seed42             | ✓ | acc=66.0% | cost=$0.0650
  [ 327/600] lints_warmstart0_seed42             | ✓ | acc=66.1% | cost=$0.0660
  [ 328/600] lints_warmstart0_seed42             | ✗ | acc=65.9% | cost=$0.0660
  [ 329/600] lints_warmstart0_seed42             | ✓ | acc=66.0% | cost=$0.0660
  [ 330/600] lints_warmstart0_seed42             | ✓ | acc=66.1% | cost=$0.0663
  [ 331/600] lints_warmstart0_seed42             | ✓ | acc=66.2% | cost=$0.0673
  [ 332/600] lints_warmstart0_seed42             | ✓ | acc=66.3% | cost=$0.0677
  [ 333/600] lints_warmstart0_seed42             | ✓ | acc=66.4% | cost=$0.0677
  [ 334/600] lints_warmstart0_seed42             | ✓ | acc=66.5% | cost=$0.0677
  [ 335/600] lints_warmstart0_seed42             | ✓ | acc=66.6% | cost=$0.0680
  [ 336/600] lints_warmstart0_seed42             | ✓ | acc=66.7% | cost=$0.0683
  [ 337/600] lints_warmstart0_seed42             | ✓ | acc=66.8% | cost=$0.0683
  [ 338/600] lints_warmstart0_seed42             | ✓ | acc=66.9% | cost=$0.0684
  [ 339/600] lints_warmstart0_seed42             | ✓ | acc=67.0% | cost=$0.0684
  [ 340/600] lints_warmstart0_seed42             | ✓ | acc=67.1% | cost=$0.0684
  [ 341/600] lints_warmstart0_seed42             | ✓ | acc=67.2% | cost=$0.0685
  [ 342/600] lints_warmstart0_seed42             | ✓ | acc=67.3% | cost=$0.0689
  [ 343/600] lints_warmstart0_seed42             | ✓ | acc=67.3% | cost=$0.0692
  [ 344/600] lints_warmstart0_seed42             | ✓ | acc=67.4% | cost=$0.0693
  [ 345/600] lints_warmstart0_seed42             | ✓ | acc=67.5% | cost=$0.0693
  [ 346/600] lints_warmstart0_seed42             | ✓ | acc=67.6% | cost=$0.0693
  [ 347/600] lints_warmstart0_seed42             | ✓ | acc=67.7% | cost=$0.0694
  [ 348/600] lints_warmstart0_seed42             | ✓ | acc=67.8% | cost=$0.0694
  [ 349/600] lints_warmstart0_seed42             | ✗ | acc=67.6% | cost=$0.0694
  [ 350/600] lints_warmstart0_seed42             | ✓ | acc=67.7% | cost=$0.0694
  [ 351/600] lints_warmstart0_seed42             | ✗ | acc=67.5% | cost=$0.0701
  [ 352/600] lints_warmstart0_seed42             | ✗ | acc=67.3% | cost=$0.0701
  [ 353/600] lints_warmstart0_seed42             | ✓ | acc=67.4% | cost=$0.0703
  [ 354/600] lints_warmstart0_seed42             | ✓ | acc=67.5% | cost=$0.0716
  [ 355/600] lints_warmstart0_seed42             | ✓ | acc=67.6% | cost=$0.0730
  [ 356/600] lints_warmstart0_seed42             | ✓ | acc=67.7% | cost=$0.0740
  [ 357/600] lints_warmstart0_seed42             | ✓ | acc=67.8% | cost=$0.0741
  [ 358/600] lints_warmstart0_seed42             | ✓ | acc=67.9% | cost=$0.0744
  [ 359/600] lints_warmstart0_seed42             | ✓ | acc=68.0% | cost=$0.0744
  [ 360/600] lints_warmstart0_seed42             | ✓ | acc=68.1% | cost=$0.0744
  [ 361/600] lints_warmstart0_seed42             | ✓ | acc=68.1% | cost=$0.0747
  [ 362/600] lints_warmstart0_seed42             | ✓ | acc=68.2% | cost=$0.0747
  [ 363/600] lints_warmstart0_seed42             | ✓ | acc=68.3% | cost=$0.0750
  [ 364/600] lints_warmstart0_seed42             | ✓ | acc=68.4% | cost=$0.0753
  [ 365/600] lints_warmstart0_seed42             | ✓ | acc=68.5% | cost=$0.0757
  [ 366/600] lints_warmstart0_seed42             | ✓ | acc=68.6% | cost=$0.0759
  [ 367/600] lints_warmstart0_seed42             | ✓ | acc=68.7% | cost=$0.0763
  [ 368/600] lints_warmstart0_seed42             | ✓ | acc=68.8% | cost=$0.0763
  [ 369/600] lints_warmstart0_seed42             | ✓ | acc=68.8% | cost=$0.0763
  [ 370/600] lints_warmstart0_seed42             | ✓ | acc=68.9% | cost=$0.0763
  [ 371/600] lints_warmstart0_seed42             | ✓ | acc=69.0% | cost=$0.0763
  [ 372/600] lints_warmstart0_seed42             | ✓ | acc=69.1% | cost=$0.0767
  [ 373/600] lints_warmstart0_seed42             | ✓ | acc=69.2% | cost=$0.0769
  [ 374/600] lints_warmstart0_seed42             | ✓ | acc=69.3% | cost=$0.0772
  [ 375/600] lints_warmstart0_seed42             | ✓ | acc=69.3% | cost=$0.0775
  [ 376/600] lints_warmstart0_seed42             | ✓ | acc=69.4% | cost=$0.0775
  [ 377/600] lints_warmstart0_seed42             | ✓ | acc=69.5% | cost=$0.0779
  [ 378/600] lints_warmstart0_seed42             | ✓ | acc=69.6% | cost=$0.0782
  [ 379/600] lints_warmstart0_seed42             | ✗ | acc=69.4% | cost=$0.0785
  [ 380/600] lints_warmstart0_seed42             | ✓ | acc=69.5% | cost=$0.0785
  [ 381/600] lints_warmstart0_seed42             | ✓ | acc=69.6% | cost=$0.0785
  [ 382/600] lints_warmstart0_seed42             | ✓ | acc=69.6% | cost=$0.0785
  [ 383/600] lints_warmstart0_seed42             | ✓ | acc=69.7% | cost=$0.0789
  [ 384/600] lints_warmstart0_seed42             | ✓ | acc=69.8% | cost=$0.0791
  [ 385/600] lints_warmstart0_seed42             | ✗ | acc=69.6% | cost=$0.0795
  [ 386/600] lints_warmstart0_seed42             | ✓ | acc=69.7% | cost=$0.0795
  [ 387/600] lints_warmstart0_seed42             | ✓ | acc=69.8% | cost=$0.0795
  [ 388/600] lints_warmstart0_seed42             | ✓ | acc=69.8% | cost=$0.0803
  [ 389/600] lints_warmstart0_seed42             | ✓ | acc=69.9% | cost=$0.0803
  [ 390/600] lints_warmstart0_seed42             | ✓ | acc=70.0% | cost=$0.0803
  [ 391/600] lints_warmstart0_seed42             | ✓ | acc=70.1% | cost=$0.0803
  [ 392/600] lints_warmstart0_seed42             | ✓ | acc=70.2% | cost=$0.0803
  [ 393/600] lints_warmstart0_seed42             | ✓ | acc=70.2% | cost=$0.0805
  [ 394/600] lints_warmstart0_seed42             | ✓ | acc=70.3% | cost=$0.0806
  [ 395/600] lints_warmstart0_seed42             | ✓ | acc=70.4% | cost=$0.0808
  [ 396/600] lints_warmstart0_seed42             | ✓ | acc=70.5% | cost=$0.0808
  [ 397/600] lints_warmstart0_seed42             | ✓ | acc=70.5% | cost=$0.0812
  [ 398/600] lints_warmstart0_seed42             | ✓ | acc=70.6% | cost=$0.0812
  [ 399/600] lints_warmstart0_seed42             | ✓ | acc=70.7% | cost=$0.0814
  [ 400/600] lints_warmstart0_seed42             | ✓ | acc=70.8% | cost=$0.0818
  [ 401/600] lints_warmstart0_seed42             | ✓ | acc=70.8% | cost=$0.0818
  [ 402/600] lints_warmstart0_seed42             | ✓ | acc=70.9% | cost=$0.0822
  [ 403/600] lints_warmstart0_seed42             | ✓ | acc=71.0% | cost=$0.0822
  [ 404/600] lints_warmstart0_seed42             | ✓ | acc=71.0% | cost=$0.0822
  [ 405/600] lints_warmstart0_seed42             | ✗ | acc=70.9% | cost=$0.0822
  [ 406/600] lints_warmstart0_seed42             | ✓ | acc=70.9% | cost=$0.0825
  [ 407/600] lints_warmstart0_seed42             | ✓ | acc=71.0% | cost=$0.0829
  [ 408/600] lints_warmstart0_seed42             | ✓ | acc=71.1% | cost=$0.0831
  [ 409/600] lints_warmstart0_seed42             | ✓ | acc=71.1% | cost=$0.0832
  [ 410/600] lints_warmstart0_seed42             | ✓ | acc=71.2% | cost=$0.0832
  [ 411/600] lints_warmstart0_seed42             | ✓ | acc=71.3% | cost=$0.0834
  [ 412/600] lints_warmstart0_seed42             | ✓ | acc=71.4% | cost=$0.0837
  [ 413/600] lints_warmstart0_seed42             | ✓ | acc=71.4% | cost=$0.0837
  [ 414/600] lints_warmstart0_seed42             | ✓ | acc=71.5% | cost=$0.0837
  [ 415/600] lints_warmstart0_seed42             | ✓ | acc=71.6% | cost=$0.0839
  [ 416/600] lints_warmstart0_seed42             | ✓ | acc=71.6% | cost=$0.0842
  [ 417/600] lints_warmstart0_seed42             | ✓ | acc=71.7% | cost=$0.0842
  [ 418/600] lints_warmstart0_seed42             | ✓ | acc=71.8% | cost=$0.0844
  [ 419/600] lints_warmstart0_seed42             | ✓ | acc=71.8% | cost=$0.0847
  [ 420/600] lints_warmstart0_seed42             | ✓ | acc=71.9% | cost=$0.0847
  [ 421/600] lints_warmstart0_seed42             | ✓ | acc=72.0% | cost=$0.0849
  [ 422/600] lints_warmstart0_seed42             | ✓ | acc=72.0% | cost=$0.0849
  [ 423/600] lints_warmstart0_seed42             | ✓ | acc=72.1% | cost=$0.0853
  [ 424/600] lints_warmstart0_seed42             | ✓ | acc=72.2% | cost=$0.0855
  [ 425/600] lints_warmstart0_seed42             | ✓ | acc=72.2% | cost=$0.0855
  [ 426/600] lints_warmstart0_seed42             | ✓ | acc=72.3% | cost=$0.0858
  [ 427/600] lints_warmstart0_seed42             | ✓ | acc=72.4% | cost=$0.0858
  [ 428/600] lints_warmstart0_seed42             | ✓ | acc=72.4% | cost=$0.0861
  [ 429/600] lints_warmstart0_seed42             | ✓ | acc=72.5% | cost=$0.0864
  [ 430/600] lints_warmstart0_seed42             | ✓ | acc=72.6% | cost=$0.0867
  [ 431/600] lints_warmstart0_seed42             | ✓ | acc=72.6% | cost=$0.0870
  [ 432/600] lints_warmstart0_seed42             | ✓ | acc=72.7% | cost=$0.0870
  [ 433/600] lints_warmstart0_seed42             | ✓ | acc=72.7% | cost=$0.0873
  [ 434/600] lints_warmstart0_seed42             | ✓ | acc=72.8% | cost=$0.0876
  [ 435/600] lints_warmstart0_seed42             | ✓ | acc=72.9% | cost=$0.0878
  [ 436/600] lints_warmstart0_seed42             | ✗ | acc=72.7% | cost=$0.0878
  [ 437/600] lints_warmstart0_seed42             | ✓ | acc=72.8% | cost=$0.0881
  [ 438/600] lints_warmstart0_seed42             | ✓ | acc=72.8% | cost=$0.0883
  [ 439/600] lints_warmstart0_seed42             | ✓ | acc=72.9% | cost=$0.0886
  [ 440/600] lints_warmstart0_seed42             | ✓ | acc=73.0% | cost=$0.0888
  [ 441/600] lints_warmstart0_seed42             | ✗ | acc=72.8% | cost=$0.0888
  [ 442/600] lints_warmstart0_seed42             | ✓ | acc=72.9% | cost=$0.0891
  [ 443/600] lints_warmstart0_seed42             | ✓ | acc=72.9% | cost=$0.0893
  [ 444/600] lints_warmstart0_seed42             | ✓ | acc=73.0% | cost=$0.0893
  [ 445/600] lints_warmstart0_seed42             | ✗ | acc=72.8% | cost=$0.0893
  [ 446/600] lints_warmstart0_seed42             | ✓ | acc=72.9% | cost=$0.0896
  [ 447/600] lints_warmstart0_seed42             | ✓ | acc=72.9% | cost=$0.0898
  [ 448/600] lints_warmstart0_seed42             | ✓ | acc=73.0% | cost=$0.0898
  [ 449/600] lints_warmstart0_seed42             | ✓ | acc=73.1% | cost=$0.0901
  [ 450/600] lints_warmstart0_seed42             | ✓ | acc=73.1% | cost=$0.0906
  [ 451/600] lints_warmstart0_seed42             | ✓ | acc=73.2% | cost=$0.0908
  [ 452/600] lints_warmstart0_seed42             | ✓ | acc=73.2% | cost=$0.0908
  [ 453/600] lints_warmstart0_seed42             | ✓ | acc=73.3% | cost=$0.0910
  [ 454/600] lints_warmstart0_seed42             | ✓ | acc=73.3% | cost=$0.0913
  [ 455/600] lints_warmstart0_seed42             | ✓ | acc=73.4% | cost=$0.0916
  [ 456/600] lints_warmstart0_seed42             | ✓ | acc=73.5% | cost=$0.0916
  [ 457/600] lints_warmstart0_seed42             | ✓ | acc=73.5% | cost=$0.0918
  [ 458/600] lints_warmstart0_seed42             | ✓ | acc=73.6% | cost=$0.0923
  [ 459/600] lints_warmstart0_seed42             | ✓ | acc=73.6% | cost=$0.0926
  [ 460/600] lints_warmstart0_seed42             | ✓ | acc=73.7% | cost=$0.0926
  [ 461/600] lints_warmstart0_seed42             | ✓ | acc=73.8% | cost=$0.0929
  [ 462/600] lints_warmstart0_seed42             | ✓ | acc=73.8% | cost=$0.0931
  [ 463/600] lints_warmstart0_seed42             | ✓ | acc=73.9% | cost=$0.0934
  [ 464/600] lints_warmstart0_seed42             | ✓ | acc=73.9% | cost=$0.0934
  [ 465/600] lints_warmstart0_seed42             | ✓ | acc=74.0% | cost=$0.0936
  [ 466/600] lints_warmstart0_seed42             | ✓ | acc=74.0% | cost=$0.0937
  [ 467/600] lints_warmstart0_seed42             | ✓ | acc=74.1% | cost=$0.0939
  [ 468/600] lints_warmstart0_seed42             | ✓ | acc=74.1% | cost=$0.0940
  [ 469/600] lints_warmstart0_seed42             | ✓ | acc=74.2% | cost=$0.0943
  [ 470/600] lints_warmstart0_seed42             | ✓ | acc=74.3% | cost=$0.0945
  [ 471/600] lints_warmstart0_seed42             | ✓ | acc=74.3% | cost=$0.0949
  [ 472/600] lints_warmstart0_seed42             | ✓ | acc=74.4% | cost=$0.0952
  [ 473/600] lints_warmstart0_seed42             | ✓ | acc=74.4% | cost=$0.0952
  [ 474/600] lints_warmstart0_seed42             | ✓ | acc=74.5% | cost=$0.0953
  [ 475/600] lints_warmstart0_seed42             | ✓ | acc=74.5% | cost=$0.0955
  [ 476/600] lints_warmstart0_seed42             | ✓ | acc=74.6% | cost=$0.0958
  [ 477/600] lints_warmstart0_seed42             | ✓ | acc=74.6% | cost=$0.0958
  [ 478/600] lints_warmstart0_seed42             | ✓ | acc=74.7% | cost=$0.0959
  [ 479/600] lints_warmstart0_seed42             | ✓ | acc=74.7% | cost=$0.0959
  [ 480/600] lints_warmstart0_seed42             | ✓ | acc=74.8% | cost=$0.0959
  [ 481/600] lints_warmstart0_seed42             | ✗ | acc=74.6% | cost=$0.0959
  [ 482/600] lints_warmstart0_seed42             | ✓ | acc=74.7% | cost=$0.0962
  [ 483/600] lints_warmstart0_seed42             | ✗ | acc=74.5% | cost=$0.0962
  [ 484/600] lints_warmstart0_seed42             | ✓ | acc=74.6% | cost=$0.0962
  [ 485/600] lints_warmstart0_seed42             | ✓ | acc=74.6% | cost=$0.0967
  [ 486/600] lints_warmstart0_seed42             | ✓ | acc=74.7% | cost=$0.0969
  [ 487/600] lints_warmstart0_seed42             | ✓ | acc=74.7% | cost=$0.0972
  [ 488/600] lints_warmstart0_seed42             | ✓ | acc=74.8% | cost=$0.0973
  [ 489/600] lints_warmstart0_seed42             | ✓ | acc=74.8% | cost=$0.0975
  [ 490/600] lints_warmstart0_seed42             | ✓ | acc=74.9% | cost=$0.0979
  [ 491/600] lints_warmstart0_seed42             | ✓ | acc=74.9% | cost=$0.0981
  [ 492/600] lints_warmstart0_seed42             | ✓ | acc=75.0% | cost=$0.0981
  [ 493/600] lints_warmstart0_seed42             | ✓ | acc=75.1% | cost=$0.0983
  [ 494/600] lints_warmstart0_seed42             | ✗ | acc=74.9% | cost=$0.0983
  [ 495/600] lints_warmstart0_seed42             | ✓ | acc=74.9% | cost=$0.0983
  [ 496/600] lints_warmstart0_seed42             | ✓ | acc=75.0% | cost=$0.0989
  [ 497/600] lints_warmstart0_seed42             | ✓ | acc=75.1% | cost=$0.0991
  [ 498/600] lints_warmstart0_seed42             | ✓ | acc=75.1% | cost=$0.0994
  [ 499/600] lints_warmstart0_seed42             | ✓ | acc=75.2% | cost=$0.0997
  [ 500/600] lints_warmstart0_seed42             | ✓ | acc=75.2% | cost=$0.1001
  [ 501/600] lints_warmstart0_seed42             | ✗ | acc=75.0% | cost=$0.1005
  [ 502/600] lints_warmstart0_seed42             | ✓ | acc=75.1% | cost=$0.1007
  [ 503/600] lints_warmstart0_seed42             | ✓ | acc=75.1% | cost=$0.1010
  [ 504/600] lints_warmstart0_seed42             | ✓ | acc=75.2% | cost=$0.1013
  [ 505/600] lints_warmstart0_seed42             | ✓ | acc=75.2% | cost=$0.1016
  [ 506/600] lints_warmstart0_seed42             | ✓ | acc=75.3% | cost=$0.1020
  [ 507/600] lints_warmstart0_seed42             | ✓ | acc=75.3% | cost=$0.1022
  [ 508/600] lints_warmstart0_seed42             | ✓ | acc=75.4% | cost=$0.1026
  [ 509/600] lints_warmstart0_seed42             | ✓ | acc=75.4% | cost=$0.1031
  [ 510/600] lints_warmstart0_seed42             | ✓ | acc=75.5% | cost=$0.1035
  [ 511/600] lints_warmstart0_seed42             | ✓ | acc=75.5% | cost=$0.1038
  [ 512/600] lints_warmstart0_seed42             | ✓ | acc=75.6% | cost=$0.1040
  [ 513/600] lints_warmstart0_seed42             | ✓ | acc=75.6% | cost=$0.1044
  [ 514/600] lints_warmstart0_seed42             | ✗ | acc=75.5% | cost=$0.1048
  [ 515/600] lints_warmstart0_seed42             | ✓ | acc=75.5% | cost=$0.1049
  [ 516/600] lints_warmstart0_seed42             | ✓ | acc=75.6% | cost=$0.1051
  [ 517/600] lints_warmstart0_seed42             | ✗ | acc=75.4% | cost=$0.1055
  [ 518/600] lints_warmstart0_seed42             | ✓ | acc=75.5% | cost=$0.1055
  [ 519/600] lints_warmstart0_seed42             | ✗ | acc=75.3% | cost=$0.1055
  [ 520/600] lints_warmstart0_seed42             | ✓ | acc=75.4% | cost=$0.1057
  [ 521/600] lints_warmstart0_seed42             | ✓ | acc=75.4% | cost=$0.1060
  [ 522/600] lints_warmstart0_seed42             | ✓ | acc=75.5% | cost=$0.1063
  [ 523/600] lints_warmstart0_seed42             | ✗ | acc=75.3% | cost=$0.1063
  [ 524/600] lints_warmstart0_seed42             | ✓ | acc=75.4% | cost=$0.1066
  [ 525/600] lints_warmstart0_seed42             | ✓ | acc=75.4% | cost=$0.1069
  [ 526/600] lints_warmstart0_seed42             | ✓ | acc=75.5% | cost=$0.1072
  [ 527/600] lints_warmstart0_seed42             | ✓ | acc=75.5% | cost=$0.1076
  [ 528/600] lints_warmstart0_seed42             | ✓ | acc=75.6% | cost=$0.1078
  [ 529/600] lints_warmstart0_seed42             | ✓ | acc=75.6% | cost=$0.1081
  [ 530/600] lints_warmstart0_seed42             | ✓ | acc=75.7% | cost=$0.1081
  [ 531/600] lints_warmstart0_seed42             | ✗ | acc=75.5% | cost=$0.1081
  [ 532/600] lints_warmstart0_seed42             | ✓ | acc=75.6% | cost=$0.1083
  [ 533/600] lints_warmstart0_seed42             | ✓ | acc=75.6% | cost=$0.1087
  [ 534/600] lints_warmstart0_seed42             | ✓ | acc=75.7% | cost=$0.1090
  [ 535/600] lints_warmstart0_seed42             | ✓ | acc=75.7% | cost=$0.1093
  [ 536/600] lints_warmstart0_seed42             | ✗ | acc=75.6% | cost=$0.1093
  [ 537/600] lints_warmstart0_seed42             | ✗ | acc=75.4% | cost=$0.1093
  [ 538/600] lints_warmstart0_seed42             | ✓ | acc=75.5% | cost=$0.1096
  [ 539/600] lints_warmstart0_seed42             | ✓ | acc=75.5% | cost=$0.1097
  [ 540/600] lints_warmstart0_seed42             | ✓ | acc=75.6% | cost=$0.1099
  [ 541/600] lints_warmstart0_seed42             | ✓ | acc=75.6% | cost=$0.1101
  [ 542/600] lints_warmstart0_seed42             | ✓ | acc=75.6% | cost=$0.1103
  [ 543/600] lints_warmstart0_seed42             | ✓ | acc=75.7% | cost=$0.1106
  [ 544/600] lints_warmstart0_seed42             | ✗ | acc=75.6% | cost=$0.1110
  [ 545/600] lints_warmstart0_seed42             | ✓ | acc=75.6% | cost=$0.1112
  [ 546/600] lints_warmstart0_seed42             | ✓ | acc=75.6% | cost=$0.1115
  [ 547/600] lints_warmstart0_seed42             | ✓ | acc=75.7% | cost=$0.1118
  [ 548/600] lints_warmstart0_seed42             | ✓ | acc=75.7% | cost=$0.1118
  [ 549/600] lints_warmstart0_seed42             | ✗ | acc=75.6% | cost=$0.1120
  [ 550/600] lints_warmstart0_seed42             | ✗ | acc=75.5% | cost=$0.1121
  [ 551/600] lints_warmstart0_seed42             | ✓ | acc=75.5% | cost=$0.1121
  [ 552/600] lints_warmstart0_seed42             | ✓ | acc=75.5% | cost=$0.1121
  [ 553/600] lints_warmstart0_seed42             | ✓ | acc=75.6% | cost=$0.1124
  [ 554/600] lints_warmstart0_seed42             | ✓ | acc=75.6% | cost=$0.1124
  [ 555/600] lints_warmstart0_seed42             | ✓ | acc=75.7% | cost=$0.1126
  [ 556/600] lints_warmstart0_seed42             | ✓ | acc=75.7% | cost=$0.1129
  [ 557/600] lints_warmstart0_seed42             | ✓ | acc=75.8% | cost=$0.1132
  [ 558/600] lints_warmstart0_seed42             | ✓ | acc=75.8% | cost=$0.1132
  [ 559/600] lints_warmstart0_seed42             | ✓ | acc=75.8% | cost=$0.1132
  [ 560/600] lints_warmstart0_seed42             | ✓ | acc=75.9% | cost=$0.1132
  [ 561/600] lints_warmstart0_seed42             | ✓ | acc=75.9% | cost=$0.1135
  [ 562/600] lints_warmstart0_seed42             | ✗ | acc=75.8% | cost=$0.1136
  [ 563/600] lints_warmstart0_seed42             | ✗ | acc=75.7% | cost=$0.1139
  [ 564/600] lints_warmstart0_seed42             | ✓ | acc=75.7% | cost=$0.1142
  [ 565/600] lints_warmstart0_seed42             | ✗ | acc=75.6% | cost=$0.1142
  [ 566/600] lints_warmstart0_seed42             | ✓ | acc=75.6% | cost=$0.1145
  [ 567/600] lints_warmstart0_seed42             | ✓ | acc=75.7% | cost=$0.1148
  [ 568/600] lints_warmstart0_seed42             | ✓ | acc=75.7% | cost=$0.1148
  [ 569/600] lints_warmstart0_seed42             | ✓ | acc=75.7% | cost=$0.1150
  [ 570/600] lints_warmstart0_seed42             | ✓ | acc=75.8% | cost=$0.1153
  [ 571/600] lints_warmstart0_seed42             | ✓ | acc=75.8% | cost=$0.1156
  [ 572/600] lints_warmstart0_seed42             | ✓ | acc=75.9% | cost=$0.1156
  [ 573/600] lints_warmstart0_seed42             | ✓ | acc=75.9% | cost=$0.1159
  [ 574/600] lints_warmstart0_seed42             | ✓ | acc=76.0% | cost=$0.1163
  [ 575/600] lints_warmstart0_seed42             | ✓ | acc=76.0% | cost=$0.1165
  [ 576/600] lints_warmstart0_seed42             | ✓ | acc=76.0% | cost=$0.1169
  [ 577/600] lints_warmstart0_seed42             | ✓ | acc=76.1% | cost=$0.1171
  [ 578/600] lints_warmstart0_seed42             | ✓ | acc=76.1% | cost=$0.1174
  [ 579/600] lints_warmstart0_seed42             | ✓ | acc=76.2% | cost=$0.1177
  [ 580/600] lints_warmstart0_seed42             | ✗ | acc=76.0% | cost=$0.1177
  [ 581/600] lints_warmstart0_seed42             | ✓ | acc=76.1% | cost=$0.1177
  [ 582/600] lints_warmstart0_seed42             | ✓ | acc=76.1% | cost=$0.1180
  [ 583/600] lints_warmstart0_seed42             | ✓ | acc=76.2% | cost=$0.1183
  [ 584/600] lints_warmstart0_seed42             | ✓ | acc=76.2% | cost=$0.1185
  [ 585/600] lints_warmstart0_seed42             | ✓ | acc=76.2% | cost=$0.1188
  [ 586/600] lints_warmstart0_seed42             | ✗ | acc=76.1% | cost=$0.1191
  [ 587/600] lints_warmstart0_seed42             | ✓ | acc=76.1% | cost=$0.1194
  [ 588/600] lints_warmstart0_seed42             | ✓ | acc=76.2% | cost=$0.1197
  [ 589/600] lints_warmstart0_seed42             | ✓ | acc=76.2% | cost=$0.1199
  [ 590/600] lints_warmstart0_seed42             | ✓ | acc=76.3% | cost=$0.1199
  [ 591/600] lints_warmstart0_seed42             | ✓ | acc=76.3% | cost=$0.1199
  [ 592/600] lints_warmstart0_seed42             | ✓ | acc=76.4% | cost=$0.1202
  [ 593/600] lints_warmstart0_seed42             | ✓ | acc=76.4% | cost=$0.1205
  [ 594/600] lints_warmstart0_seed42             | ✓ | acc=76.4% | cost=$0.1209
  [ 595/600] lints_warmstart0_seed42             | ✓ | acc=76.5% | cost=$0.1209
  [ 596/600] lints_warmstart0_seed42             | ✓ | acc=76.5% | cost=$0.1213
  [ 597/600] lints_warmstart0_seed42             | ✗ | acc=76.4% | cost=$0.1213
  [ 598/600] lints_warmstart0_seed42             | ✓ | acc=76.4% | cost=$0.1217
  [ 599/600] lints_warmstart0_seed42             | ✓ | acc=76.5% | cost=$0.1217
  [ 600/600] lints_warmstart0_seed42             | ✓ | acc=76.5% | cost=$0.1220
  DONE: n=600, acc=76.5%, cost=$0.1220

--- LinTS warm-start=100 labels ---

=== lints_warmstart100_seed42 (tag=warmstart100_ablation, 500 queries) ===
  [   1/500] lints_warmstart100_seed42           | ✓ | acc=100.0% | cost=$0.0003
  [   2/500] lints_warmstart100_seed42           | ✓ | acc=100.0% | cost=$0.0005
  [   3/500] lints_warmstart100_seed42           | ✓ | acc=100.0% | cost=$0.0008
  [   4/500] lints_warmstart100_seed42           | ✗ | acc=75.0% | cost=$0.0009
  [   5/500] lints_warmstart100_seed42           | ✗ | acc=60.0% | cost=$0.0009
  [   6/500] lints_warmstart100_seed42           | ✗ | acc=50.0% | cost=$0.0013
  [   7/500] lints_warmstart100_seed42           | ✗ | acc=42.9% | cost=$0.0016
  [   8/500] lints_warmstart100_seed42           | ✓ | acc=50.0% | cost=$0.0019
  [   9/500] lints_warmstart100_seed42           | ✗ | acc=44.4% | cost=$0.0022
  [  10/500] lints_warmstart100_seed42           | ✓ | acc=50.0% | cost=$0.0025
  [  11/500] lints_warmstart100_seed42           | ✓ | acc=54.5% | cost=$0.0027
  [  12/500] lints_warmstart100_seed42           | ✗ | acc=50.0% | cost=$0.0030
  [  13/500] lints_warmstart100_seed42           | ✓ | acc=53.8% | cost=$0.0034
  [  14/500] lints_warmstart100_seed42           | ✓ | acc=57.1% | cost=$0.0038
  [  15/500] lints_warmstart100_seed42           | ✗ | acc=53.3% | cost=$0.0038
  [  16/500] lints_warmstart100_seed42           | ✗ | acc=50.0% | cost=$0.0041
  [  17/500] lints_warmstart100_seed42           | ✗ | acc=47.1% | cost=$0.0046
  [  18/500] lints_warmstart100_seed42           | ✓ | acc=50.0% | cost=$0.0051
  [  19/500] lints_warmstart100_seed42           | ✗ | acc=47.4% | cost=$0.0054
  [  20/500] lints_warmstart100_seed42           | ✗ | acc=45.0% | cost=$0.0058
  [  21/500] lints_warmstart100_seed42           | ✓ | acc=47.6% | cost=$0.0061
  [  22/500] lints_warmstart100_seed42           | ✓ | acc=50.0% | cost=$0.0064
  [  23/500] lints_warmstart100_seed42           | ✓ | acc=52.2% | cost=$0.0065
  [  24/500] lints_warmstart100_seed42           | ✓ | acc=54.2% | cost=$0.0067
  [  25/500] lints_warmstart100_seed42           | ✓ | acc=56.0% | cost=$0.0070
  [  26/500] lints_warmstart100_seed42           | ✓ | acc=57.7% | cost=$0.0073
  [  27/500] lints_warmstart100_seed42           | ✓ | acc=59.3% | cost=$0.0073
  [  28/500] lints_warmstart100_seed42           | ✓ | acc=60.7% | cost=$0.0076
  [  29/500] lints_warmstart100_seed42           | ✓ | acc=62.1% | cost=$0.0079
  [  30/500] lints_warmstart100_seed42           | ✓ | acc=63.3% | cost=$0.0081
  [  31/500] lints_warmstart100_seed42           | ✓ | acc=64.5% | cost=$0.0085
  [  32/500] lints_warmstart100_seed42           | ✓ | acc=65.6% | cost=$0.0088
  [  33/500] lints_warmstart100_seed42           | ✗ | acc=63.6% | cost=$0.0091
  [  34/500] lints_warmstart100_seed42           | ✓ | acc=64.7% | cost=$0.0118
  [  35/500] lints_warmstart100_seed42           | ✓ | acc=65.7% | cost=$0.0118
  [  36/500] lints_warmstart100_seed42           | ✓ | acc=66.7% | cost=$0.0120
  [  37/500] lints_warmstart100_seed42           | ✗ | acc=64.9% | cost=$0.0125
  [  38/500] lints_warmstart100_seed42           | ✓ | acc=65.8% | cost=$0.0125
  [  39/500] lints_warmstart100_seed42           | ✓ | acc=66.7% | cost=$0.0125
  [  40/500] lints_warmstart100_seed42           | ✗ | acc=65.0% | cost=$0.0129
  [  41/500] lints_warmstart100_seed42           | ✗ | acc=63.4% | cost=$0.0131
  [  42/500] lints_warmstart100_seed42           | ✓ | acc=64.3% | cost=$0.0134
  [  43/500] lints_warmstart100_seed42           | ✓ | acc=65.1% | cost=$0.0137
  [  44/500] lints_warmstart100_seed42           | ✓ | acc=65.9% | cost=$0.0140
  [  45/500] lints_warmstart100_seed42           | ✓ | acc=66.7% | cost=$0.0142
  [  46/500] lints_warmstart100_seed42           | ✓ | acc=67.4% | cost=$0.0145
  [  47/500] lints_warmstart100_seed42           | ✗ | acc=66.0% | cost=$0.0150
  [  48/500] lints_warmstart100_seed42           | ✓ | acc=66.7% | cost=$0.0153
  [  49/500] lints_warmstart100_seed42           | ✓ | acc=67.3% | cost=$0.0153
  [  50/500] lints_warmstart100_seed42           | ✗ | acc=66.0% | cost=$0.0153
  [  51/500] lints_warmstart100_seed42           | ✓ | acc=66.7% | cost=$0.0157
  [  52/500] lints_warmstart100_seed42           | ✓ | acc=67.3% | cost=$0.0160
  [  53/500] lints_warmstart100_seed42           | ✓ | acc=67.9% | cost=$0.0162
  [  54/500] lints_warmstart100_seed42           | ✓ | acc=68.5% | cost=$0.0166
  [  55/500] lints_warmstart100_seed42           | ✗ | acc=67.3% | cost=$0.0166
  [  56/500] lints_warmstart100_seed42           | ✓ | acc=67.9% | cost=$0.0166
  [  57/500] lints_warmstart100_seed42           | ✗ | acc=66.7% | cost=$0.0169
  [  58/500] lints_warmstart100_seed42           | ✓ | acc=67.2% | cost=$0.0173
  [  59/500] lints_warmstart100_seed42           | ✗ | acc=66.1% | cost=$0.0176
  [  60/500] lints_warmstart100_seed42           | ✓ | acc=66.7% | cost=$0.0176
  [  61/500] lints_warmstart100_seed42           | ✗ | acc=65.6% | cost=$0.0178
  [  62/500] lints_warmstart100_seed42           | ✓ | acc=66.1% | cost=$0.0182
  [  63/500] lints_warmstart100_seed42           | ✗ | acc=65.1% | cost=$0.0184
  [  64/500] lints_warmstart100_seed42           | ✓ | acc=65.6% | cost=$0.0185
  [  65/500] lints_warmstart100_seed42           | ✓ | acc=66.2% | cost=$0.0185
  [  66/500] lints_warmstart100_seed42           | ✓ | acc=66.7% | cost=$0.0185
  [  67/500] lints_warmstart100_seed42           | ✓ | acc=67.2% | cost=$0.0188
  [  68/500] lints_warmstart100_seed42           | ✗ | acc=66.2% | cost=$0.0190
  [  69/500] lints_warmstart100_seed42           | ✓ | acc=66.7% | cost=$0.0195
  [  70/500] lints_warmstart100_seed42           | ✓ | acc=67.1% | cost=$0.0197
  [  71/500] lints_warmstart100_seed42           | ✓ | acc=67.6% | cost=$0.0200
  [  72/500] lints_warmstart100_seed42           | ✗ | acc=66.7% | cost=$0.0205
  [  73/500] lints_warmstart100_seed42           | ✓ | acc=67.1% | cost=$0.0208
  [  74/500] lints_warmstart100_seed42           | ✓ | acc=67.6% | cost=$0.0210
  [  75/500] lints_warmstart100_seed42           | ✗ | acc=66.7% | cost=$0.0213
  [  76/500] lints_warmstart100_seed42           | ✓ | acc=67.1% | cost=$0.0215
  [  77/500] lints_warmstart100_seed42           | ✓ | acc=67.5% | cost=$0.0218
  [  78/500] lints_warmstart100_seed42           | ✓ | acc=67.9% | cost=$0.0221
  [  79/500] lints_warmstart100_seed42           | ✓ | acc=68.4% | cost=$0.0224
  [  80/500] lints_warmstart100_seed42           | ✓ | acc=68.8% | cost=$0.0227
  [  81/500] lints_warmstart100_seed42           | ✓ | acc=69.1% | cost=$0.0229
  [  82/500] lints_warmstart100_seed42           | ✓ | acc=69.5% | cost=$0.0229
  [  83/500] lints_warmstart100_seed42           | ✓ | acc=69.9% | cost=$0.0229
  [  84/500] lints_warmstart100_seed42           | ✓ | acc=70.2% | cost=$0.0235
  [  85/500] lints_warmstart100_seed42           | ✓ | acc=70.6% | cost=$0.0238
  [  86/500] lints_warmstart100_seed42           | ✓ | acc=70.9% | cost=$0.0240
  [  87/500] lints_warmstart100_seed42           | ✓ | acc=71.3% | cost=$0.0244
  [  88/500] lints_warmstart100_seed42           | ✓ | acc=71.6% | cost=$0.0248
  [  89/500] lints_warmstart100_seed42           | ✓ | acc=71.9% | cost=$0.0251
  [  90/500] lints_warmstart100_seed42           | ✓ | acc=72.2% | cost=$0.0255
  [  91/500] lints_warmstart100_seed42           | ✓ | acc=72.5% | cost=$0.0258
  [  92/500] lints_warmstart100_seed42           | ✓ | acc=72.8% | cost=$0.0261
  [  93/500] lints_warmstart100_seed42           | ✓ | acc=73.1% | cost=$0.0266
  [  94/500] lints_warmstart100_seed42           | ✓ | acc=73.4% | cost=$0.0266
  [  95/500] lints_warmstart100_seed42           | ✗ | acc=72.6% | cost=$0.0269
  [  96/500] lints_warmstart100_seed42           | ✓ | acc=72.9% | cost=$0.0272
  [  97/500] lints_warmstart100_seed42           | ✓ | acc=73.2% | cost=$0.0275
  [  98/500] lints_warmstart100_seed42           | ✓ | acc=73.5% | cost=$0.0278
  [  99/500] lints_warmstart100_seed42           | ✗ | acc=72.7% | cost=$0.0280
  [ 100/500] lints_warmstart100_seed42           | ✓ | acc=73.0% | cost=$0.0283
  [ 101/500] lints_warmstart100_seed42           | ✓ | acc=73.3% | cost=$0.0287
  [ 102/500] lints_warmstart100_seed42           | ✓ | acc=73.5% | cost=$0.0290
  [ 103/500] lints_warmstart100_seed42           | ✓ | acc=73.8% | cost=$0.0290
  [ 104/500] lints_warmstart100_seed42           | ✓ | acc=74.0% | cost=$0.0294
  [ 105/500] lints_warmstart100_seed42           | ✓ | acc=74.3% | cost=$0.0294
  [ 106/500] lints_warmstart100_seed42           | ✓ | acc=74.5% | cost=$0.0294
  [ 107/500] lints_warmstart100_seed42           | ✓ | acc=74.8% | cost=$0.0294
  [ 108/500] lints_warmstart100_seed42           | ✓ | acc=75.0% | cost=$0.0294
  [ 109/500] lints_warmstart100_seed42           | ✓ | acc=75.2% | cost=$0.0294
  [ 110/500] lints_warmstart100_seed42           | ✓ | acc=75.5% | cost=$0.0294
  [ 111/500] lints_warmstart100_seed42           | ✗ | acc=74.8% | cost=$0.0300
  [ 112/500] lints_warmstart100_seed42           | ✗ | acc=74.1% | cost=$0.0305
  [ 113/500] lints_warmstart100_seed42           | ✓ | acc=74.3% | cost=$0.0305
  [ 114/500] lints_warmstart100_seed42           | ✗ | acc=73.7% | cost=$0.0305
  [ 115/500] lints_warmstart100_seed42           | ✓ | acc=73.9% | cost=$0.0308
  [ 116/500] lints_warmstart100_seed42           | ✓ | acc=74.1% | cost=$0.0311
  [ 117/500] lints_warmstart100_seed42           | ✓ | acc=74.4% | cost=$0.0311
  [ 118/500] lints_warmstart100_seed42           | ✓ | acc=74.6% | cost=$0.0313
  [ 119/500] lints_warmstart100_seed42           | ✓ | acc=74.8% | cost=$0.0313
  [ 120/500] lints_warmstart100_seed42           | ✓ | acc=75.0% | cost=$0.0314
  [ 121/500] lints_warmstart100_seed42           | ✗ | acc=74.4% | cost=$0.0314
  [ 122/500] lints_warmstart100_seed42           | ✓ | acc=74.6% | cost=$0.0314
  [ 123/500] lints_warmstart100_seed42           | ✓ | acc=74.8% | cost=$0.0317
  [ 124/500] lints_warmstart100_seed42           | ✓ | acc=75.0% | cost=$0.0317
  [ 125/500] lints_warmstart100_seed42           | ✓ | acc=75.2% | cost=$0.0317
  [ 126/500] lints_warmstart100_seed42           | ✓ | acc=75.4% | cost=$0.0317
  [ 127/500] lints_warmstart100_seed42           | ✓ | acc=75.6% | cost=$0.0317
  [ 128/500] lints_warmstart100_seed42           | ✓ | acc=75.8% | cost=$0.0320
  [ 129/500] lints_warmstart100_seed42           | ✓ | acc=76.0% | cost=$0.0320
  [ 130/500] lints_warmstart100_seed42           | ✓ | acc=76.2% | cost=$0.0324
  [ 131/500] lints_warmstart100_seed42           | ✗ | acc=75.6% | cost=$0.0324
  [ 132/500] lints_warmstart100_seed42           | ✓ | acc=75.8% | cost=$0.0327
  [ 133/500] lints_warmstart100_seed42           | ✗ | acc=75.2% | cost=$0.0330
  [ 134/500] lints_warmstart100_seed42           | ✓ | acc=75.4% | cost=$0.0331
  [ 135/500] lints_warmstart100_seed42           | ✓ | acc=75.6% | cost=$0.0331
  [ 136/500] lints_warmstart100_seed42           | ✗ | acc=75.0% | cost=$0.0331
  [ 137/500] lints_warmstart100_seed42           | ✓ | acc=75.2% | cost=$0.0331
  [ 138/500] lints_warmstart100_seed42           | ✓ | acc=75.4% | cost=$0.0334
  [ 139/500] lints_warmstart100_seed42           | ✓ | acc=75.5% | cost=$0.0334
  [ 140/500] lints_warmstart100_seed42           | ✓ | acc=75.7% | cost=$0.0336
  [ 141/500] lints_warmstart100_seed42           | ✓ | acc=75.9% | cost=$0.0339
  [ 142/500] lints_warmstart100_seed42           | ✓ | acc=76.1% | cost=$0.0349
  [ 143/500] lints_warmstart100_seed42           | ✓ | acc=76.2% | cost=$0.0353
  [ 144/500] lints_warmstart100_seed42           | ✓ | acc=76.4% | cost=$0.0362
  [ 145/500] lints_warmstart100_seed42           | ✓ | acc=76.6% | cost=$0.0374
  [ 146/500] lints_warmstart100_seed42           | ✓ | acc=76.7% | cost=$0.0376
  [ 147/500] lints_warmstart100_seed42           | ✓ | acc=76.9% | cost=$0.0377
  [ 148/500] lints_warmstart100_seed42           | ✓ | acc=77.0% | cost=$0.0378
  [ 149/500] lints_warmstart100_seed42           | ✓ | acc=77.2% | cost=$0.0378
  [ 150/500] lints_warmstart100_seed42           | ✓ | acc=77.3% | cost=$0.0383
  [ 151/500] lints_warmstart100_seed42           | ✓ | acc=77.5% | cost=$0.0383
  [ 152/500] lints_warmstart100_seed42           | ✓ | acc=77.6% | cost=$0.0384
  [ 153/500] lints_warmstart100_seed42           | ✓ | acc=77.8% | cost=$0.0391
  [ 154/500] lints_warmstart100_seed42           | ✓ | acc=77.9% | cost=$0.0394
  [ 155/500] lints_warmstart100_seed42           | ✓ | acc=78.1% | cost=$0.0396
  [ 156/500] lints_warmstart100_seed42           | ✓ | acc=78.2% | cost=$0.0405
  [ 157/500] lints_warmstart100_seed42           | ✓ | acc=78.3% | cost=$0.0414
  [ 158/500] lints_warmstart100_seed42           | ✓ | acc=78.5% | cost=$0.0417
  [ 159/500] lints_warmstart100_seed42           | ✗ | acc=78.0% | cost=$0.0424
  [ 160/500] lints_warmstart100_seed42           | ✓ | acc=78.1% | cost=$0.0424
  [ 161/500] lints_warmstart100_seed42           | ✓ | acc=78.3% | cost=$0.0425
  [ 162/500] lints_warmstart100_seed42           | ✓ | acc=78.4% | cost=$0.0425
  [ 163/500] lints_warmstart100_seed42           | ✓ | acc=78.5% | cost=$0.0428
  [ 164/500] lints_warmstart100_seed42           | ✓ | acc=78.7% | cost=$0.0440
  [ 165/500] lints_warmstart100_seed42           | ✓ | acc=78.8% | cost=$0.0447
  [ 166/500] lints_warmstart100_seed42           | ✓ | acc=78.9% | cost=$0.0456
  [ 167/500] lints_warmstart100_seed42           | ✗ | acc=78.4% | cost=$0.0456
  [ 168/500] lints_warmstart100_seed42           | ✓ | acc=78.6% | cost=$0.0456
  [ 169/500] lints_warmstart100_seed42           | ✓ | acc=78.7% | cost=$0.0457
  [ 170/500] lints_warmstart100_seed42           | ✓ | acc=78.8% | cost=$0.0457
  [ 171/500] lints_warmstart100_seed42           | ✓ | acc=78.9% | cost=$0.0458
  [ 172/500] lints_warmstart100_seed42           | ✓ | acc=79.1% | cost=$0.0460
  [ 173/500] lints_warmstart100_seed42           | ✓ | acc=79.2% | cost=$0.0463
  [ 174/500] lints_warmstart100_seed42           | ✓ | acc=79.3% | cost=$0.0464
  [ 175/500] lints_warmstart100_seed42           | ✓ | acc=79.4% | cost=$0.0464
  [ 176/500] lints_warmstart100_seed42           | ✓ | acc=79.5% | cost=$0.0465
  [ 177/500] lints_warmstart100_seed42           | ✓ | acc=79.7% | cost=$0.0467
  [ 178/500] lints_warmstart100_seed42           | ✗ | acc=79.2% | cost=$0.0472
  [ 179/500] lints_warmstart100_seed42           | ✓ | acc=79.3% | cost=$0.0472
  [ 180/500] lints_warmstart100_seed42           | ✓ | acc=79.4% | cost=$0.0472
  [ 181/500] lints_warmstart100_seed42           | ✓ | acc=79.6% | cost=$0.0472
  [ 182/500] lints_warmstart100_seed42           | ✓ | acc=79.7% | cost=$0.0472
  [ 183/500] lints_warmstart100_seed42           | ✓ | acc=79.8% | cost=$0.0476
  [ 184/500] lints_warmstart100_seed42           | ✓ | acc=79.9% | cost=$0.0476
  [ 185/500] lints_warmstart100_seed42           | ✓ | acc=80.0% | cost=$0.0485
  [ 186/500] lints_warmstart100_seed42           | ✓ | acc=80.1% | cost=$0.0498
  [ 187/500] lints_warmstart100_seed42           | ✓ | acc=80.2% | cost=$0.0510
  [ 188/500] lints_warmstart100_seed42           | ✓ | acc=80.3% | cost=$0.0522
  [ 189/500] lints_warmstart100_seed42           | ✓ | acc=80.4% | cost=$0.0522
  [ 190/500] lints_warmstart100_seed42           | ✗ | acc=80.0% | cost=$0.0525
  [ 191/500] lints_warmstart100_seed42           | ✓ | acc=80.1% | cost=$0.0528
  [ 192/500] lints_warmstart100_seed42           | ✓ | acc=80.2% | cost=$0.0529
  [ 193/500] lints_warmstart100_seed42           | ✓ | acc=80.3% | cost=$0.0529
  [ 194/500] lints_warmstart100_seed42           | ✓ | acc=80.4% | cost=$0.0529
  [ 195/500] lints_warmstart100_seed42           | ✓ | acc=80.5% | cost=$0.0530
  [ 196/500] lints_warmstart100_seed42           | ✓ | acc=80.6% | cost=$0.0530
  [ 197/500] lints_warmstart100_seed42           | ✓ | acc=80.7% | cost=$0.0530
  [ 198/500] lints_warmstart100_seed42           | ✓ | acc=80.8% | cost=$0.0533
  [ 199/500] lints_warmstart100_seed42           | ✗ | acc=80.4% | cost=$0.0533
  [ 200/500] lints_warmstart100_seed42           | ✗ | acc=80.0% | cost=$0.0534
  [ 201/500] lints_warmstart100_seed42           | ✓ | acc=80.1% | cost=$0.0543
  [ 202/500] lints_warmstart100_seed42           | ✓ | acc=80.2% | cost=$0.0546
  [ 203/500] lints_warmstart100_seed42           | ✓ | acc=80.3% | cost=$0.0546
  [ 204/500] lints_warmstart100_seed42           | ✓ | acc=80.4% | cost=$0.0555
  [ 205/500] lints_warmstart100_seed42           | ✓ | acc=80.5% | cost=$0.0555
  [ 206/500] lints_warmstart100_seed42           | ✓ | acc=80.6% | cost=$0.0555
  [ 207/500] lints_warmstart100_seed42           | ✓ | acc=80.7% | cost=$0.0558
  [ 208/500] lints_warmstart100_seed42           | ✓ | acc=80.8% | cost=$0.0566
  [ 209/500] lints_warmstart100_seed42           | ✓ | acc=80.9% | cost=$0.0567
  [ 210/500] lints_warmstart100_seed42           | ✗ | acc=80.5% | cost=$0.0573
  [ 211/500] lints_warmstart100_seed42           | ✓ | acc=80.6% | cost=$0.0573
  [ 212/500] lints_warmstart100_seed42           | ✓ | acc=80.7% | cost=$0.0574
  [ 213/500] lints_warmstart100_seed42           | ✓ | acc=80.8% | cost=$0.0574
  [ 214/500] lints_warmstart100_seed42           | ✓ | acc=80.8% | cost=$0.0582
  [ 215/500] lints_warmstart100_seed42           | ✗ | acc=80.5% | cost=$0.0584
  [ 216/500] lints_warmstart100_seed42           | ✓ | acc=80.6% | cost=$0.0587
  [ 217/500] lints_warmstart100_seed42           | ✓ | acc=80.6% | cost=$0.0599
  [ 218/500] lints_warmstart100_seed42           | ✓ | acc=80.7% | cost=$0.0602
  [ 219/500] lints_warmstart100_seed42           | ✓ | acc=80.8% | cost=$0.0602
  [ 220/500] lints_warmstart100_seed42           | ✓ | acc=80.9% | cost=$0.0612
  [ 221/500] lints_warmstart100_seed42           | ✓ | acc=81.0% | cost=$0.0612
  [ 222/500] lints_warmstart100_seed42           | ✓ | acc=81.1% | cost=$0.0613
  [ 223/500] lints_warmstart100_seed42           | ✓ | acc=81.2% | cost=$0.0615
  [ 224/500] lints_warmstart100_seed42           | ✓ | acc=81.2% | cost=$0.0617
  [ 225/500] lints_warmstart100_seed42           | ✓ | acc=81.3% | cost=$0.0628
  [ 226/500] lints_warmstart100_seed42           | ✓ | acc=81.4% | cost=$0.0628
  [ 227/500] lints_warmstart100_seed42           | ✓ | acc=81.5% | cost=$0.0629
  [ 228/500] lints_warmstart100_seed42           | ✗ | acc=81.1% | cost=$0.0629
  [ 229/500] lints_warmstart100_seed42           | ✓ | acc=81.2% | cost=$0.0631
  [ 230/500] lints_warmstart100_seed42           | ✓ | acc=81.3% | cost=$0.0632
  [ 231/500] lints_warmstart100_seed42           | ✓ | acc=81.4% | cost=$0.0632
  [ 232/500] lints_warmstart100_seed42           | ✓ | acc=81.5% | cost=$0.0632
  [ 233/500] lints_warmstart100_seed42           | ✓ | acc=81.5% | cost=$0.0637
  [ 234/500] lints_warmstart100_seed42           | ✓ | acc=81.6% | cost=$0.0638
  [ 235/500] lints_warmstart100_seed42           | ✓ | acc=81.7% | cost=$0.0638
  [ 236/500] lints_warmstart100_seed42           | ✓ | acc=81.8% | cost=$0.0638
  [ 237/500] lints_warmstart100_seed42           | ✓ | acc=81.9% | cost=$0.0650
  [ 238/500] lints_warmstart100_seed42           | ✓ | acc=81.9% | cost=$0.0656
  [ 239/500] lints_warmstart100_seed42           | ✓ | acc=82.0% | cost=$0.0659
  [ 240/500] lints_warmstart100_seed42           | ✓ | acc=82.1% | cost=$0.0659
  [ 241/500] lints_warmstart100_seed42           | ✓ | acc=82.2% | cost=$0.0660
  [ 242/500] lints_warmstart100_seed42           | ✓ | acc=82.2% | cost=$0.0664
  [ 243/500] lints_warmstart100_seed42           | ✓ | acc=82.3% | cost=$0.0667
  [ 244/500] lints_warmstart100_seed42           | ✓ | acc=82.4% | cost=$0.0674
  [ 245/500] lints_warmstart100_seed42           | ✓ | acc=82.4% | cost=$0.0674
  [ 246/500] lints_warmstart100_seed42           | ✓ | acc=82.5% | cost=$0.0674
  [ 247/500] lints_warmstart100_seed42           | ✓ | acc=82.6% | cost=$0.0677
  [ 248/500] lints_warmstart100_seed42           | ✓ | acc=82.7% | cost=$0.0677
  [ 249/500] lints_warmstart100_seed42           | ✓ | acc=82.7% | cost=$0.0680
  [ 250/500] lints_warmstart100_seed42           | ✓ | acc=82.8% | cost=$0.0680
  [ 251/500] lints_warmstart100_seed42           | ✓ | acc=82.9% | cost=$0.0680
  [ 252/500] lints_warmstart100_seed42           | ✗ | acc=82.5% | cost=$0.0681
  [ 253/500] lints_warmstart100_seed42           | ✓ | acc=82.6% | cost=$0.0683
  [ 254/500] lints_warmstart100_seed42           | ✓ | acc=82.7% | cost=$0.0695
  [ 255/500] lints_warmstart100_seed42           | ✓ | acc=82.7% | cost=$0.0710
  [ 256/500] lints_warmstart100_seed42           | ✓ | acc=82.8% | cost=$0.0710
  [ 257/500] lints_warmstart100_seed42           | ✓ | acc=82.9% | cost=$0.0713
  [ 258/500] lints_warmstart100_seed42           | ✓ | acc=82.9% | cost=$0.0716
  [ 259/500] lints_warmstart100_seed42           | ✗ | acc=82.6% | cost=$0.0719
  [ 260/500] lints_warmstart100_seed42           | ✓ | acc=82.7% | cost=$0.0719
  [ 261/500] lints_warmstart100_seed42           | ✓ | acc=82.8% | cost=$0.0719
  [ 262/500] lints_warmstart100_seed42           | ✓ | acc=82.8% | cost=$0.0724
  [ 263/500] lints_warmstart100_seed42           | ✓ | acc=82.9% | cost=$0.0727
  [ 264/500] lints_warmstart100_seed42           | ✓ | acc=83.0% | cost=$0.0727
  [ 265/500] lints_warmstart100_seed42           | ✓ | acc=83.0% | cost=$0.0731
  [ 266/500] lints_warmstart100_seed42           | ✓ | acc=83.1% | cost=$0.0731
  [ 267/500] lints_warmstart100_seed42           | ✓ | acc=83.1% | cost=$0.0731
  [ 268/500] lints_warmstart100_seed42           | ✓ | acc=83.2% | cost=$0.0731
  [ 269/500] lints_warmstart100_seed42           | ✓ | acc=83.3% | cost=$0.0734
  [ 270/500] lints_warmstart100_seed42           | ✓ | acc=83.3% | cost=$0.0737
  [ 271/500] lints_warmstart100_seed42           | ✓ | acc=83.4% | cost=$0.0740
  [ 272/500] lints_warmstart100_seed42           | ✓ | acc=83.5% | cost=$0.0740
  [ 273/500] lints_warmstart100_seed42           | ✓ | acc=83.5% | cost=$0.0740
  [ 274/500] lints_warmstart100_seed42           | ✓ | acc=83.6% | cost=$0.0741
  [ 275/500] lints_warmstart100_seed42           | ✓ | acc=83.6% | cost=$0.0741
  [ 276/500] lints_warmstart100_seed42           | ✓ | acc=83.7% | cost=$0.0744
  [ 277/500] lints_warmstart100_seed42           | ✓ | acc=83.8% | cost=$0.0744
  [ 278/500] lints_warmstart100_seed42           | ✓ | acc=83.8% | cost=$0.0745
  [ 279/500] lints_warmstart100_seed42           | ✓ | acc=83.9% | cost=$0.0745
  [ 280/500] lints_warmstart100_seed42           | ✓ | acc=83.9% | cost=$0.0748
  [ 281/500] lints_warmstart100_seed42           | ✓ | acc=84.0% | cost=$0.0750
  [ 282/500] lints_warmstart100_seed42           | ✓ | acc=84.0% | cost=$0.0754
  [ 283/500] lints_warmstart100_seed42           | ✓ | acc=84.1% | cost=$0.0758
  [ 284/500] lints_warmstart100_seed42           | ✓ | acc=84.2% | cost=$0.0760
  [ 285/500] lints_warmstart100_seed42           | ✗ | acc=83.9% | cost=$0.0764
  [ 286/500] lints_warmstart100_seed42           | ✓ | acc=83.9% | cost=$0.0764
  [ 287/500] lints_warmstart100_seed42           | ✓ | acc=84.0% | cost=$0.0764
  [ 288/500] lints_warmstart100_seed42           | ✓ | acc=84.0% | cost=$0.0765
  [ 289/500] lints_warmstart100_seed42           | ✓ | acc=84.1% | cost=$0.0765
  [ 290/500] lints_warmstart100_seed42           | ✓ | acc=84.1% | cost=$0.0765
  [ 291/500] lints_warmstart100_seed42           | ✓ | acc=84.2% | cost=$0.0768
  [ 292/500] lints_warmstart100_seed42           | ✓ | acc=84.2% | cost=$0.0771
  [ 293/500] lints_warmstart100_seed42           | ✓ | acc=84.3% | cost=$0.0771
  [ 294/500] lints_warmstart100_seed42           | ✓ | acc=84.4% | cost=$0.0773
  [ 295/500] lints_warmstart100_seed42           | ✓ | acc=84.4% | cost=$0.0774
  [ 296/500] lints_warmstart100_seed42           | ✓ | acc=84.5% | cost=$0.0774
  [ 297/500] lints_warmstart100_seed42           | ✓ | acc=84.5% | cost=$0.0774
  [ 298/500] lints_warmstart100_seed42           | ✓ | acc=84.6% | cost=$0.0774
  [ 299/500] lints_warmstart100_seed42           | ✓ | acc=84.6% | cost=$0.0774
  [ 300/500] lints_warmstart100_seed42           | ✓ | acc=84.7% | cost=$0.0778
  [ 301/500] lints_warmstart100_seed42           | ✓ | acc=84.7% | cost=$0.0781
  [ 302/500] lints_warmstart100_seed42           | ✓ | acc=84.8% | cost=$0.0784
  [ 303/500] lints_warmstart100_seed42           | ✓ | acc=84.8% | cost=$0.0784
  [ 304/500] lints_warmstart100_seed42           | ✓ | acc=84.9% | cost=$0.0787
  [ 305/500] lints_warmstart100_seed42           | ✓ | acc=84.9% | cost=$0.0790
  [ 306/500] lints_warmstart100_seed42           | ✓ | acc=85.0% | cost=$0.0790
  [ 307/500] lints_warmstart100_seed42           | ✓ | acc=85.0% | cost=$0.0791
  [ 308/500] lints_warmstart100_seed42           | ✓ | acc=85.1% | cost=$0.0791
  [ 309/500] lints_warmstart100_seed42           | ✓ | acc=85.1% | cost=$0.0791
  [ 310/500] lints_warmstart100_seed42           | ✓ | acc=85.2% | cost=$0.0794
  [ 311/500] lints_warmstart100_seed42           | ✓ | acc=85.2% | cost=$0.0795
  [ 312/500] lints_warmstart100_seed42           | ✓ | acc=85.3% | cost=$0.0795
  [ 313/500] lints_warmstart100_seed42           | ✓ | acc=85.3% | cost=$0.0800
  [ 314/500] lints_warmstart100_seed42           | ✓ | acc=85.4% | cost=$0.0800
  [ 315/500] lints_warmstart100_seed42           | ✓ | acc=85.4% | cost=$0.0800
  [ 316/500] lints_warmstart100_seed42           | ✓ | acc=85.4% | cost=$0.0800
  [ 317/500] lints_warmstart100_seed42           | ✓ | acc=85.5% | cost=$0.0800
  [ 318/500] lints_warmstart100_seed42           | ✓ | acc=85.5% | cost=$0.0801
  [ 319/500] lints_warmstart100_seed42           | ✓ | acc=85.6% | cost=$0.0801
  [ 320/500] lints_warmstart100_seed42           | ✓ | acc=85.6% | cost=$0.0801
  [ 321/500] lints_warmstart100_seed42           | ✓ | acc=85.7% | cost=$0.0803
  [ 322/500] lints_warmstart100_seed42           | ✓ | acc=85.7% | cost=$0.0803
  [ 323/500] lints_warmstart100_seed42           | ✓ | acc=85.8% | cost=$0.0806
  [ 324/500] lints_warmstart100_seed42           | ✓ | acc=85.8% | cost=$0.0807
  [ 325/500] lints_warmstart100_seed42           | ✓ | acc=85.8% | cost=$0.0809
  [ 326/500] lints_warmstart100_seed42           | ✓ | acc=85.9% | cost=$0.0811
  [ 327/500] lints_warmstart100_seed42           | ✓ | acc=85.9% | cost=$0.0814
  [ 328/500] lints_warmstart100_seed42           | ✓ | acc=86.0% | cost=$0.0817
  [ 329/500] lints_warmstart100_seed42           | ✓ | acc=86.0% | cost=$0.0820
  [ 330/500] lints_warmstart100_seed42           | ✓ | acc=86.1% | cost=$0.0820
  [ 331/500] lints_warmstart100_seed42           | ✓ | acc=86.1% | cost=$0.0820
  [ 332/500] lints_warmstart100_seed42           | ✓ | acc=86.1% | cost=$0.0820
  [ 333/500] lints_warmstart100_seed42           | ✓ | acc=86.2% | cost=$0.0820
  [ 334/500] lints_warmstart100_seed42           | ✓ | acc=86.2% | cost=$0.0823
  [ 335/500] lints_warmstart100_seed42           | ✓ | acc=86.3% | cost=$0.0825
  [ 336/500] lints_warmstart100_seed42           | ✗ | acc=86.0% | cost=$0.0825
  [ 337/500] lints_warmstart100_seed42           | ✓ | acc=86.1% | cost=$0.0825
  [ 338/500] lints_warmstart100_seed42           | ✓ | acc=86.1% | cost=$0.0826
  [ 339/500] lints_warmstart100_seed42           | ✓ | acc=86.1% | cost=$0.0826
  [ 340/500] lints_warmstart100_seed42           | ✓ | acc=86.2% | cost=$0.0826
  [ 341/500] lints_warmstart100_seed42           | ✗ | acc=85.9% | cost=$0.0828
  [ 342/500] lints_warmstart100_seed42           | ✓ | acc=86.0% | cost=$0.0831
  [ 343/500] lints_warmstart100_seed42           | ✓ | acc=86.0% | cost=$0.0831
  [ 344/500] lints_warmstart100_seed42           | ✓ | acc=86.0% | cost=$0.0834
  [ 345/500] lints_warmstart100_seed42           | ✗ | acc=85.8% | cost=$0.0835
  [ 346/500] lints_warmstart100_seed42           | ✓ | acc=85.8% | cost=$0.0837
  [ 347/500] lints_warmstart100_seed42           | ✓ | acc=85.9% | cost=$0.0840
  [ 348/500] lints_warmstart100_seed42           | ✓ | acc=85.9% | cost=$0.0840
  [ 349/500] lints_warmstart100_seed42           | ✓ | acc=86.0% | cost=$0.0843
  [ 350/500] lints_warmstart100_seed42           | ✓ | acc=86.0% | cost=$0.0843
  [ 351/500] lints_warmstart100_seed42           | ✓ | acc=86.0% | cost=$0.0843
  [ 352/500] lints_warmstart100_seed42           | ✓ | acc=86.1% | cost=$0.0843
  [ 353/500] lints_warmstart100_seed42           | ✓ | acc=86.1% | cost=$0.0843
  [ 354/500] lints_warmstart100_seed42           | ✓ | acc=86.2% | cost=$0.0843
  [ 355/500] lints_warmstart100_seed42           | ✓ | acc=86.2% | cost=$0.0843
  [ 356/500] lints_warmstart100_seed42           | ✓ | acc=86.2% | cost=$0.0846
  [ 357/500] lints_warmstart100_seed42           | ✓ | acc=86.3% | cost=$0.0848
  [ 358/500] lints_warmstart100_seed42           | ✓ | acc=86.3% | cost=$0.0848
  [ 359/500] lints_warmstart100_seed42           | ✓ | acc=86.4% | cost=$0.0852
  [ 360/500] lints_warmstart100_seed42           | ✓ | acc=86.4% | cost=$0.0856
  [ 361/500] lints_warmstart100_seed42           | ✓ | acc=86.4% | cost=$0.0856
  [ 362/500] lints_warmstart100_seed42           | ✓ | acc=86.5% | cost=$0.0858
  [ 363/500] lints_warmstart100_seed42           | ✓ | acc=86.5% | cost=$0.0858
  [ 364/500] lints_warmstart100_seed42           | ✓ | acc=86.5% | cost=$0.0858
  [ 365/500] lints_warmstart100_seed42           | ✓ | acc=86.6% | cost=$0.0859
  [ 366/500] lints_warmstart100_seed42           | ✓ | acc=86.6% | cost=$0.0861
  [ 367/500] lints_warmstart100_seed42           | ✓ | acc=86.6% | cost=$0.0861
  [ 368/500] lints_warmstart100_seed42           | ✓ | acc=86.7% | cost=$0.0864
  [ 369/500] lints_warmstart100_seed42           | ✓ | acc=86.7% | cost=$0.0867
  [ 370/500] lints_warmstart100_seed42           | ✓ | acc=86.8% | cost=$0.0867
  [ 371/500] lints_warmstart100_seed42           | ✓ | acc=86.8% | cost=$0.0867
  [ 372/500] lints_warmstart100_seed42           | ✓ | acc=86.8% | cost=$0.0870
  [ 373/500] lints_warmstart100_seed42           | ✓ | acc=86.9% | cost=$0.0870
  [ 374/500] lints_warmstart100_seed42           | ✓ | acc=86.9% | cost=$0.0871
  [ 375/500] lints_warmstart100_seed42           | ✓ | acc=86.9% | cost=$0.0871
  [ 376/500] lints_warmstart100_seed42           | ✓ | acc=87.0% | cost=$0.0871
  [ 377/500] lints_warmstart100_seed42           | ✓ | acc=87.0% | cost=$0.0871
  [ 378/500] lints_warmstart100_seed42           | ✓ | acc=87.0% | cost=$0.0871
  [ 379/500] lints_warmstart100_seed42           | ✓ | acc=87.1% | cost=$0.0871
  [ 380/500] lints_warmstart100_seed42           | ✓ | acc=87.1% | cost=$0.0872
  [ 381/500] lints_warmstart100_seed42           | ✓ | acc=87.1% | cost=$0.0877
  [ 382/500] lints_warmstart100_seed42           | ✓ | acc=87.2% | cost=$0.0877
  [ 383/500] lints_warmstart100_seed42           | ✗ | acc=86.9% | cost=$0.0877
  [ 384/500] lints_warmstart100_seed42           | ✓ | acc=87.0% | cost=$0.0880
  [ 385/500] lints_warmstart100_seed42           | ✓ | acc=87.0% | cost=$0.0881
  [ 386/500] lints_warmstart100_seed42           | ✓ | acc=87.0% | cost=$0.0883
  [ 387/500] lints_warmstart100_seed42           | ✓ | acc=87.1% | cost=$0.0886
  [ 388/500] lints_warmstart100_seed42           | ✓ | acc=87.1% | cost=$0.0887
  [ 389/500] lints_warmstart100_seed42           | ✓ | acc=87.1% | cost=$0.0887
  [ 390/500] lints_warmstart100_seed42           | ✓ | acc=87.2% | cost=$0.0887
  [ 391/500] lints_warmstart100_seed42           | ✓ | acc=87.2% | cost=$0.0887
  [ 392/500] lints_warmstart100_seed42           | ✓ | acc=87.2% | cost=$0.0890
  [ 393/500] lints_warmstart100_seed42           | ✓ | acc=87.3% | cost=$0.0892
  [ 394/500] lints_warmstart100_seed42           | ✗ | acc=87.1% | cost=$0.0892
  [ 395/500] lints_warmstart100_seed42           | ✓ | acc=87.1% | cost=$0.0895
  [ 396/500] lints_warmstart100_seed42           | ✗ | acc=86.9% | cost=$0.0895
  [ 397/500] lints_warmstart100_seed42           | ✓ | acc=86.9% | cost=$0.0898
  [ 398/500] lints_warmstart100_seed42           | ✓ | acc=86.9% | cost=$0.0898
  [ 399/500] lints_warmstart100_seed42           | ✓ | acc=87.0% | cost=$0.0898
  [ 400/500] lints_warmstart100_seed42           | ✗ | acc=86.8% | cost=$0.0899
  [ 401/500] lints_warmstart100_seed42           | ✗ | acc=86.5% | cost=$0.0899
  [ 402/500] lints_warmstart100_seed42           | ✓ | acc=86.6% | cost=$0.0899
  [ 403/500] lints_warmstart100_seed42           | ✓ | acc=86.6% | cost=$0.0899
  [ 404/500] lints_warmstart100_seed42           | ✓ | acc=86.6% | cost=$0.0902
  [ 405/500] lints_warmstart100_seed42           | ✓ | acc=86.7% | cost=$0.0902
  [ 406/500] lints_warmstart100_seed42           | ✓ | acc=86.7% | cost=$0.0906
  [ 407/500] lints_warmstart100_seed42           | ✓ | acc=86.7% | cost=$0.0906
  [ 408/500] lints_warmstart100_seed42           | ✓ | acc=86.8% | cost=$0.0911
  [ 409/500] lints_warmstart100_seed42           | ✓ | acc=86.8% | cost=$0.0915
  [ 410/500] lints_warmstart100_seed42           | ✓ | acc=86.8% | cost=$0.0919
  [ 411/500] lints_warmstart100_seed42           | ✓ | acc=86.9% | cost=$0.0919
  [ 412/500] lints_warmstart100_seed42           | ✓ | acc=86.9% | cost=$0.0922
  [ 413/500] lints_warmstart100_seed42           | ✗ | acc=86.7% | cost=$0.0922
  [ 414/500] lints_warmstart100_seed42           | ✗ | acc=86.5% | cost=$0.0922
  [ 415/500] lints_warmstart100_seed42           | ✓ | acc=86.5% | cost=$0.0926
  [ 416/500] lints_warmstart100_seed42           | ✓ | acc=86.5% | cost=$0.0926
  [ 417/500] lints_warmstart100_seed42           | ✗ | acc=86.3% | cost=$0.0930
  [ 418/500] lints_warmstart100_seed42           | ✓ | acc=86.4% | cost=$0.0930
  [ 419/500] lints_warmstart100_seed42           | ✗ | acc=86.2% | cost=$0.0930
  [ 420/500] lints_warmstart100_seed42           | ✓ | acc=86.2% | cost=$0.0930
  [ 421/500] lints_warmstart100_seed42           | ✓ | acc=86.2% | cost=$0.0933
  [ 422/500] lints_warmstart100_seed42           | ✓ | acc=86.3% | cost=$0.0936
  [ 423/500] lints_warmstart100_seed42           | ✗ | acc=86.1% | cost=$0.0940
  [ 424/500] lints_warmstart100_seed42           | ✓ | acc=86.1% | cost=$0.0943
  [ 425/500] lints_warmstart100_seed42           | ✓ | acc=86.1% | cost=$0.0946
  [ 426/500] lints_warmstart100_seed42           | ✓ | acc=86.2% | cost=$0.0947
  [ 427/500] lints_warmstart100_seed42           | ✓ | acc=86.2% | cost=$0.0947
  [ 428/500] lints_warmstart100_seed42           | ✓ | acc=86.2% | cost=$0.0947
  [ 429/500] lints_warmstart100_seed42           | ✓ | acc=86.2% | cost=$0.0947
  [ 430/500] lints_warmstart100_seed42           | ✓ | acc=86.3% | cost=$0.0947
  [ 431/500] lints_warmstart100_seed42           | ✓ | acc=86.3% | cost=$0.0950
  [ 432/500] lints_warmstart100_seed42           | ✓ | acc=86.3% | cost=$0.0952
  [ 433/500] lints_warmstart100_seed42           | ✓ | acc=86.4% | cost=$0.0953
  [ 434/500] lints_warmstart100_seed42           | ✓ | acc=86.4% | cost=$0.0955
  [ 435/500] lints_warmstart100_seed42           | ✓ | acc=86.4% | cost=$0.0959
  [ 436/500] lints_warmstart100_seed42           | ✓ | acc=86.5% | cost=$0.0961
  [ 437/500] lints_warmstart100_seed42           | ✗ | acc=86.3% | cost=$0.0966
  [ 438/500] lints_warmstart100_seed42           | ✓ | acc=86.3% | cost=$0.0969
  [ 439/500] lints_warmstart100_seed42           | ✓ | acc=86.3% | cost=$0.0973
  [ 440/500] lints_warmstart100_seed42           | ✓ | acc=86.4% | cost=$0.0973
  [ 441/500] lints_warmstart100_seed42           | ✓ | acc=86.4% | cost=$0.0974
  [ 442/500] lints_warmstart100_seed42           | ✓ | acc=86.4% | cost=$0.0974
  [ 443/500] lints_warmstart100_seed42           | ✓ | acc=86.5% | cost=$0.0974
  [ 444/500] lints_warmstart100_seed42           | ✗ | acc=86.3% | cost=$0.0977
  [ 445/500] lints_warmstart100_seed42           | ✓ | acc=86.3% | cost=$0.0977
  [ 446/500] lints_warmstart100_seed42           | ✓ | acc=86.3% | cost=$0.0980
  [ 447/500] lints_warmstart100_seed42           | ✓ | acc=86.4% | cost=$0.0983
  [ 448/500] lints_warmstart100_seed42           | ✓ | acc=86.4% | cost=$0.0983
  [ 449/500] lints_warmstart100_seed42           | ✗ | acc=86.2% | cost=$0.0983
  [ 450/500] lints_warmstart100_seed42           | ✗ | acc=86.0% | cost=$0.0984
  [ 451/500] lints_warmstart100_seed42           | ✓ | acc=86.0% | cost=$0.0984
  [ 452/500] lints_warmstart100_seed42           | ✓ | acc=86.1% | cost=$0.0984
  [ 453/500] lints_warmstart100_seed42           | ✓ | acc=86.1% | cost=$0.0984
  [ 454/500] lints_warmstart100_seed42           | ✓ | acc=86.1% | cost=$0.0987
  [ 455/500] lints_warmstart100_seed42           | ✓ | acc=86.2% | cost=$0.0989
  [ 456/500] lints_warmstart100_seed42           | ✓ | acc=86.2% | cost=$0.0992
  [ 457/500] lints_warmstart100_seed42           | ✓ | acc=86.2% | cost=$0.0992
  [ 458/500] lints_warmstart100_seed42           | ✓ | acc=86.2% | cost=$0.0996
  [ 459/500] lints_warmstart100_seed42           | ✓ | acc=86.3% | cost=$0.0996
  [ 460/500] lints_warmstart100_seed42           | ✓ | acc=86.3% | cost=$0.0999
  [ 461/500] lints_warmstart100_seed42           | ✓ | acc=86.3% | cost=$0.0999
  [ 462/500] lints_warmstart100_seed42           | ✓ | acc=86.4% | cost=$0.1002
  [ 463/500] lints_warmstart100_seed42           | ✗ | acc=86.2% | cost=$0.1002
  [ 464/500] lints_warmstart100_seed42           | ✓ | acc=86.2% | cost=$0.1003
  [ 465/500] lints_warmstart100_seed42           | ✓ | acc=86.2% | cost=$0.1005
  [ 466/500] lints_warmstart100_seed42           | ✓ | acc=86.3% | cost=$0.1005
  [ 467/500] lints_warmstart100_seed42           | ✓ | acc=86.3% | cost=$0.1008
  [ 468/500] lints_warmstart100_seed42           | ✓ | acc=86.3% | cost=$0.1010
  [ 469/500] lints_warmstart100_seed42           | ✓ | acc=86.4% | cost=$0.1013
  [ 470/500] lints_warmstart100_seed42           | ✓ | acc=86.4% | cost=$0.1013
  [ 471/500] lints_warmstart100_seed42           | ✓ | acc=86.4% | cost=$0.1016
  [ 472/500] lints_warmstart100_seed42           | ✓ | acc=86.4% | cost=$0.1018
  [ 473/500] lints_warmstart100_seed42           | ✓ | acc=86.5% | cost=$0.1018
  [ 474/500] lints_warmstart100_seed42           | ✓ | acc=86.5% | cost=$0.1019
  [ 475/500] lints_warmstart100_seed42           | ✓ | acc=86.5% | cost=$0.1021
  [ 476/500] lints_warmstart100_seed42           | ✓ | acc=86.6% | cost=$0.1021
  [ 477/500] lints_warmstart100_seed42           | ✓ | acc=86.6% | cost=$0.1021
  [ 478/500] lints_warmstart100_seed42           | ✓ | acc=86.6% | cost=$0.1022
  [ 479/500] lints_warmstart100_seed42           | ✓ | acc=86.6% | cost=$0.1024
  [ 480/500] lints_warmstart100_seed42           | ✗ | acc=86.5% | cost=$0.1024
  [ 481/500] lints_warmstart100_seed42           | ✓ | acc=86.5% | cost=$0.1025
  [ 482/500] lints_warmstart100_seed42           | ✓ | acc=86.5% | cost=$0.1027
  [ 483/500] lints_warmstart100_seed42           | ✓ | acc=86.5% | cost=$0.1030
  [ 484/500] lints_warmstart100_seed42           | ✓ | acc=86.6% | cost=$0.1032
  [ 485/500] lints_warmstart100_seed42           | ✓ | acc=86.6% | cost=$0.1033
  [ 486/500] lints_warmstart100_seed42           | ✗ | acc=86.4% | cost=$0.1033
  [ 487/500] lints_warmstart100_seed42           | ✓ | acc=86.4% | cost=$0.1035
  [ 488/500] lints_warmstart100_seed42           | ✓ | acc=86.5% | cost=$0.1038
  [ 489/500] lints_warmstart100_seed42           | ✓ | acc=86.5% | cost=$0.1041
  [ 490/500] lints_warmstart100_seed42           | ✓ | acc=86.5% | cost=$0.1041
  [ 491/500] lints_warmstart100_seed42           | ✓ | acc=86.6% | cost=$0.1044
  [ 492/500] lints_warmstart100_seed42           | ✓ | acc=86.6% | cost=$0.1047
  [ 493/500] lints_warmstart100_seed42           | ✓ | acc=86.6% | cost=$0.1050
  [ 494/500] lints_warmstart100_seed42           | ✓ | acc=86.6% | cost=$0.1053
  [ 495/500] lints_warmstart100_seed42           | ✓ | acc=86.7% | cost=$0.1054
  [ 496/500] lints_warmstart100_seed42           | ✓ | acc=86.7% | cost=$0.1054
  [ 497/500] lints_warmstart100_seed42           | ✗ | acc=86.5% | cost=$0.1054
  [ 498/500] lints_warmstart100_seed42           | ✓ | acc=86.5% | cost=$0.1054
  [ 499/500] lints_warmstart100_seed42           | ✓ | acc=86.6% | cost=$0.1054
  [ 500/500] lints_warmstart100_seed42           | ✓ | acc=86.6% | cost=$0.1057
  DONE: n=500, acc=86.6%, cost=$0.1057

--- LinTS warm-start=500 labels ---

=== lints_warmstart500_seed42 (tag=warmstart500_ablation, 100 queries) ===
  [   1/100] lints_warmstart500_seed42           | ✗ | acc=0.0% | cost=$0.0003
  [   2/100] lints_warmstart500_seed42           | ✓ | acc=50.0% | cost=$0.0006
  [   3/100] lints_warmstart500_seed42           | ✓ | acc=66.7% | cost=$0.0009
  [   4/100] lints_warmstart500_seed42           | ✓ | acc=75.0% | cost=$0.0009
  [   5/100] lints_warmstart500_seed42           | ✓ | acc=80.0% | cost=$0.0009
  [   6/100] lints_warmstart500_seed42           | ✓ | acc=83.3% | cost=$0.0013
  [   7/100] lints_warmstart500_seed42           | ✓ | acc=85.7% | cost=$0.0016
  [   8/100] lints_warmstart500_seed42           | ✓ | acc=87.5% | cost=$0.0020
  [   9/100] lints_warmstart500_seed42           | ✗ | acc=77.8% | cost=$0.0025
  [  10/100] lints_warmstart500_seed42           | ✓ | acc=80.0% | cost=$0.0028
  [  11/100] lints_warmstart500_seed42           | ✓ | acc=81.8% | cost=$0.0031
  [  12/100] lints_warmstart500_seed42           | ✓ | acc=83.3% | cost=$0.0033
  [  13/100] lints_warmstart500_seed42           | ✓ | acc=84.6% | cost=$0.0038
  [  14/100] lints_warmstart500_seed42           | ✗ | acc=78.6% | cost=$0.0038
  [  15/100] lints_warmstart500_seed42           | ✓ | acc=80.0% | cost=$0.0042
  [  16/100] lints_warmstart500_seed42           | ✓ | acc=81.2% | cost=$0.0044
  [  17/100] lints_warmstart500_seed42           | ✓ | acc=82.4% | cost=$0.0044
  [  18/100] lints_warmstart500_seed42           | ✓ | acc=83.3% | cost=$0.0047
  [  19/100] lints_warmstart500_seed42           | ✗ | acc=78.9% | cost=$0.0050
  [  20/100] lints_warmstart500_seed42           | ✓ | acc=80.0% | cost=$0.0052
  [  21/100] lints_warmstart500_seed42           | ✓ | acc=81.0% | cost=$0.0052
  [  22/100] lints_warmstart500_seed42           | ✓ | acc=81.8% | cost=$0.0052
  [  23/100] lints_warmstart500_seed42           | ✗ | acc=78.3% | cost=$0.0052
  [  24/100] lints_warmstart500_seed42           | ✓ | acc=79.2% | cost=$0.0055
  [  25/100] lints_warmstart500_seed42           | ✓ | acc=80.0% | cost=$0.0058
  [  26/100] lints_warmstart500_seed42           | ✓ | acc=80.8% | cost=$0.0062
  [  27/100] lints_warmstart500_seed42           | ✓ | acc=81.5% | cost=$0.0065
  [  28/100] lints_warmstart500_seed42           | ✓ | acc=82.1% | cost=$0.0068
  [  29/100] lints_warmstart500_seed42           | ✓ | acc=82.8% | cost=$0.0070
  [  30/100] lints_warmstart500_seed42           | ✓ | acc=83.3% | cost=$0.0073
  [  31/100] lints_warmstart500_seed42           | ✓ | acc=83.9% | cost=$0.0076
  [  32/100] lints_warmstart500_seed42           | ✓ | acc=84.4% | cost=$0.0078
  [  33/100] lints_warmstart500_seed42           | ✓ | acc=84.8% | cost=$0.0082
  [  34/100] lints_warmstart500_seed42           | ✓ | acc=85.3% | cost=$0.0085
  [  35/100] lints_warmstart500_seed42           | ✓ | acc=85.7% | cost=$0.0088
  [  36/100] lints_warmstart500_seed42           | ✗ | acc=83.3% | cost=$0.0088
  [  37/100] lints_warmstart500_seed42           | ✗ | acc=81.1% | cost=$0.0093
  [  38/100] lints_warmstart500_seed42           | ✓ | acc=81.6% | cost=$0.0096
  [  39/100] lints_warmstart500_seed42           | ✓ | acc=82.1% | cost=$0.0100
  [  40/100] lints_warmstart500_seed42           | ✓ | acc=82.5% | cost=$0.0102
  [  41/100] lints_warmstart500_seed42           | ✓ | acc=82.9% | cost=$0.0104
  [  42/100] lints_warmstart500_seed42           | ✓ | acc=83.3% | cost=$0.0107
  [  43/100] lints_warmstart500_seed42           | ✓ | acc=83.7% | cost=$0.0110
  [  44/100] lints_warmstart500_seed42           | ✗ | acc=81.8% | cost=$0.0113
  [  45/100] lints_warmstart500_seed42           | ✓ | acc=82.2% | cost=$0.0115
  [  46/100] lints_warmstart500_seed42           | ✓ | acc=82.6% | cost=$0.0118
  [  47/100] lints_warmstart500_seed42           | ✓ | acc=83.0% | cost=$0.0121
  [  48/100] lints_warmstart500_seed42           | ✓ | acc=83.3% | cost=$0.0125
  [  49/100] lints_warmstart500_seed42           | ✗ | acc=81.6% | cost=$0.0127
  [  50/100] lints_warmstart500_seed42           | ✗ | acc=80.0% | cost=$0.0132
  [  51/100] lints_warmstart500_seed42           | ✓ | acc=80.4% | cost=$0.0135
  [  52/100] lints_warmstart500_seed42           | ✗ | acc=78.8% | cost=$0.0138
  [  53/100] lints_warmstart500_seed42           | ✓ | acc=79.2% | cost=$0.0141
  [  54/100] lints_warmstart500_seed42           | ✓ | acc=79.6% | cost=$0.0144
  [  55/100] lints_warmstart500_seed42           | ✓ | acc=80.0% | cost=$0.0146
  [  56/100] lints_warmstart500_seed42           | ✓ | acc=80.4% | cost=$0.0146
  [  57/100] lints_warmstart500_seed42           | ✓ | acc=80.7% | cost=$0.0150
  [  58/100] lints_warmstart500_seed42           | ✓ | acc=81.0% | cost=$0.0153
  [  59/100] lints_warmstart500_seed42           | ✓ | acc=81.4% | cost=$0.0154
  [  60/100] lints_warmstart500_seed42           | ✓ | acc=81.7% | cost=$0.0156
  [  61/100] lints_warmstart500_seed42           | ✓ | acc=82.0% | cost=$0.0156
  [  62/100] lints_warmstart500_seed42           | ✗ | acc=80.6% | cost=$0.0157
  [  63/100] lints_warmstart500_seed42           | ✗ | acc=79.4% | cost=$0.0160
  [  64/100] lints_warmstart500_seed42           | ✓ | acc=79.7% | cost=$0.0160
  [  65/100] lints_warmstart500_seed42           | ✓ | acc=80.0% | cost=$0.0162
  [  66/100] lints_warmstart500_seed42           | ✓ | acc=80.3% | cost=$0.0165
  [  67/100] lints_warmstart500_seed42           | ✓ | acc=80.6% | cost=$0.0168
  [  68/100] lints_warmstart500_seed42           | ✓ | acc=80.9% | cost=$0.0168
  [  69/100] lints_warmstart500_seed42           | ✓ | acc=81.2% | cost=$0.0170
  [  70/100] lints_warmstart500_seed42           | ✓ | acc=81.4% | cost=$0.0173
  [  71/100] lints_warmstart500_seed42           | ✓ | acc=81.7% | cost=$0.0176
  [  72/100] lints_warmstart500_seed42           | ✓ | acc=81.9% | cost=$0.0179
  [  73/100] lints_warmstart500_seed42           | ✓ | acc=82.2% | cost=$0.0181
  [  74/100] lints_warmstart500_seed42           | ✓ | acc=82.4% | cost=$0.0185
  [  75/100] lints_warmstart500_seed42           | ✓ | acc=82.7% | cost=$0.0188
  [  76/100] lints_warmstart500_seed42           | ✓ | acc=82.9% | cost=$0.0191
  [  77/100] lints_warmstart500_seed42           | ✓ | acc=83.1% | cost=$0.0191
  [  78/100] lints_warmstart500_seed42           | ✓ | acc=83.3% | cost=$0.0194
  [  79/100] lints_warmstart500_seed42           | ✓ | acc=83.5% | cost=$0.0197
  [  80/100] lints_warmstart500_seed42           | ✓ | acc=83.8% | cost=$0.0199
  [  81/100] lints_warmstart500_seed42           | ✓ | acc=84.0% | cost=$0.0203
  [  82/100] lints_warmstart500_seed42           | ✓ | acc=84.1% | cost=$0.0205
  [  83/100] lints_warmstart500_seed42           | ✓ | acc=84.3% | cost=$0.0206
  [  84/100] lints_warmstart500_seed42           | ✓ | acc=84.5% | cost=$0.0208
  [  85/100] lints_warmstart500_seed42           | ✓ | acc=84.7% | cost=$0.0211
  [  86/100] lints_warmstart500_seed42           | ✗ | acc=83.7% | cost=$0.0214
  [  87/100] lints_warmstart500_seed42           | ✓ | acc=83.9% | cost=$0.0217
  [  88/100] lints_warmstart500_seed42           | ✓ | acc=84.1% | cost=$0.0217
  [  89/100] lints_warmstart500_seed42           | ✓ | acc=84.3% | cost=$0.0219
  [  90/100] lints_warmstart500_seed42           | ✓ | acc=84.4% | cost=$0.0222
  [  91/100] lints_warmstart500_seed42           | ✓ | acc=84.6% | cost=$0.0226
  [  92/100] lints_warmstart500_seed42           | ✓ | acc=84.8% | cost=$0.0228
  [  93/100] lints_warmstart500_seed42           | ✓ | acc=84.9% | cost=$0.0231
  [  94/100] lints_warmstart500_seed42           | ✓ | acc=85.1% | cost=$0.0232
  [  95/100] lints_warmstart500_seed42           | ✓ | acc=85.3% | cost=$0.0232
  [  96/100] lints_warmstart500_seed42           | ✓ | acc=85.4% | cost=$0.0236
  [  97/100] lints_warmstart500_seed42           | ✗ | acc=84.5% | cost=$0.0236
  [  98/100] lints_warmstart500_seed42           | ✓ | acc=84.7% | cost=$0.0239
  [  99/100] lints_warmstart500_seed42           | ✗ | acc=83.8% | cost=$0.0243
  [ 100/100] lints_warmstart500_seed42           | ✓ | acc=84.0% | cost=$0.0246
  DONE: n=100, acc=84.0%, cost=$0.0246

All ablations complete. Run `python3 -m benchmark.resume` for status.
[11:53:02] Ablations complete.
[11:53:02] Done. Log saved to benchmark/logs/run_ablations_20260410_013146.log
